2026-08-01 14:58:26,970 | WARNING | PUSH2 used: __main__.fake_push2_call
2026-08-01 15:07:48,828 | WARNING | PUSH2 used: stock_common.sc_datasource.get_em_belong_boards
2026-08-01 15:07:49,283 | WARNING | PUSH2 used: stock_common.sc_datasource.get_em_belong_boards
2026-08-01 15:07:49,316 | WARNING | PUSH2 used: stock_common.sc_datasource.get_em_belong_boards
2026-08-01 15:07:49,347 | WARNING | PUSH2 used: stock_common.sc_datasource.get_em_belong_boards
2026-08-01 15:07:49,862 | WARNING | PUSH2 used: stock_common.sc_datasource.get_em_quote_full
2026-08-01 15:07:50,862 | WARNING | PUSH2 used: stock_common.sc_datasource.get_em_fund_flow
2026-08-01 15:07:51,858 | WARNING | PUSH2 used: stock_common.sc_datasource.get_em_belong_boards
2026-08-01 15:07:52,860 | WARNING | PUSH2 used: stock_common.sc_datasource.get_em_belong_boards
2026-08-01 15:16:05,960 | WARNING | PUSH2 used: stock_common.sc_datasource.get_em_belong_boards
2026-08-01 15:16:06,359 | WARNING | PUSH2 used: stock_common.sc_datasource.get_em_belong_boards
2026-08-01 15:16:06,768 | WARNING | PUSH2 used: stock_common.sc_datasource.get_em_belong_boards
2026-08-01 15:16:07,172 | WARNING | PUSH2 used: stock_common.sc_datasource.get_em_belong_boards
2026-08-01 15:16:07,585 | WARNING | PUSH2 used: stock_common.sc_datasource.get_em_quote_full
2026-08-01 15:16:08,365 | WARNING | PUSH2 used: stock_common.sc_datasource.get_em_fund_flow
2026-08-01 15:16:09,381 | WARNING | PUSH2 used: stock_common.sc_datasource.get_em_belong_boards
2026-08-01 15:16:10,338 | WARNING | PUSH2 used: stock_common.sc_datasource.get_em_belong_boards
2026-08-01 15:29:26,812 | WARNING | PUSH2 used: stock_common.sc_datasource.get_em_belong_boards
2026-08-01 15:29:27,236 | WARNING | PUSH2 used: stock_common.sc_datasource.get_em_belong_boards
2026-08-01 15:29:27,638 | WARNING | PUSH2 used: stock_common.sc_datasource.get_em_belong_boards
2026-08-01 15:29:28,086 | WARNING | PUSH2 used: stock_common.sc_datasource.get_em_belong_boards
2026-08-01 15:29:28,552 | WARNING | PUSH2 used: stock_common.sc_datasource.get_em_quote_full
2026-08-01 15:29:29,499 | WARNING | PUSH2 used: stock_common.sc_datasource.get_em_fund_flow
2026-08-01 15:29:30,263 | WARNING | PUSH2 used: stock_common.sc_datasource.get_em_belong_boards
2026-08-01 15:29:31,221 | WARNING | PUSH2 used: stock_common.sc_datasource.get_em_belong_boards
2026-08-01 15:33:56,957 | WARNING | PUSH2 used: stock_common.sc_datasource.get_em_board_list
2026-08-01 15:33:58,416 | WARNING | PUSH2 used: stock_common.sc_datasource._get_eastmoney_industry_sectors
2026-08-01 15:34:33,141 | WARNING | PUSH2 used: stock_common.sc_datasource.get_em_belong_boards
2026-08-01 15:34:33,542 | WARNING | PUSH2 used: stock_common.sc_datasource.get_em_belong_boards
2026-08-01 15:34:33,968 | WARNING | PUSH2 used: stock_common.sc_datasource.eastmoney_stock_info_push2
2026-08-01 15:34:34,354 | WARNING | PUSH2 used: stock_common.sc_datasource.get_em_belong_boards
2026-08-01 15:34:34,801 | WARNING | PUSH2 used: stock_common.sc_datasource.get_em_history_fund_flow
2026-08-01 15:34:36,064 | WARNING | PUSH2 used: stock_common.sc_datasource.get_em_fund_flow
2026-08-01 15:34:39,062 | WARNING | PUSH2 used: stock_common.sc_datasource.get_em_belong_boards
2026-08-01 15:34:39,983 | WARNING | PUSH2 used: stock_common.sc_datasource.get_em_belong_boards
2026-08-01 15:35:20,326 | WARNING | PUSH2 used: stock_common.sc_datasource.get_em_belong_boards
2026-08-01 15:35:53,377 | WARNING | PUSH2 used: stock_common.sc_datasource.get_em_belong_boards
2026-08-01 15:36:13,266 | WARNING | PUSH2 used: stock_common.sc_datasource.get_em_belong_boards
2026-08-01 15:38:43,490 | WARNING | PUSH2 used: stock_common.sc_datasource.get_em_board_members
2026-08-01 15:38:44,925 | WARNING | PUSH2 used: stock_common.sc_datasource.get_em_board_list
2026-08-01 15:41:15,710 | WARNING | PUSH2 used: stock_common.sc_datasource.eastmoney_stock_info_push2
2026-08-01 15:41:16,316 | WARNING | PUSH2 used: stock_common.sc_datasource.get_em_history_fund_flow
2026-08-01 15:41:17,136 | WARNING | PUSH2 used: stock_common.sc_datasource.get_em_fund_flow
2026-08-01 15:46:26,252 | WARNING | PUSH2 used: stock_common.sc_datasource.eastmoney_stock_info_push2
2026-08-01 15:46:26,747 | WARNING | PUSH2 used: stock_common.sc_datasource.get_em_history_fund_flow
2026-08-01 15:46:27,563 | WARNING | PUSH2 used: stock_common.sc_datasource.get_em_fund_flow
2026-08-01 15:47:10,413 | WARNING | PUSH2 used: stock_common.sc_datasource.eastmoney_stock_info_push2
2026-08-01 15:47:14,682 | WARNING | PUSH2 used: stock_common.sc_datasource.get_em_history_fund_flow
2026-08-01 15:48:02,602 | WARNING | PUSH2 used: stock_common.sc_datasource.get_em_board_list
2026-08-01 15:50:58,830 | WARNING | PUSH2 used: stock_common.sc_datasource.get_em_fund_flow
2026-08-01 15:50:59,245 | WARNING | PUSH2 used: stock_common.sc_datasource.get_em_history_fund_flow
2026-08-01 15:54:13,979 | WARNING | PUSH2 used: stock_common.sc_datasource.eastmoney_stock_info_push2
2026-08-01 15:55:00,733 | WARNING | PUSH2 used: stock_common.sc_datasource.eastmoney_stock_info_push2
2026-08-01 15:56:31,944 | WARNING | PUSH2 used: stock_common.sc_datasource.get_em_history_fund_flow
2026-08-01 15:56:32,852 | WARNING | PUSH2 used: stock_common.sc_datasource.get_em_fund_flow
2026-08-01 15:57:19,442 | WARNING | PUSH2 used: stock_common.sc_datasource.get_em_history_fund_flow
2026-08-01 15:57:26,384 | WARNING | PUSH2 used: stock_common.sc_datasource.get_em_board_list
2026-08-01 15:58:49,452 | WARNING | PUSH2 used: stock_common.sc_datasource.get_em_fund_flow
2026-08-01 15:58:50,032 | WARNING | PUSH2 used: stock_common.sc_datasource.get_em_history_fund_flow
2026-08-01 16:01:01,853 | WARNING | PUSH2 used: stock_common.sc_datasource.get_em_quote_full
2026-08-01 16:01:02,395 | WARNING | PUSH2 used: stock_common.sc_datasource.get_em_fund_flow
2026-08-01 16:08:21,994 | WARNING | PUSH2 used: stock_common.sc_datasource.get_em_board_list
2026-08-01 16:10:29,056 | WARNING | PUSH2 used: stock_common.sc_datasource.get_em_quote_full
2026-08-01 16:10:29,450 | WARNING | PUSH2 used: stock_common.sc_datasource.get_em_quote_full
2026-08-01 16:10:29,800 | WARNING | PUSH2 used: stock_common.sc_datasource.get_em_quote_full
2026-08-01 16:10:30,153 | WARNING | PUSH2 used: stock_common.sc_datasource.get_em_quote_full
2026-08-01 16:10:30,493 | WARNING | PUSH2 used: stock_common.sc_datasource.get_em_quote_full
2026-08-01 16:10:31,409 | WARNING | PUSH2 used: stock_common.sc_datasource.get_em_quote_full
2026-08-01 16:10:32,397 | WARNING | PUSH2 used: stock_common.sc_datasource.get_em_quote_full
2026-08-01 16:10:33,405 | WARNING | PUSH2 used: stock_common.sc_datasource.get_em_quote_full
2026-08-01 16:10:34,442 | WARNING | PUSH2 used: stock_common.sc_datasource.get_em_quote_full
2026-08-01 16:10:35,422 | WARNING | PUSH2 used: stock_common.sc_datasource.get_em_quote_full
2026-08-01 16:10:36,409 | WARNING | PUSH2 used: stock_common.sc_datasource.get_em_quote_full
2026-08-01 16:10:37,412 | WARNING | PUSH2 used: stock_common.sc_datasource.get_em_quote_full
2026-08-01 16:10:38,397 | WARNING | PUSH2 used: stock_common.sc_datasource.get_em_quote_full
2026-08-01 16:10:39,448 | WARNING | PUSH2 used: stock_common.sc_datasource.get_em_quote_full
2026-08-01 16:10:40,404 | WARNING | PUSH2 used: stock_common.sc_datasource.get_em_quote_full
2026-08-01 16:10:41,408 | WARNING | PUSH2 used: stock_common.sc_datasource.get_em_quote_full
2026-08-01 16:10:42,409 | WARNING | PUSH2 used: stock_common.sc_datasource.get_em_quote_full
2026-08-01 16:10:43,442 | WARNING | PUSH2 used: stock_common.sc_datasource.get_em_quote_full
2026-08-01 16:10:44,418 | WARNING | PUSH2 used: stock_common.sc_datasource.get_em_quote_full
2026-08-01 16:10:45,454 | WARNING | PUSH2 used: stock_common.sc_datasource.get_em_quote_full
2026-08-01 16:10:46,398 | WARNING | PUSH2 used: stock_common.sc_datasource.get_em_quote_full
2026-08-01 16:10:47,417 | WARNING | PUSH2 used: stock_common.sc_datasource.get_em_quote_full
2026-08-01 16:10:48,407 | WARNING | PUSH2 used: stock_common.sc_datasource.get_em_quote_full
2026-08-01 16:10:49,409 | WARNING | PUSH2 used: stock_common.sc_datasource.get_em_quote_full
2026-08-01 16:10:50,414 | WARNING | PUSH2 used: stock_common.sc_datasource.get_em_quote_full
2026-08-01 16:10:51,438 | WARNING | PUSH2 used: stock_common.sc_datasource.get_em_quote_full
2026-08-01 16:10:52,416 | WARNING | PUSH2 used: stock_common.sc_datasource.get_em_quote_full
2026-08-01 16:10:53,405 | WARNING | PUSH2 used: stock_common.sc_datasource.get_em_quote_full
2026-08-01 16:10:54,449 | WARNING | PUSH2 used: stock_common.sc_datasource.get_em_quote_full
2026-08-01 16:10:55,426 | WARNING | PUSH2 used: stock_common.sc_datasource.get_em_quote_full
2026-08-01 16:10:56,430 | WARNING | PUSH2 used: stock_common.sc_datasource.get_em_quote_full
2026-08-01 16:10:57,435 | WARNING | PUSH2 used: stock_common.sc_datasource.get_em_quote_full
2026-08-01 16:10:58,410 | WARNING | PUSH2 used: stock_common.sc_datasource.get_em_quote_full
2026-08-01 16:10:59,442 | WARNING | PUSH2 used: stock_common.sc_datasource.get_em_quote_full
2026-08-01 16:11:00,436 | WARNING | PUSH2 used: stock_common.sc_datasource.get_em_quote_full
2026-08-01 16:11:01,444 | WARNING | PUSH2 used: stock_common.sc_datasource.get_em_quote_full
2026-08-01 16:11:02,448 | WARNING | PUSH2 used: stock_common.sc_datasource.get_em_quote_full
2026-08-01 16:11:03,409 | WARNING | PUSH2 used: stock_common.sc_datasource.get_em_quote_full
2026-08-01 16:11:04,450 | WARNING | PUSH2 used: stock_common.sc_datasource.get_em_quote_full
2026-08-01 16:11:05,438 | WARNING | PUSH2 used: stock_common.sc_datasource.get_em_quote_full
2026-08-01 16:11:06,412 | WARNING | PUSH2 used: stock_common.sc_datasource.get_em_quote_full
2026-08-01 16:11:07,420 | WARNING | PUSH2 used: stock_common.sc_datasource.get_em_quote_full
2026-08-01 16:11:08,423 | WARNING | PUSH2 used: stock_common.sc_datasource.get_em_quote_full
2026-08-01 16:11:09,417 | WARNING | PUSH2 used: stock_common.sc_datasource.get_em_quote_full
2026-08-01 16:11:10,421 | WARNING | PUSH2 used: stock_common.sc_datasource.get_em_quote_full
2026-08-01 16:11:11,416 | WARNING | PUSH2 used: stock_common.sc_datasource.get_em_quote_full
2026-08-01 16:11:12,409 | WARNING | PUSH2 used: stock_common.sc_datasource.get_em_quote_full
2026-08-01 16:11:13,420 | WARNING | PUSH2 used: stock_common.sc_datasource.get_em_quote_full
2026-08-01 16:11:14,407 | WARNING | PUSH2 used: stock_common.sc_datasource.get_em_quote_full
2026-08-01 16:11:15,413 | WARNING | PUSH2 used: stock_common.sc_datasource.get_em_quote_full
2026-08-01 16:11:16,398 | WARNING | PUSH2 used: stock_common.sc_datasource.get_em_quote_full
2026-08-01 16:11:17,418 | WARNING | PUSH2 used: stock_common.sc_datasource.get_em_quote_full
2026-08-01 16:11:18,417 | WARNING | PUSH2 used: stock_common.sc_datasource.get_em_quote_full
2026-08-01 16:11:19,450 | WARNING | PUSH2 used: stock_common.sc_datasource.get_em_quote_full
2026-08-01 16:11:20,421 | WARNING | PUSH2 used: stock_common.sc_datasource.get_em_quote_full
2026-08-01 16:11:21,421 | WARNING | PUSH2 used: stock_common.sc_datasource.get_em_quote_full
2026-08-01 16:11:22,420 | WARNING | PUSH2 used: stock_common.sc_datasource.get_em_quote_full
2026-08-01 16:11:23,409 | WARNING | PUSH2 used: stock_common.sc_datasource.get_em_quote_full
2026-08-01 16:11:24,459 | WARNING | PUSH2 used: stock_common.sc_datasource.get_em_quote_full
2026-08-01 16:11:25,402 | WARNING | PUSH2 used: stock_common.sc_datasource.get_em_quote_full
2026-08-01 16:11:26,411 | WARNING | PUSH2 used: stock_common.sc_datasource.get_em_quote_full
2026-08-01 16:11:27,412 | WARNING | PUSH2 used: stock_common.sc_datasource.get_em_quote_full
2026-08-01 16:11:28,429 | WARNING | PUSH2 used: stock_common.sc_datasource.get_em_quote_full
2026-08-01 16:11:29,451 | WARNING | PUSH2 used: stock_common.sc_datasource.get_em_quote_full
2026-08-01 16:11:30,451 | WARNING | PUSH2 used: stock_common.sc_datasource.get_em_quote_full
2026-08-01 16:11:31,406 | WARNING | PUSH2 used: stock_common.sc_datasource.get_em_quote_full
2026-08-01 16:11:32,421 | WARNING | PUSH2 used: stock_common.sc_datasource.get_em_quote_full
2026-08-01 16:11:33,407 | WARNING | PUSH2 used: stock_common.sc_datasource.get_em_quote_full
2026-08-01 16:11:34,411 | WARNING | PUSH2 used: stock_common.sc_datasource.get_em_quote_full
2026-08-01 16:11:35,406 | WARNING | PUSH2 used: stock_common.sc_datasource.get_em_quote_full
2026-08-01 16:11:36,422 | WARNING | PUSH2 used: stock_common.sc_datasource.get_em_quote_full
2026-08-01 16:11:37,651 | WARNING | PUSH2 used: stock_common.sc_datasource.get_em_quote_full
2026-08-01 16:11:38,461 | WARNING | PUSH2 used: stock_common.sc_datasource.get_em_quote_full
2026-08-01 16:11:39,445 | WARNING | PUSH2 used: stock_common.sc_datasource.get_em_quote_full
2026-08-01 16:11:40,467 | WARNING | PUSH2 used: stock_common.sc_datasource.get_em_quote_full
2026-08-01 16:11:41,469 | WARNING | PUSH2 used: stock_common.sc_datasource.get_em_quote_full
2026-08-01 16:11:42,414 | WARNING | PUSH2 used: stock_common.sc_datasource.get_em_quote_full
2026-08-01 16:11:43,432 | WARNING | PUSH2 used: stock_common.sc_datasource.get_em_quote_full
2026-08-01 16:11:44,422 | WARNING | PUSH2 used: stock_common.sc_datasource.get_em_quote_full
2026-08-01 16:11:45,427 | WARNING | PUSH2 used: stock_common.sc_datasource.get_em_quote_full
2026-08-01 16:11:46,430 | WARNING | PUSH2 used: stock_common.sc_datasource.get_em_quote_full
2026-08-01 16:11:47,411 | WARNING | PUSH2 used: stock_common.sc_datasource.get_em_quote_full
2026-08-01 16:11:48,396 | WARNING | PUSH2 used: stock_common.sc_datasource.get_em_quote_full
2026-08-01 16:11:49,409 | WARNING | PUSH2 used: stock_common.sc_datasource.get_em_quote_full
2026-08-01 16:11:50,414 | WARNING | PUSH2 used: stock_common.sc_datasource.get_em_quote_full
2026-08-01 16:11:51,435 | WARNING | PUSH2 used: stock_common.sc_datasource.get_em_quote_full
2026-08-01 16:11:52,413 | WARNING | PUSH2 used: stock_common.sc_datasource.get_em_quote_full
2026-08-01 16:11:53,434 | WARNING | PUSH2 used: stock_common.sc_datasource.get_em_quote_full
2026-08-01 16:11:54,641 | WARNING | PUSH2 used: stock_common.sc_datasource.get_em_quote_full
2026-08-01 16:11:55,399 | WARNING | PUSH2 used: stock_common.sc_datasource.get_em_quote_full
2026-08-01 16:11:56,425 | WARNING | PUSH2 used: stock_common.sc_datasource.get_em_quote_full
2026-08-01 16:11:57,682 | WARNING | PUSH2 used: stock_common.sc_datasource.get_em_quote_full
2026-08-01 16:11:58,429 | WARNING | PUSH2 used: stock_common.sc_datasource.get_em_quote_full
2026-08-01 16:11:59,405 | WARNING | PUSH2 used: stock_common.sc_datasource.get_em_quote_full
2026-08-01 16:12:00,426 | WARNING | PUSH2 used: stock_common.sc_datasource.get_em_quote_full
2026-08-01 16:12:01,666 | WARNING | PUSH2 used: stock_common.sc_datasource.get_em_quote_full
2026-08-01 16:12:02,411 | WARNING | PUSH2 used: stock_common.sc_datasource.get_em_quote_full
2026-08-01 16:12:03,409 | WARNING | PUSH2 used: stock_common.sc_datasource.get_em_quote_full
2026-08-01 16:12:04,459 | WARNING | PUSH2 used: stock_common.sc_datasource.get_em_quote_full
2026-08-01 16:12:05,444 | WARNING | PUSH2 used: stock_common.sc_datasource.get_em_quote_full
2026-08-01 16:12:06,415 | WARNING | PUSH2 used: stock_common.sc_datasource.get_em_quote_full
2026-08-01 16:12:07,433 | WARNING | PUSH2 used: stock_common.sc_datasource.get_em_quote_full
2026-08-01 16:12:08,418 | WARNING | PUSH2 used: stock_common.sc_datasource.get_em_quote_full
2026-08-01 16:12:09,416 | WARNING | PUSH2 used: stock_common.sc_datasource.get_em_quote_full
2026-08-01 16:12:10,417 | WARNING | PUSH2 used: stock_common.sc_datasource.get_em_quote_full
2026-08-01 16:12:11,413 | WARNING | PUSH2 used: stock_common.sc_datasource.get_em_quote_full
2026-08-01 16:12:12,403 | WARNING | PUSH2 used: stock_common.sc_datasource.get_em_quote_full
2026-08-01 16:12:13,411 | WARNING | PUSH2 used: stock_common.sc_datasource.get_em_quote_full
2026-08-01 16:12:14,443 | WARNING | PUSH2 used: stock_common.sc_datasource.get_em_quote_full
2026-08-01 16:12:15,656 | WARNING | PUSH2 used: stock_common.sc_datasource.get_em_quote_full
2026-08-01 16:12:16,404 | WARNING | PUSH2 used: stock_common.sc_datasource.get_em_quote_full
2026-08-01 16:12:17,415 | WARNING | PUSH2 used: stock_common.sc_datasource.get_em_quote_full
2026-08-01 16:12:18,421 | WARNING | PUSH2 used: stock_common.sc_datasource.get_em_quote_full
2026-08-01 16:12:19,403 | WARNING | PUSH2 used: stock_common.sc_datasource.get_em_quote_full
2026-08-01 16:12:20,429 | WARNING | PUSH2 used: stock_common.sc_datasource.get_em_quote_full
2026-08-01 16:12:21,433 | WARNING | PUSH2 used: stock_common.sc_datasource.get_em_quote_full
2026-08-01 16:12:22,428 | WARNING | PUSH2 used: stock_common.sc_datasource.get_em_quote_full
2026-08-01 16:12:23,413 | WARNING | PUSH2 used: stock_common.sc_datasource.get_em_quote_full
2026-08-01 16:12:24,399 | WARNING | PUSH2 used: stock_common.sc_datasource.get_em_quote_full
2026-08-01 16:12:25,460 | WARNING | PUSH2 used: stock_common.sc_datasource.get_em_quote_full
2026-08-01 16:12:26,419 | WARNING | PUSH2 used: stock_common.sc_datasource.get_em_quote_full
2026-08-01 16:12:27,403 | WARNING | PUSH2 used: stock_common.sc_datasource.get_em_quote_full
2026-08-01 16:12:28,443 | WARNING | PUSH2 used: stock_common.sc_datasource.get_em_quote_full
2026-08-01 16:12:29,426 | WARNING | PUSH2 used: stock_common.sc_datasource.get_em_quote_full
2026-08-01 16:12:30,456 | WARNING | PUSH2 used: stock_common.sc_datasource.get_em_quote_full
2026-08-01 16:12:31,445 | WARNING | PUSH2 used: stock_common.sc_datasource.get_em_quote_full
2026-08-01 16:12:32,411 | WARNING | PUSH2 used: stock_common.sc_datasource.get_em_quote_full
2026-08-01 16:12:33,440 | WARNING | PUSH2 used: stock_common.sc_datasource.get_em_quote_full
2026-08-01 16:12:34,705 | WARNING | PUSH2 used: stock_common.sc_datasource.get_em_quote_full
2026-08-01 16:12:35,422 | WARNING | PUSH2 used: stock_common.sc_datasource.get_em_quote_full
2026-08-01 16:12:36,429 | WARNING | PUSH2 used: stock_common.sc_datasource.get_em_quote_full
2026-08-01 16:12:37,424 | WARNING | PUSH2 used: stock_common.sc_datasource.get_em_quote_full
2026-08-01 16:12:38,421 | WARNING | PUSH2 used: stock_common.sc_datasource.get_em_quote_full
2026-08-01 16:12:39,414 | WARNING | PUSH2 used: stock_common.sc_datasource.get_em_quote_full
2026-08-01 16:12:40,400 | WARNING | PUSH2 used: stock_common.sc_datasource.get_em_quote_full
2026-08-01 16:12:41,408 | WARNING | PUSH2 used: stock_common.sc_datasource.get_em_quote_full
2026-08-01 16:12:42,422 | WARNING | PUSH2 used: stock_common.sc_datasource.get_em_quote_full
2026-08-01 16:12:43,424 | WARNING | PUSH2 used: stock_common.sc_datasource.get_em_quote_full
2026-08-01 16:12:44,423 | WARNING | PUSH2 used: stock_common.sc_datasource.get_em_quote_full
2026-08-01 16:12:45,410 | WARNING | PUSH2 used: stock_common.sc_datasource.get_em_quote_full
2026-08-01 16:12:46,438 | WARNING | PUSH2 used: stock_common.sc_datasource.get_em_quote_full
2026-08-01 16:12:47,687 | WARNING | PUSH2 used: stock_common.sc_datasource.get_em_quote_full
2026-08-01 16:12:48,424 | WARNING | PUSH2 used: stock_common.sc_datasource.get_em_quote_full
2026-08-01 16:12:49,454 | WARNING | PUSH2 used: stock_common.sc_datasource.get_em_quote_full
2026-08-01 16:12:50,700 | WARNING | PUSH2 used: stock_common.sc_datasource.get_em_quote_full
2026-08-01 16:12:51,468 | WARNING | PUSH2 used: stock_common.sc_datasource.get_em_quote_full
2026-08-01 16:12:52,475 | WARNING | PUSH2 used: stock_common.sc_datasource.get_em_quote_full
2026-08-01 16:12:53,450 | WARNING | PUSH2 used: stock_common.sc_datasource.get_em_quote_full
2026-08-01 16:12:54,455 | WARNING | PUSH2 used: stock_common.sc_datasource.get_em_quote_full
2026-08-01 16:12:55,445 | WARNING | PUSH2 used: stock_common.sc_datasource.get_em_quote_full
2026-08-01 16:12:56,458 | WARNING | PUSH2 used: stock_common.sc_datasource.get_em_quote_full
2026-08-01 16:12:57,469 | WARNING | PUSH2 used: stock_common.sc_datasource.get_em_quote_full
2026-08-01 16:12:58,474 | WARNING | PUSH2 used: stock_common.sc_datasource.get_em_quote_full
2026-08-01 16:12:59,464 | WARNING | PUSH2 used: stock_common.sc_datasource.get_em_quote_full
2026-08-01 16:13:00,474 | WARNING | PUSH2 used: stock_common.sc_datasource.get_em_quote_full
2026-08-01 16:13:01,469 | WARNING | PUSH2 used: stock_common.sc_datasource.get_em_quote_full
2026-08-01 16:13:02,451 | WARNING | PUSH2 used: stock_common.sc_datasource.get_em_quote_full
2026-08-01 16:13:03,479 | WARNING | PUSH2 used: stock_common.sc_datasource.get_em_quote_full
2026-08-01 16:13:04,467 | WARNING | PUSH2 used: stock_common.sc_datasource.get_em_quote_full
2026-08-01 16:13:05,452 | WARNING | PUSH2 used: stock_common.sc_datasource.get_em_quote_full
2026-08-01 16:13:06,462 | WARNING | PUSH2 used: stock_common.sc_datasource.get_em_quote_full
2026-08-01 16:13:07,465 | WARNING | PUSH2 used: stock_common.sc_datasource.get_em_quote_full
2026-08-01 16:13:08,456 | WARNING | PUSH2 used: stock_common.sc_datasource.get_em_quote_full
2026-08-01 16:13:09,459 | WARNING | PUSH2 used: stock_common.sc_datasource.get_em_quote_full
2026-08-01 16:13:10,454 | WARNING | PUSH2 used: stock_common.sc_datasource.get_em_quote_full
2026-08-01 16:13:11,467 | WARNING | PUSH2 used: stock_common.sc_datasource.get_em_quote_full
2026-08-01 16:13:12,491 | WARNING | PUSH2 used: stock_common.sc_datasource.get_em_quote_full
2026-08-01 16:13:13,485 | WARNING | PUSH2 used: stock_common.sc_datasource.get_em_quote_full
2026-08-01 16:13:14,469 | WARNING | PUSH2 used: stock_common.sc_datasource.get_em_quote_full
2026-08-01 16:13:15,481 | WARNING | PUSH2 used: stock_common.sc_datasource.get_em_quote_full
2026-08-01 16:13:16,468 | WARNING | PUSH2 used: stock_common.sc_datasource.get_em_quote_full
2026-08-01 16:13:17,719 | WARNING | PUSH2 used: stock_common.sc_datasource.get_em_quote_full
2026-08-01 16:13:18,456 | WARNING | PUSH2 used: stock_common.sc_datasource.get_em_quote_full
2026-08-01 16:13:19,467 | WARNING | PUSH2 used: stock_common.sc_datasource.get_em_quote_full
2026-08-01 16:13:20,742 | WARNING | PUSH2 used: stock_common.sc_datasource.get_em_quote_full
2026-08-01 16:13:21,492 | WARNING | PUSH2 used: stock_common.sc_datasource.get_em_quote_full
2026-08-01 16:13:22,460 | WARNING | PUSH2 used: stock_common.sc_datasource.get_em_quote_full
2026-08-01 16:13:23,500 | WARNING | PUSH2 used: stock_common.sc_datasource.get_em_quote_full
2026-08-01 16:13:24,467 | WARNING | PUSH2 used: stock_common.sc_datasource.get_em_quote_full
2026-08-01 16:13:25,446 | WARNING | PUSH2 used: stock_common.sc_datasource.get_em_quote_full
2026-08-01 16:13:26,449 | WARNING | PUSH2 used: stock_common.sc_datasource.get_em_quote_full
2026-08-01 16:13:27,740 | WARNING | PUSH2 used: stock_common.sc_datasource.get_em_quote_full
2026-08-01 16:13:28,416 | WARNING | PUSH2 used: stock_common.sc_datasource.get_em_quote_full
2026-08-01 16:13:29,417 | WARNING | PUSH2 used: stock_common.sc_datasource.get_em_quote_full
2026-08-01 16:13:30,453 | WARNING | PUSH2 used: stock_common.sc_datasource.get_em_quote_full
2026-08-01 16:13:31,457 | WARNING | PUSH2 used: stock_common.sc_datasource.get_em_quote_full
2026-08-01 16:13:32,461 | WARNING | PUSH2 used: stock_common.sc_datasource.get_em_quote_full
2026-08-01 16:13:33,427 | WARNING | PUSH2 used: stock_common.sc_datasource.get_em_quote_full
2026-08-01 16:13:34,424 | WARNING | PUSH2 used: stock_common.sc_datasource.get_em_quote_full
2026-08-01 16:13:35,423 | WARNING | PUSH2 used: stock_common.sc_datasource.get_em_quote_full
2026-08-01 16:13:36,418 | WARNING | PUSH2 used: stock_common.sc_datasource.get_em_quote_full
2026-08-01 16:13:37,438 | WARNING | PUSH2 used: stock_common.sc_datasource.get_em_quote_full
2026-08-01 16:13:38,728 | WARNING | PUSH2 used: stock_common.sc_datasource.get_em_quote_full
2026-08-01 16:13:39,410 | WARNING | PUSH2 used: stock_common.sc_datasource.get_em_quote_full
2026-08-01 16:13:40,408 | WARNING | PUSH2 used: stock_common.sc_datasource.get_em_quote_full
2026-08-01 16:13:41,408 | WARNING | PUSH2 used: stock_common.sc_datasource.get_em_quote_full
2026-08-01 16:13:42,422 | WARNING | PUSH2 used: stock_common.sc_datasource.get_em_quote_full
2026-08-01 16:13:43,431 | WARNING | PUSH2 used: stock_common.sc_datasource.get_em_quote_full
2026-08-01 16:13:44,440 | WARNING | PUSH2 used: stock_common.sc_datasource.get_em_quote_full
2026-08-01 16:13:45,426 | WARNING | PUSH2 used: stock_common.sc_datasource.get_em_quote_full
2026-08-01 16:13:46,421 | WARNING | PUSH2 used: stock_common.sc_datasource.get_em_quote_full
2026-08-01 16:13:47,441 | WARNING | PUSH2 used: stock_common.sc_datasource.get_em_quote_full
2026-08-01 16:13:48,405 | WARNING | PUSH2 used: stock_common.sc_datasource.get_em_quote_full
2026-08-01 16:13:49,404 | WARNING | PUSH2 used: stock_common.sc_datasource.get_em_quote_full
2026-08-01 16:13:50,453 | WARNING | PUSH2 used: stock_common.sc_datasource.get_em_quote_full
2026-08-01 16:13:51,610 | WARNING | PUSH2 used: stock_common.sc_datasource.get_em_quote_full
2026-08-01 16:13:52,683 | WARNING | PUSH2 used: stock_common.sc_datasource.get_em_quote_full
2026-08-01 16:13:53,410 | WARNING | PUSH2 used: stock_common.sc_datasource.get_em_quote_full
2026-08-01 16:13:54,409 | WARNING | PUSH2 used: stock_common.sc_datasource.get_em_quote_full
2026-08-01 16:13:55,434 | WARNING | PUSH2 used: stock_common.sc_datasource.get_em_quote_full
2026-08-01 16:13:56,413 | WARNING | PUSH2 used: stock_common.sc_datasource.get_em_quote_full
2026-08-01 16:13:57,436 | WARNING | PUSH2 used: stock_common.sc_datasource.get_em_quote_full
2026-08-01 16:13:58,410 | WARNING | PUSH2 used: stock_common.sc_datasource.get_em_quote_full
2026-08-01 16:13:59,692 | WARNING | PUSH2 used: stock_common.sc_datasource.get_em_quote_full
2026-08-01 16:14:00,653 | WARNING | PUSH2 used: stock_common.sc_datasource.get_em_quote_full
2026-08-01 16:14:01,407 | WARNING | PUSH2 used: stock_common.sc_datasource.get_em_quote_full
2026-08-01 16:14:02,434 | WARNING | PUSH2 used: stock_common.sc_datasource.get_em_quote_full
2026-08-01 16:14:03,450 | WARNING | PUSH2 used: stock_common.sc_datasource.get_em_quote_full
2026-08-01 16:14:04,424 | WARNING | PUSH2 used: stock_common.sc_datasource.get_em_quote_full
2026-08-01 16:14:05,409 | WARNING | PUSH2 used: stock_common.sc_datasource.get_em_quote_full
2026-08-01 16:14:06,426 | WARNING | PUSH2 used: stock_common.sc_datasource.get_em_quote_full
2026-08-01 16:14:07,428 | WARNING | PUSH2 used: stock_common.sc_datasource.get_em_quote_full
2026-08-01 16:14:08,427 | WARNING | PUSH2 used: stock_common.sc_datasource.get_em_quote_full
2026-08-01 16:14:09,405 | WARNING | PUSH2 used: stock_common.sc_datasource.get_em_quote_full
2026-08-01 16:14:10,427 | WARNING | PUSH2 used: stock_common.sc_datasource.get_em_quote_full
2026-08-01 16:14:11,413 | WARNING | PUSH2 used: stock_common.sc_datasource.get_em_quote_full
2026-08-01 16:14:12,409 | WARNING | PUSH2 used: stock_common.sc_datasource.get_em_quote_full
2026-08-01 16:14:13,684 | WARNING | PUSH2 used: stock_common.sc_datasource.get_em_quote_full
2026-08-01 16:14:14,407 | WARNING | PUSH2 used: stock_common.sc_datasource.get_em_quote_full
2026-08-01 16:14:15,397 | WARNING | PUSH2 used: stock_common.sc_datasource.get_em_quote_full
2026-08-01 16:14:16,448 | WARNING | PUSH2 used: stock_common.sc_datasource.get_em_quote_full
2026-08-01 16:14:17,402 | WARNING | PUSH2 used: stock_common.sc_datasource.get_em_quote_full
2026-08-01 16:14:18,417 | WARNING | PUSH2 used: stock_common.sc_datasource.get_em_quote_full
2026-08-01 16:14:19,410 | WARNING | PUSH2 used: stock_common.sc_datasource.get_em_quote_full
2026-08-01 16:14:20,409 | WARNING | PUSH2 used: stock_common.sc_datasource.get_em_quote_full
2026-08-01 16:14:21,445 | WARNING | PUSH2 used: stock_common.sc_datasource.get_em_quote_full
2026-08-01 16:14:22,407 | WARNING | PUSH2 used: stock_common.sc_datasource.get_em_quote_full
2026-08-01 16:14:23,413 | WARNING | PUSH2 used: stock_common.sc_datasource.get_em_quote_full
2026-08-01 16:14:24,449 | WARNING | PUSH2 used: stock_common.sc_datasource.get_em_quote_full
2026-08-01 16:14:25,399 | WARNING | PUSH2 used: stock_common.sc_datasource.get_em_quote_full
2026-08-01 16:14:26,664 | WARNING | PUSH2 used: stock_common.sc_datasource.get_em_quote_full
2026-08-01 16:14:27,687 | WARNING | PUSH2 used: stock_common.sc_datasource.get_em_quote_full
2026-08-01 16:14:28,431 | WARNING | PUSH2 used: stock_common.sc_datasource.get_em_quote_full
2026-08-01 16:14:29,444 | WARNING | PUSH2 used: stock_common.sc_datasource.get_em_quote_full
2026-08-01 16:14:30,431 | WARNING | PUSH2 used: stock_common.sc_datasource.get_em_quote_full
2026-08-01 16:14:31,962 | WARNING | PUSH2 used: stock_common.sc_datasource.get_em_quote_full
2026-08-01 16:14:32,711 | WARNING | PUSH2 used: stock_common.sc_datasource.get_em_quote_full
2026-08-01 16:14:33,459 | WARNING | PUSH2 used: stock_common.sc_datasource.get_em_quote_full
2026-08-01 16:14:34,447 | WARNING | PUSH2 used: stock_common.sc_datasource.get_em_quote_full
2026-08-01 16:14:35,424 | WARNING | PUSH2 used: stock_common.sc_datasource.get_em_quote_full
2026-08-01 16:14:36,410 | WARNING | PUSH2 used: stock_common.sc_datasource.get_em_quote_full
2026-08-01 16:14:37,431 | WARNING | PUSH2 used: stock_common.sc_datasource.get_em_quote_full
2026-08-01 16:14:38,432 | WARNING | PUSH2 used: stock_common.sc_datasource.get_em_quote_full
2026-08-01 16:14:39,407 | WARNING | PUSH2 used: stock_common.sc_datasource.get_em_quote_full
2026-08-01 16:14:40,670 | WARNING | PUSH2 used: stock_common.sc_datasource.get_em_quote_full
2026-08-01 16:14:41,409 | WARNING | PUSH2 used: stock_common.sc_datasource.get_em_quote_full
2026-08-01 16:14:42,401 | WARNING | PUSH2 used: stock_common.sc_datasource.get_em_quote_full
2026-08-01 16:14:43,409 | WARNING | PUSH2 used: stock_common.sc_datasource.get_em_quote_full
2026-08-01 16:14:44,415 | WARNING | PUSH2 used: stock_common.sc_datasource.get_em_quote_full
2026-08-01 16:14:45,402 | WARNING | PUSH2 used: stock_common.sc_datasource.get_em_quote_full
2026-08-01 16:14:46,438 | WARNING | PUSH2 used: stock_common.sc_datasource.get_em_quote_full
2026-08-01 16:14:47,405 | WARNING | PUSH2 used: stock_common.sc_datasource.get_em_quote_full
2026-08-01 16:14:48,439 | WARNING | PUSH2 used: stock_common.sc_datasource.get_em_quote_full
2026-08-01 16:14:49,442 | WARNING | PUSH2 used: stock_common.sc_datasource.get_em_quote_full
2026-08-01 16:14:50,400 | WARNING | PUSH2 used: stock_common.sc_datasource.get_em_quote_full
2026-08-01 16:14:53,875 | WARNING | PUSH2 used: stock_common.sc_datasource.get_em_quote_full
2026-08-01 16:14:54,266 | WARNING | PUSH2 used: stock_common.sc_datasource.get_em_quote_full
2026-08-01 16:14:54,617 | WARNING | PUSH2 used: stock_common.sc_datasource.get_em_quote_full
2026-08-01 16:14:54,959 | WARNING | PUSH2 used: stock_common.sc_datasource.get_em_quote_full
2026-08-01 16:14:55,414 | WARNING | PUSH2 used: stock_common.sc_datasource.get_em_quote_full
2026-08-01 16:14:56,410 | WARNING | PUSH2 used: stock_common.sc_datasource.get_em_quote_full
2026-08-01 16:14:57,429 | WARNING | PUSH2 used: stock_common.sc_datasource.get_em_quote_full
2026-08-01 16:14:58,419 | WARNING | PUSH2 used: stock_common.sc_datasource.get_em_quote_full
2026-08-01 16:14:59,420 | WARNING | PUSH2 used: stock_common.sc_datasource.get_em_quote_full
2026-08-01 16:15:00,409 | WARNING | PUSH2 used: stock_common.sc_datasource.get_em_quote_full
2026-08-01 16:15:01,402 | WARNING | PUSH2 used: stock_common.sc_datasource.get_em_quote_full
2026-08-01 16:15:02,409 | WARNING | PUSH2 used: stock_common.sc_datasource.get_em_quote_full
2026-08-01 16:15:03,559 | WARNING | PUSH2 used: stock_common.sc_datasource.get_em_quote_full
2026-08-01 16:15:04,101 | WARNING | PUSH2 used: stock_common.sc_datasource.get_em_quote_full
2026-08-01 16:15:05,101 | WARNING | PUSH2 used: stock_common.sc_datasource.get_em_quote_full
2026-08-01 16:15:06,100 | WARNING | PUSH2 used: stock_common.sc_datasource.get_em_quote_full
2026-08-01 16:15:07,100 | WARNING | PUSH2 used: stock_common.sc_datasource.get_em_quote_full
2026-08-01 16:15:08,100 | WARNING | PUSH2 used: stock_common.sc_datasource.get_em_quote_full
2026-08-01 16:15:09,101 | WARNING | PUSH2 used: stock_common.sc_datasource.get_em_quote_full
2026-08-01 16:15:10,100 | WARNING | PUSH2 used: stock_common.sc_datasource.get_em_quote_full
2026-08-01 16:15:11,101 | WARNING | PUSH2 used: stock_common.sc_datasource.get_em_quote_full
2026-08-01 16:15:12,101 | WARNING | PUSH2 used: stock_common.sc_datasource.get_em_quote_full
2026-08-01 16:15:13,105 | WARNING | PUSH2 used: stock_common.sc_datasource.get_em_quote_full
2026-08-01 16:15:14,102 | WARNING | PUSH2 used: stock_common.sc_datasource.get_em_quote_full
2026-08-01 16:15:15,101 | WARNING | PUSH2 used: stock_common.sc_datasource.get_em_quote_full
2026-08-01 16:15:16,101 | WARNING | PUSH2 used: stock_common.sc_datasource.get_em_quote_full
2026-08-01 16:15:17,100 | WARNING | PUSH2 used: stock_common.sc_datasource.get_em_quote_full
2026-08-01 16:15:18,105 | WARNING | PUSH2 used: stock_common.sc_datasource.get_em_quote_full
2026-08-01 16:15:19,130 | WARNING | PUSH2 used: stock_common.sc_datasource.get_em_quote_full
2026-08-01 16:15:20,449 | WARNING | PUSH2 used: stock_common.sc_datasource.get_em_quote_full
2026-08-01 16:15:21,423 | WARNING | PUSH2 used: stock_common.sc_datasource.get_em_quote_full
2026-08-01 16:15:22,405 | WARNING | PUSH2 used: stock_common.sc_datasource.get_em_quote_full
2026-08-01 16:15:23,395 | WARNING | PUSH2 used: stock_common.sc_datasource.get_em_quote_full
2026-08-01 16:15:24,448 | WARNING | PUSH2 used: stock_common.sc_datasource.get_em_quote_full
2026-08-01 16:15:25,435 | WARNING | PUSH2 used: stock_common.sc_datasource.get_em_quote_full
2026-08-01 16:15:26,435 | WARNING | PUSH2 used: stock_common.sc_datasource.get_em_quote_full
2026-08-01 16:15:27,409 | WARNING | PUSH2 used: stock_common.sc_datasource.get_em_quote_full
2026-08-01 16:15:28,431 | WARNING | PUSH2 used: stock_common.sc_datasource.get_em_quote_full
2026-08-01 16:15:29,441 | WARNING | PUSH2 used: stock_common.sc_datasource.get_em_quote_full
2026-08-01 16:15:30,450 | WARNING | PUSH2 used: stock_common.sc_datasource.get_em_quote_full
2026-08-01 16:15:31,412 | WARNING | PUSH2 used: stock_common.sc_datasource.get_em_quote_full
2026-08-01 16:15:32,401 | WARNING | PUSH2 used: stock_common.sc_datasource.get_em_quote_full
2026-08-01 16:15:33,424 | WARNING | PUSH2 used: stock_common.sc_datasource.get_em_quote_full
2026-08-01 16:15:34,435 | WARNING | PUSH2 used: stock_common.sc_datasource.get_em_quote_full
2026-08-01 16:15:35,433 | WARNING | PUSH2 used: stock_common.sc_datasource.get_em_quote_full
2026-08-01 16:15:36,441 | WARNING | PUSH2 used: stock_common.sc_datasource.get_em_quote_full
2026-08-01 16:15:37,454 | WARNING | PUSH2 used: stock_common.sc_datasource.get_em_quote_full
2026-08-01 16:15:38,400 | WARNING | PUSH2 used: stock_common.sc_datasource.get_em_quote_full
2026-08-01 16:15:39,408 | WARNING | PUSH2 used: stock_common.sc_datasource.get_em_quote_full
2026-08-01 16:15:40,409 | WARNING | PUSH2 used: stock_common.sc_datasource.get_em_quote_full
2026-08-01 16:15:41,407 | WARNING | PUSH2 used: stock_common.sc_datasource.get_em_quote_full
2026-08-01 16:15:42,410 | WARNING | PUSH2 used: stock_common.sc_datasource.get_em_quote_full
2026-08-01 16:15:43,703 | WARNING | PUSH2 used: stock_common.sc_datasource.get_em_quote_full
2026-08-01 16:15:44,442 | WARNING | PUSH2 used: stock_common.sc_datasource.get_em_quote_full
2026-08-01 16:15:45,414 | WARNING | PUSH2 used: stock_common.sc_datasource.get_em_quote_full
2026-08-01 16:15:46,417 | WARNING | PUSH2 used: stock_common.sc_datasource.get_em_quote_full
2026-08-01 16:15:47,424 | WARNING | PUSH2 used: stock_common.sc_datasource.get_em_quote_full
2026-08-01 16:15:48,407 | WARNING | PUSH2 used: stock_common.sc_datasource.get_em_quote_full
2026-08-01 16:15:49,458 | WARNING | PUSH2 used: stock_common.sc_datasource.get_em_quote_full
2026-08-01 16:15:50,408 | WARNING | PUSH2 used: stock_common.sc_datasource.get_em_quote_full
2026-08-01 16:15:51,437 | WARNING | PUSH2 used: stock_common.sc_datasource.get_em_quote_full
2026-08-01 16:15:52,422 | WARNING | PUSH2 used: stock_common.sc_datasource.get_em_quote_full
2026-08-01 16:15:53,417 | WARNING | PUSH2 used: stock_common.sc_datasource.get_em_quote_full
2026-08-01 16:15:54,395 | WARNING | PUSH2 used: stock_common.sc_datasource.get_em_quote_full
2026-08-01 16:15:55,692 | WARNING | PUSH2 used: stock_common.sc_datasource.get_em_quote_full
2026-08-01 16:15:56,425 | WARNING | PUSH2 used: stock_common.sc_datasource.get_em_quote_full
2026-08-01 16:15:57,664 | WARNING | PUSH2 used: stock_common.sc_datasource.get_em_quote_full
2026-08-01 16:15:58,427 | WARNING | PUSH2 used: stock_common.sc_datasource.get_em_quote_full
2026-08-01 16:15:59,410 | WARNING | PUSH2 used: stock_common.sc_datasource.get_em_quote_full
2026-08-01 16:16:00,404 | WARNING | PUSH2 used: stock_common.sc_datasource.get_em_quote_full
2026-08-01 16:16:01,409 | WARNING | PUSH2 used: stock_common.sc_datasource.get_em_quote_full
2026-08-01 16:16:02,417 | WARNING | PUSH2 used: stock_common.sc_datasource.get_em_quote_full
2026-08-01 16:16:03,412 | WARNING | PUSH2 used: stock_common.sc_datasource.get_em_quote_full
2026-08-01 16:16:05,003 | WARNING | PUSH2 used: stock_common.sc_datasource.get_em_quote_full
2026-08-01 16:16:05,447 | WARNING | PUSH2 used: stock_common.sc_datasource.get_em_quote_full
2026-08-01 16:16:06,400 | WARNING | PUSH2 used: stock_common.sc_datasource.get_em_quote_full
2026-08-01 16:16:07,435 | WARNING | PUSH2 used: stock_common.sc_datasource.get_em_quote_full
2026-08-01 16:16:08,665 | WARNING | PUSH2 used: stock_common.sc_datasource.get_em_quote_full
2026-08-01 16:16:09,443 | WARNING | PUSH2 used: stock_common.sc_datasource.get_em_quote_full
2026-08-01 16:16:10,408 | WARNING | PUSH2 used: stock_common.sc_datasource.get_em_quote_full
2026-08-01 16:16:11,408 | WARNING | PUSH2 used: stock_common.sc_datasource.get_em_quote_full
2026-08-01 16:16:12,439 | WARNING | PUSH2 used: stock_common.sc_datasource.get_em_quote_full
2026-08-01 16:16:13,421 | WARNING | PUSH2 used: stock_common.sc_datasource.get_em_quote_full
2026-08-01 16:16:14,445 | WARNING | PUSH2 used: stock_common.sc_datasource.get_em_quote_full
2026-08-01 16:16:15,414 | WARNING | PUSH2 used: stock_common.sc_datasource.get_em_quote_full
2026-08-01 16:16:16,425 | WARNING | PUSH2 used: stock_common.sc_datasource.get_em_quote_full
2026-08-01 16:16:17,422 | WARNING | PUSH2 used: stock_common.sc_datasource.get_em_quote_full
2026-08-01 16:16:18,415 | WARNING | PUSH2 used: stock_common.sc_datasource.get_em_quote_full
2026-08-01 16:16:19,444 | WARNING | PUSH2 used: stock_common.sc_datasource.get_em_quote_full
2026-08-01 16:16:20,409 | WARNING | PUSH2 used: stock_common.sc_datasource.get_em_quote_full
2026-08-01 16:16:21,427 | WARNING | PUSH2 used: stock_common.sc_datasource.get_em_quote_full
2026-08-01 16:16:22,415 | WARNING | PUSH2 used: stock_common.sc_datasource.get_em_quote_full
2026-08-01 16:16:23,407 | WARNING | PUSH2 used: stock_common.sc_datasource.get_em_quote_full
2026-08-01 16:16:24,406 | WARNING | PUSH2 used: stock_common.sc_datasource.get_em_quote_full
2026-08-01 16:16:25,413 | WARNING | PUSH2 used: stock_common.sc_datasource.get_em_quote_full
2026-08-01 16:16:26,410 | WARNING | PUSH2 used: stock_common.sc_datasource.get_em_quote_full
2026-08-01 16:16:27,411 | WARNING | PUSH2 used: stock_common.sc_datasource.get_em_quote_full
2026-08-01 16:16:28,402 | WARNING | PUSH2 used: stock_common.sc_datasource.get_em_quote_full
2026-08-01 16:16:29,449 | WARNING | PUSH2 used: stock_common.sc_datasource.get_em_quote_full
2026-08-01 16:16:30,421 | WARNING | PUSH2 used: stock_common.sc_datasource.get_em_quote_full
2026-08-01 16:16:31,426 | WARNING | PUSH2 used: stock_common.sc_datasource.get_em_quote_full
2026-08-01 16:16:32,408 | WARNING | PUSH2 used: stock_common.sc_datasource.get_em_quote_full
2026-08-01 16:16:33,417 | WARNING | PUSH2 used: stock_common.sc_datasource.get_em_quote_full
2026-08-01 16:16:34,679 | WARNING | PUSH2 used: stock_common.sc_datasource.get_em_quote_full
2026-08-01 16:16:35,434 | WARNING | PUSH2 used: stock_common.sc_datasource.get_em_quote_full
2026-08-01 16:16:36,437 | WARNING | PUSH2 used: stock_common.sc_datasource.get_em_quote_full
2026-08-01 16:16:37,416 | WARNING | PUSH2 used: stock_common.sc_datasource.get_em_quote_full
2026-08-01 16:16:38,403 | WARNING | PUSH2 used: stock_common.sc_datasource.get_em_quote_full
2026-08-01 16:16:39,419 | WARNING | PUSH2 used: stock_common.sc_datasource.get_em_quote_full
2026-08-01 16:16:40,438 | WARNING | PUSH2 used: stock_common.sc_datasource.get_em_quote_full
2026-08-01 16:16:41,669 | WARNING | PUSH2 used: stock_common.sc_datasource.get_em_quote_full
2026-08-01 16:16:42,420 | WARNING | PUSH2 used: stock_common.sc_datasource.get_em_quote_full
2026-08-01 16:16:43,449 | WARNING | PUSH2 used: stock_common.sc_datasource.get_em_quote_full
2026-08-01 16:16:44,414 | WARNING | PUSH2 used: stock_common.sc_datasource.get_em_quote_full
2026-08-01 16:16:45,419 | WARNING | PUSH2 used: stock_common.sc_datasource.get_em_quote_full
2026-08-01 16:16:46,419 | WARNING | PUSH2 used: stock_common.sc_datasource.get_em_quote_full
2026-08-01 16:16:47,415 | WARNING | PUSH2 used: stock_common.sc_datasource.get_em_quote_full
2026-08-01 16:16:48,414 | WARNING | PUSH2 used: stock_common.sc_datasource.get_em_quote_full
2026-08-01 16:16:49,451 | WARNING | PUSH2 used: stock_common.sc_datasource.get_em_quote_full
2026-08-01 16:16:50,454 | WARNING | PUSH2 used: stock_common.sc_datasource.get_em_quote_full
2026-08-01 16:16:51,433 | WARNING | PUSH2 used: stock_common.sc_datasource.get_em_quote_full
2026-08-01 16:16:52,419 | WARNING | PUSH2 used: stock_common.sc_datasource.get_em_quote_full
2026-08-01 16:16:53,418 | WARNING | PUSH2 used: stock_common.sc_datasource.get_em_quote_full
2026-08-01 16:16:54,445 | WARNING | PUSH2 used: stock_common.sc_datasource.get_em_quote_full
2026-08-01 16:16:55,417 | WARNING | PUSH2 used: stock_common.sc_datasource.get_em_quote_full
2026-08-01 16:16:56,404 | WARNING | PUSH2 used: stock_common.sc_datasource.get_em_quote_full
2026-08-01 16:16:57,420 | WARNING | PUSH2 used: stock_common.sc_datasource.get_em_quote_full
2026-08-01 16:16:58,408 | WARNING | PUSH2 used: stock_common.sc_datasource.get_em_quote_full
2026-08-01 16:16:59,440 | WARNING | PUSH2 used: stock_common.sc_datasource.get_em_quote_full
2026-08-01 16:17:00,429 | WARNING | PUSH2 used: stock_common.sc_datasource.get_em_quote_full
2026-08-01 16:17:01,402 | WARNING | PUSH2 used: stock_common.sc_datasource.get_em_quote_full
2026-08-01 16:17:02,411 | WARNING | PUSH2 used: stock_common.sc_datasource.get_em_quote_full
2026-08-01 16:17:03,425 | WARNING | PUSH2 used: stock_common.sc_datasource.get_em_quote_full
2026-08-01 16:17:04,455 | WARNING | PUSH2 used: stock_common.sc_datasource.get_em_quote_full
2026-08-01 16:17:05,521 | WARNING | PUSH2 used: stock_common.sc_datasource.get_em_quote_full
2026-08-01 16:17:06,440 | WARNING | PUSH2 used: stock_common.sc_datasource.get_em_quote_full
2026-08-01 16:17:07,432 | WARNING | PUSH2 used: stock_common.sc_datasource.get_em_quote_full
2026-08-01 16:17:08,402 | WARNING | PUSH2 used: stock_common.sc_datasource.get_em_quote_full
2026-08-01 16:17:09,408 | WARNING | PUSH2 used: stock_common.sc_datasource.get_em_quote_full
2026-08-01 16:17:10,416 | WARNING | PUSH2 used: stock_common.sc_datasource.get_em_quote_full
2026-08-01 16:17:11,406 | WARNING | PUSH2 used: stock_common.sc_datasource.get_em_quote_full
2026-08-01 16:17:12,413 | WARNING | PUSH2 used: stock_common.sc_datasource.get_em_quote_full
2026-08-01 16:17:13,429 | WARNING | PUSH2 used: stock_common.sc_datasource.get_em_quote_full
2026-08-01 16:17:14,413 | WARNING | PUSH2 used: stock_common.sc_datasource.get_em_quote_full
2026-08-01 16:17:15,399 | WARNING | PUSH2 used: stock_common.sc_datasource.get_em_quote_full
2026-08-01 16:17:16,420 | WARNING | PUSH2 used: stock_common.sc_datasource.get_em_quote_full
2026-08-01 16:17:17,409 | WARNING | PUSH2 used: stock_common.sc_datasource.get_em_quote_full
2026-08-01 16:17:18,410 | WARNING | PUSH2 used: stock_common.sc_datasource.get_em_quote_full
2026-08-01 16:17:19,402 | WARNING | PUSH2 used: stock_common.sc_datasource.get_em_quote_full
2026-08-01 16:17:20,411 | WARNING | PUSH2 used: stock_common.sc_datasource.get_em_quote_full
2026-08-01 16:17:21,440 | WARNING | PUSH2 used: stock_common.sc_datasource.get_em_quote_full
2026-08-01 16:17:22,417 | WARNING | PUSH2 used: stock_common.sc_datasource.get_em_quote_full
2026-08-01 16:17:23,407 | WARNING | PUSH2 used: stock_common.sc_datasource.get_em_quote_full
2026-08-01 16:17:24,407 | WARNING | PUSH2 used: stock_common.sc_datasource.get_em_quote_full
2026-08-01 16:17:25,411 | WARNING | PUSH2 used: stock_common.sc_datasource.get_em_quote_full
2026-08-01 16:17:26,403 | WARNING | PUSH2 used: stock_common.sc_datasource.get_em_quote_full
2026-08-01 16:17:27,414 | WARNING | PUSH2 used: stock_common.sc_datasource.get_em_quote_full
2026-08-01 16:17:28,426 | WARNING | PUSH2 used: stock_common.sc_datasource.get_em_quote_full
2026-08-01 16:17:29,405 | WARNING | PUSH2 used: stock_common.sc_datasource.get_em_quote_full
2026-08-01 16:17:30,457 | WARNING | PUSH2 used: stock_common.sc_datasource.get_em_quote_full
2026-08-01 16:17:31,540 | WARNING | PUSH2 used: stock_common.sc_datasource.get_em_quote_full
2026-08-01 16:17:32,558 | WARNING | PUSH2 used: stock_common.sc_datasource.get_em_quote_full
2026-08-01 16:17:33,567 | WARNING | PUSH2 used: stock_common.sc_datasource.get_em_quote_full
2026-08-01 16:17:34,553 | WARNING | PUSH2 used: stock_common.sc_datasource.get_em_quote_full
2026-08-01 16:17:35,526 | WARNING | PUSH2 used: stock_common.sc_datasource.get_em_quote_full
2026-08-01 16:17:36,556 | WARNING | PUSH2 used: stock_common.sc_datasource.get_em_quote_full
2026-08-01 16:17:37,574 | WARNING | PUSH2 used: stock_common.sc_datasource.get_em_quote_full
2026-08-01 16:17:38,484 | WARNING | PUSH2 used: stock_common.sc_datasource.get_em_quote_full
2026-08-01 16:17:39,489 | WARNING | PUSH2 used: stock_common.sc_datasource.get_em_quote_full
2026-08-01 16:17:40,440 | WARNING | PUSH2 used: stock_common.sc_datasource.get_em_quote_full
2026-08-01 16:17:41,488 | WARNING | PUSH2 used: stock_common.sc_datasource.get_em_quote_full
2026-08-01 16:17:42,532 | WARNING | PUSH2 used: stock_common.sc_datasource.get_em_quote_full
2026-08-01 16:17:43,460 | WARNING | PUSH2 used: stock_common.sc_datasource.get_em_quote_full
2026-08-01 16:17:44,458 | WARNING | PUSH2 used: stock_common.sc_datasource.get_em_quote_full
2026-08-01 16:17:45,468 | WARNING | PUSH2 used: stock_common.sc_datasource.get_em_quote_full
2026-08-01 16:17:46,558 | WARNING | PUSH2 used: stock_common.sc_datasource.get_em_quote_full
2026-08-01 16:17:47,467 | WARNING | PUSH2 used: stock_common.sc_datasource.get_em_quote_full
2026-08-01 16:17:48,600 | WARNING | PUSH2 used: stock_common.sc_datasource.get_em_quote_full
2026-08-01 16:17:49,473 | WARNING | PUSH2 used: stock_common.sc_datasource.get_em_quote_full
2026-08-01 16:17:50,488 | WARNING | PUSH2 used: stock_common.sc_datasource.get_em_quote_full
2026-08-01 16:17:51,597 | WARNING | PUSH2 used: stock_common.sc_datasource.get_em_quote_full
2026-08-01 16:17:52,624 | WARNING | PUSH2 used: stock_common.sc_datasource.get_em_quote_full
2026-08-01 16:17:53,543 | WARNING | PUSH2 used: stock_common.sc_datasource.get_em_quote_full
2026-08-01 16:17:54,451 | WARNING | PUSH2 used: stock_common.sc_datasource.get_em_quote_full
2026-08-01 16:17:55,438 | WARNING | PUSH2 used: stock_common.sc_datasource.get_em_quote_full
2026-08-01 16:17:56,462 | WARNING | PUSH2 used: stock_common.sc_datasource.get_em_quote_full
2026-08-01 16:17:57,427 | WARNING | PUSH2 used: stock_common.sc_datasource.get_em_quote_full
2026-08-01 16:17:58,412 | WARNING | PUSH2 used: stock_common.sc_datasource.get_em_quote_full
2026-08-01 16:17:59,445 | WARNING | PUSH2 used: stock_common.sc_datasource.get_em_quote_full
2026-08-01 16:18:00,398 | WARNING | PUSH2 used: stock_common.sc_datasource.get_em_quote_full
2026-08-01 16:18:01,397 | WARNING | PUSH2 used: stock_common.sc_datasource.get_em_quote_full
2026-08-01 16:18:02,398 | WARNING | PUSH2 used: stock_common.sc_datasource.get_em_quote_full
2026-08-01 16:18:03,421 | WARNING | PUSH2 used: stock_common.sc_datasource.get_em_quote_full
2026-08-01 16:18:04,441 | WARNING | PUSH2 used: stock_common.sc_datasource.get_em_quote_full
2026-08-01 16:18:05,412 | WARNING | PUSH2 used: stock_common.sc_datasource.get_em_quote_full
2026-08-01 16:18:06,709 | WARNING | PUSH2 used: stock_common.sc_datasource.get_em_quote_full
2026-08-01 16:18:07,432 | WARNING | PUSH2 used: stock_common.sc_datasource.get_em_quote_full
2026-08-01 16:18:08,435 | WARNING | PUSH2 used: stock_common.sc_datasource.get_em_quote_full
2026-08-01 16:18:09,451 | WARNING | PUSH2 used: stock_common.sc_datasource.get_em_quote_full
2026-08-01 16:18:10,666 | WARNING | PUSH2 used: stock_common.sc_datasource.get_em_quote_full
2026-08-01 16:18:11,417 | WARNING | PUSH2 used: stock_common.sc_datasource.get_em_quote_full
2026-08-01 16:18:12,406 | WARNING | PUSH2 used: stock_common.sc_datasource.get_em_quote_full
2026-08-01 16:18:13,424 | WARNING | PUSH2 used: stock_common.sc_datasource.get_em_quote_full
2026-08-01 16:18:14,703 | WARNING | PUSH2 used: stock_common.sc_datasource.get_em_quote_full
2026-08-01 16:18:15,407 | WARNING | PUSH2 used: stock_common.sc_datasource.get_em_quote_full
2026-08-01 16:18:16,439 | WARNING | PUSH2 used: stock_common.sc_datasource.get_em_quote_full
2026-08-01 16:18:17,458 | WARNING | PUSH2 used: stock_common.sc_datasource.get_em_quote_full
2026-08-01 16:18:18,414 | WARNING | PUSH2 used: stock_common.sc_datasource.get_em_quote_full
2026-08-01 16:18:19,691 | WARNING | PUSH2 used: stock_common.sc_datasource.get_em_quote_full
2026-08-01 16:18:20,662 | WARNING | PUSH2 used: stock_common.sc_datasource.get_em_quote_full
2026-08-01 16:18:21,434 | WARNING | PUSH2 used: stock_common.sc_datasource.get_em_quote_full
2026-08-01 16:18:22,419 | WARNING | PUSH2 used: stock_common.sc_datasource.get_em_quote_full
2026-08-01 16:18:23,426 | WARNING | PUSH2 used: stock_common.sc_datasource.get_em_quote_full
2026-08-01 16:18:24,451 | WARNING | PUSH2 used: stock_common.sc_datasource.get_em_quote_full
2026-08-01 16:18:25,420 | WARNING | PUSH2 used: stock_common.sc_datasource.get_em_quote_full
2026-08-01 16:18:26,407 | WARNING | PUSH2 used: stock_common.sc_datasource.get_em_quote_full
2026-08-01 16:18:27,438 | WARNING | PUSH2 used: stock_common.sc_datasource.get_em_quote_full
2026-08-01 16:18:28,418 | WARNING | PUSH2 used: stock_common.sc_datasource.get_em_quote_full
2026-08-01 16:18:29,402 | WARNING | PUSH2 used: stock_common.sc_datasource.get_em_quote_full
2026-08-01 16:18:30,418 | WARNING | PUSH2 used: stock_common.sc_datasource.get_em_quote_full
2026-08-01 16:18:31,451 | WARNING | PUSH2 used: stock_common.sc_datasource.get_em_quote_full
2026-08-01 16:18:32,413 | WARNING | PUSH2 used: stock_common.sc_datasource.get_em_quote_full
2026-08-01 16:18:33,452 | WARNING | PUSH2 used: stock_common.sc_datasource.get_em_quote_full
2026-08-01 16:18:34,439 | WARNING | PUSH2 used: stock_common.sc_datasource.get_em_quote_full
2026-08-01 16:18:35,729 | WARNING | PUSH2 used: stock_common.sc_datasource.get_em_quote_full
2026-08-01 16:18:36,410 | WARNING | PUSH2 used: stock_common.sc_datasource.get_em_quote_full
2026-08-01 16:18:37,428 | WARNING | PUSH2 used: stock_common.sc_datasource.get_em_quote_full
2026-08-01 16:18:38,418 | WARNING | PUSH2 used: stock_common.sc_datasource.get_em_quote_full
2026-08-01 16:18:39,436 | WARNING | PUSH2 used: stock_common.sc_datasource.get_em_quote_full
2026-08-01 16:18:40,409 | WARNING | PUSH2 used: stock_common.sc_datasource.get_em_quote_full
2026-08-01 16:18:41,440 | WARNING | PUSH2 used: stock_common.sc_datasource.get_em_quote_full
2026-08-01 16:18:42,416 | WARNING | PUSH2 used: stock_common.sc_datasource.get_em_quote_full
2026-08-01 16:18:43,451 | WARNING | PUSH2 used: stock_common.sc_datasource.get_em_quote_full
2026-08-01 16:18:44,435 | WARNING | PUSH2 used: stock_common.sc_datasource.get_em_quote_full
2026-08-01 16:18:45,403 | WARNING | PUSH2 used: stock_common.sc_datasource.get_em_quote_full
2026-08-01 16:18:46,430 | WARNING | PUSH2 used: stock_common.sc_datasource.get_em_quote_full
2026-08-01 16:18:47,410 | WARNING | PUSH2 used: stock_common.sc_datasource.get_em_quote_full
2026-08-01 16:18:48,426 | WARNING | PUSH2 used: stock_common.sc_datasource.get_em_quote_full
2026-08-01 16:18:49,407 | WARNING | PUSH2 used: stock_common.sc_datasource.get_em_quote_full
2026-08-01 16:18:50,401 | WARNING | PUSH2 used: stock_common.sc_datasource.get_em_quote_full
2026-08-01 16:18:51,413 | WARNING | PUSH2 used: stock_common.sc_datasource.get_em_quote_full
2026-08-01 16:18:52,415 | WARNING | PUSH2 used: stock_common.sc_datasource.get_em_quote_full
2026-08-01 16:18:53,417 | WARNING | PUSH2 used: stock_common.sc_datasource.get_em_quote_full
2026-08-01 16:18:54,440 | WARNING | PUSH2 used: stock_common.sc_datasource.get_em_quote_full
2026-08-01 16:18:55,408 | WARNING | PUSH2 used: stock_common.sc_datasource.get_em_quote_full
2026-08-01 16:18:56,414 | WARNING | PUSH2 used: stock_common.sc_datasource.get_em_quote_full
2026-08-01 16:18:57,422 | WARNING | PUSH2 used: stock_common.sc_datasource.get_em_quote_full
2026-08-01 16:18:58,408 | WARNING | PUSH2 used: stock_common.sc_datasource.get_em_quote_full
2026-08-01 16:18:59,441 | WARNING | PUSH2 used: stock_common.sc_datasource.get_em_quote_full
2026-08-01 16:19:00,677 | WARNING | PUSH2 used: stock_common.sc_datasource.get_em_quote_full
2026-08-01 16:19:01,412 | WARNING | PUSH2 used: stock_common.sc_datasource.get_em_quote_full
2026-08-01 16:19:02,413 | WARNING | PUSH2 used: stock_common.sc_datasource.get_em_quote_full
2026-08-01 16:19:03,410 | WARNING | PUSH2 used: stock_common.sc_datasource.get_em_quote_full
2026-08-01 16:19:04,452 | WARNING | PUSH2 used: stock_common.sc_datasource.get_em_quote_full
2026-08-01 16:19:05,437 | WARNING | PUSH2 used: stock_common.sc_datasource.get_em_quote_full
2026-08-01 16:19:06,432 | WARNING | PUSH2 used: stock_common.sc_datasource.get_em_quote_full
2026-08-01 16:19:07,433 | WARNING | PUSH2 used: stock_common.sc_datasource.get_em_quote_full
2026-08-01 16:19:08,431 | WARNING | PUSH2 used: stock_common.sc_datasource.get_em_quote_full
2026-08-01 16:19:09,403 | WARNING | PUSH2 used: stock_common.sc_datasource.get_em_quote_full
2026-08-01 16:19:10,410 | WARNING | PUSH2 used: stock_common.sc_datasource.get_em_quote_full
2026-08-01 16:19:11,402 | WARNING | PUSH2 used: stock_common.sc_datasource.get_em_quote_full
2026-08-01 16:19:12,413 | WARNING | PUSH2 used: stock_common.sc_datasource.get_em_quote_full
2026-08-01 16:19:13,443 | WARNING | PUSH2 used: stock_common.sc_datasource.get_em_quote_full
2026-08-01 16:19:14,407 | WARNING | PUSH2 used: stock_common.sc_datasource.get_em_quote_full
2026-08-01 16:19:15,398 | WARNING | PUSH2 used: stock_common.sc_datasource.get_em_quote_full
2026-08-01 16:19:16,428 | WARNING | PUSH2 used: stock_common.sc_datasource.get_em_quote_full
2026-08-01 16:19:17,415 | WARNING | PUSH2 used: stock_common.sc_datasource.get_em_quote_full
2026-08-01 16:19:18,414 | WARNING | PUSH2 used: stock_common.sc_datasource.get_em_quote_full
2026-08-01 16:19:19,448 | WARNING | PUSH2 used: stock_common.sc_datasource.get_em_quote_full
2026-08-01 16:19:20,437 | WARNING | PUSH2 used: stock_common.sc_datasource.get_em_quote_full
2026-08-01 16:19:21,438 | WARNING | PUSH2 used: stock_common.sc_datasource.get_em_quote_full
2026-08-01 16:19:22,414 | WARNING | PUSH2 used: stock_common.sc_datasource.get_em_quote_full
2026-08-01 16:19:23,397 | WARNING | PUSH2 used: stock_common.sc_datasource.get_em_quote_full
2026-08-01 16:19:24,445 | WARNING | PUSH2 used: stock_common.sc_datasource.get_em_quote_full
2026-08-01 16:19:25,409 | WARNING | PUSH2 used: stock_common.sc_datasource.get_em_quote_full
2026-08-01 16:19:26,408 | WARNING | PUSH2 used: stock_common.sc_datasource.get_em_quote_full
2026-08-01 16:19:27,403 | WARNING | PUSH2 used: stock_common.sc_datasource.get_em_quote_full
2026-08-01 16:19:28,421 | WARNING | PUSH2 used: stock_common.sc_datasource.get_em_quote_full
2026-08-01 16:19:29,431 | WARNING | PUSH2 used: stock_common.sc_datasource.get_em_quote_full
2026-08-01 16:19:30,421 | WARNING | PUSH2 used: stock_common.sc_datasource.get_em_quote_full
2026-08-01 16:19:31,407 | WARNING | PUSH2 used: stock_common.sc_datasource.get_em_quote_full
2026-08-01 16:19:32,407 | WARNING | PUSH2 used: stock_common.sc_datasource.get_em_quote_full
2026-08-01 16:19:33,433 | WARNING | PUSH2 used: stock_common.sc_datasource.get_em_quote_full
2026-08-01 16:19:34,438 | WARNING | PUSH2 used: stock_common.sc_datasource.get_em_quote_full
2026-08-01 16:19:35,399 | WARNING | PUSH2 used: stock_common.sc_datasource.get_em_quote_full
2026-08-01 16:19:36,421 | WARNING | PUSH2 used: stock_common.sc_datasource.get_em_quote_full
2026-08-01 16:19:37,427 | WARNING | PUSH2 used: stock_common.sc_datasource.get_em_quote_full
2026-08-01 16:19:38,415 | WARNING | PUSH2 used: stock_common.sc_datasource.get_em_quote_full
2026-08-01 16:19:39,395 | WARNING | PUSH2 used: stock_common.sc_datasource.get_em_quote_full
2026-08-01 16:19:40,403 | WARNING | PUSH2 used: stock_common.sc_datasource.get_em_quote_full
2026-08-01 16:19:41,425 | WARNING | PUSH2 used: stock_common.sc_datasource.get_em_quote_full
2026-08-01 16:19:42,413 | WARNING | PUSH2 used: stock_common.sc_datasource.get_em_quote_full
2026-08-01 16:19:43,439 | WARNING | PUSH2 used: stock_common.sc_datasource.get_em_quote_full
2026-08-01 16:19:44,432 | WARNING | PUSH2 used: stock_common.sc_datasource.get_em_quote_full
2026-08-01 16:19:45,399 | WARNING | PUSH2 used: stock_common.sc_datasource.get_em_quote_full
2026-08-01 16:19:46,426 | WARNING | PUSH2 used: stock_common.sc_datasource.get_em_quote_full
2026-08-01 16:19:47,410 | WARNING | PUSH2 used: stock_common.sc_datasource.get_em_quote_full
2026-08-01 16:19:48,420 | WARNING | PUSH2 used: stock_common.sc_datasource.get_em_quote_full
2026-08-01 16:19:49,407 | WARNING | PUSH2 used: stock_common.sc_datasource.get_em_quote_full
2026-08-01 16:19:50,412 | WARNING | PUSH2 used: stock_common.sc_datasource.get_em_quote_full
2026-08-01 16:19:51,423 | WARNING | PUSH2 used: stock_common.sc_datasource.get_em_quote_full
2026-08-01 16:19:52,429 | WARNING | PUSH2 used: stock_common.sc_datasource.get_em_quote_full
2026-08-01 16:19:53,399 | WARNING | PUSH2 used: stock_common.sc_datasource.get_em_quote_full
2026-08-01 16:19:54,405 | WARNING | PUSH2 used: stock_common.sc_datasource.get_em_quote_full
2026-08-01 16:19:55,418 | WARNING | PUSH2 used: stock_common.sc_datasource.get_em_quote_full
2026-08-01 16:21:27,734 | WARNING | PUSH2 used: stock_common.sc_datasource.get_em_quote_full
2026-08-01 16:21:28,122 | WARNING | PUSH2 used: stock_common.sc_datasource.get_em_quote_full
2026-08-01 16:21:28,493 | WARNING | PUSH2 used: stock_common.sc_datasource.get_em_quote_full
2026-08-01 16:21:28,891 | WARNING | PUSH2 used: stock_common.sc_datasource.get_em_quote_full
2026-08-01 16:21:29,245 | WARNING | PUSH2 used: stock_common.sc_datasource.get_em_quote_full
2026-08-01 16:21:30,134 | WARNING | PUSH2 used: stock_common.sc_datasource.get_em_quote_full
2026-08-01 16:21:31,361 | WARNING | PUSH2 used: stock_common.sc_datasource.get_em_quote_full
2026-08-01 16:21:32,142 | WARNING | PUSH2 used: stock_common.sc_datasource.get_em_quote_full
2026-08-01 16:21:33,129 | WARNING | PUSH2 used: stock_common.sc_datasource.get_em_quote_full
2026-08-01 16:21:34,129 | WARNING | PUSH2 used: stock_common.sc_datasource.get_em_quote_full
2026-08-01 16:21:35,121 | WARNING | PUSH2 used: stock_common.sc_datasource.get_em_quote_full
2026-08-01 16:21:36,159 | WARNING | PUSH2 used: stock_common.sc_datasource.get_em_quote_full
2026-08-01 16:21:37,132 | WARNING | PUSH2 used: stock_common.sc_datasource.get_em_quote_full
2026-08-01 16:21:38,126 | WARNING | PUSH2 used: stock_common.sc_datasource.get_em_quote_full
2026-08-01 16:21:39,117 | WARNING | PUSH2 used: stock_common.sc_datasource.get_em_quote_full
2026-08-01 16:21:40,129 | WARNING | PUSH2 used: stock_common.sc_datasource.get_em_quote_full
2026-08-01 16:21:41,128 | WARNING | PUSH2 used: stock_common.sc_datasource.get_em_quote_full
2026-08-01 16:21:42,129 | WARNING | PUSH2 used: stock_common.sc_datasource.get_em_quote_full
2026-08-01 16:21:43,126 | WARNING | PUSH2 used: stock_common.sc_datasource.get_em_quote_full
2026-08-01 16:21:44,172 | WARNING | PUSH2 used: stock_common.sc_datasource.get_em_quote_full
2026-08-01 16:21:45,142 | WARNING | PUSH2 used: stock_common.sc_datasource.get_em_quote_full
2026-08-01 16:21:46,125 | WARNING | PUSH2 used: stock_common.sc_datasource.get_em_quote_full
2026-08-01 16:21:47,127 | WARNING | PUSH2 used: stock_common.sc_datasource.get_em_quote_full
2026-08-01 16:21:48,398 | WARNING | PUSH2 used: stock_common.sc_datasource.get_em_quote_full
2026-08-01 16:21:49,122 | WARNING | PUSH2 used: stock_common.sc_datasource.get_em_quote_full
2026-08-01 16:21:50,355 | WARNING | PUSH2 used: stock_common.sc_datasource.get_em_quote_full
2026-08-01 16:21:51,392 | WARNING | PUSH2 used: stock_common.sc_datasource.get_em_quote_full
2026-08-01 16:21:52,137 | WARNING | PUSH2 used: stock_common.sc_datasource.get_em_quote_full
2026-08-01 16:21:53,117 | WARNING | PUSH2 used: stock_common.sc_datasource.get_em_quote_full
2026-08-01 16:21:54,140 | WARNING | PUSH2 used: stock_common.sc_datasource.get_em_quote_full
2026-08-01 16:21:55,117 | WARNING | PUSH2 used: stock_common.sc_datasource.get_em_quote_full
2026-08-01 16:21:56,131 | WARNING | PUSH2 used: stock_common.sc_datasource.get_em_quote_full
2026-08-01 16:21:57,122 | WARNING | PUSH2 used: stock_common.sc_datasource.get_em_quote_full
2026-08-01 16:21:58,116 | WARNING | PUSH2 used: stock_common.sc_datasource.get_em_quote_full
2026-08-01 16:21:59,122 | WARNING | PUSH2 used: stock_common.sc_datasource.get_em_quote_full
2026-08-01 16:22:00,124 | WARNING | PUSH2 used: stock_common.sc_datasource.get_em_quote_full
2026-08-01 16:22:01,129 | WARNING | PUSH2 used: stock_common.sc_datasource.get_em_quote_full
2026-08-01 16:22:02,381 | WARNING | PUSH2 used: stock_common.sc_datasource.get_em_quote_full
2026-08-01 16:22:03,366 | WARNING | PUSH2 used: stock_common.sc_datasource.get_em_quote_full
2026-08-01 16:22:04,123 | WARNING | PUSH2 used: stock_common.sc_datasource.get_em_quote_full
2026-08-01 16:22:05,113 | WARNING | PUSH2 used: stock_common.sc_datasource.get_em_quote_full
2026-08-01 16:22:06,408 | WARNING | PUSH2 used: stock_common.sc_datasource.get_em_quote_full
2026-08-01 16:22:07,122 | WARNING | PUSH2 used: stock_common.sc_datasource.get_em_quote_full
2026-08-01 16:22:08,123 | WARNING | PUSH2 used: stock_common.sc_datasource.get_em_quote_full
2026-08-01 16:22:09,145 | WARNING | PUSH2 used: stock_common.sc_datasource.get_em_quote_full
2026-08-01 16:22:10,387 | WARNING | PUSH2 used: stock_common.sc_datasource.get_em_quote_full
2026-08-01 16:22:11,149 | WARNING | PUSH2 used: stock_common.sc_datasource.get_em_quote_full
2026-08-01 16:22:12,248 | WARNING | PUSH2 used: stock_common.sc_datasource.get_em_quote_full
2026-08-01 16:22:13,245 | WARNING | PUSH2 used: stock_common.sc_datasource.get_em_quote_full
2026-08-01 16:22:14,250 | WARNING | PUSH2 used: stock_common.sc_datasource.get_em_quote_full
2026-08-01 16:22:15,226 | WARNING | PUSH2 used: stock_common.sc_datasource.get_em_quote_full
2026-08-01 16:22:16,214 | WARNING | PUSH2 used: stock_common.sc_datasource.get_em_quote_full
2026-08-01 16:22:17,222 | WARNING | PUSH2 used: stock_common.sc_datasource.get_em_quote_full
2026-08-01 16:22:18,224 | WARNING | PUSH2 used: stock_common.sc_datasource.get_em_quote_full
2026-08-01 16:22:19,209 | WARNING | PUSH2 used: stock_common.sc_datasource.get_em_quote_full
2026-08-01 16:22:20,225 | WARNING | PUSH2 used: stock_common.sc_datasource.get_em_quote_full
2026-08-01 16:22:21,236 | WARNING | PUSH2 used: stock_common.sc_datasource.get_em_quote_full
2026-08-01 16:22:22,212 | WARNING | PUSH2 used: stock_common.sc_datasource.get_em_quote_full
2026-08-01 16:22:23,220 | WARNING | PUSH2 used: stock_common.sc_datasource.get_em_quote_full
2026-08-01 16:22:24,220 | WARNING | PUSH2 used: stock_common.sc_datasource.get_em_quote_full
2026-08-01 16:22:25,222 | WARNING | PUSH2 used: stock_common.sc_datasource.get_em_quote_full
2026-08-01 16:22:26,220 | WARNING | PUSH2 used: stock_common.sc_datasource.get_em_quote_full
2026-08-01 16:22:27,194 | WARNING | PUSH2 used: stock_common.sc_datasource.get_em_quote_full
2026-08-01 16:22:28,215 | WARNING | PUSH2 used: stock_common.sc_datasource.get_em_quote_full
2026-08-01 16:22:29,208 | WARNING | PUSH2 used: stock_common.sc_datasource.get_em_quote_full
2026-08-01 16:22:30,257 | WARNING | PUSH2 used: stock_common.sc_datasource.get_em_quote_full
2026-08-01 16:22:31,237 | WARNING | PUSH2 used: stock_common.sc_datasource.get_em_quote_full
2026-08-01 16:22:32,214 | WARNING | PUSH2 used: stock_common.sc_datasource.get_em_quote_full
2026-08-01 16:22:33,225 | WARNING | PUSH2 used: stock_common.sc_datasource.get_em_quote_full
2026-08-01 16:22:34,217 | WARNING | PUSH2 used: stock_common.sc_datasource.get_em_quote_full
2026-08-01 16:22:35,215 | WARNING | PUSH2 used: stock_common.sc_datasource.get_em_quote_full
2026-08-01 16:22:36,212 | WARNING | PUSH2 used: stock_common.sc_datasource.get_em_quote_full
2026-08-01 16:22:37,207 | WARNING | PUSH2 used: stock_common.sc_datasource.get_em_quote_full
2026-08-01 16:22:38,209 | WARNING | PUSH2 used: stock_common.sc_datasource.get_em_quote_full
2026-08-01 16:22:39,179 | WARNING | PUSH2 used: stock_common.sc_datasource.get_em_quote_full
2026-08-01 16:22:40,196 | WARNING | PUSH2 used: stock_common.sc_datasource.get_em_quote_full
2026-08-01 16:22:41,181 | WARNING | PUSH2 used: stock_common.sc_datasource.get_em_quote_full
2026-08-01 16:22:42,214 | WARNING | PUSH2 used: stock_common.sc_datasource.get_em_quote_full
2026-08-01 16:22:43,191 | WARNING | PUSH2 used: stock_common.sc_datasource.get_em_quote_full
2026-08-01 16:22:44,210 | WARNING | PUSH2 used: stock_common.sc_datasource.get_em_quote_full
2026-08-01 16:22:45,218 | WARNING | PUSH2 used: stock_common.sc_datasource.get_em_quote_full
2026-08-01 16:22:46,214 | WARNING | PUSH2 used: stock_common.sc_datasource.get_em_quote_full
2026-08-01 16:22:47,181 | WARNING | PUSH2 used: stock_common.sc_datasource.get_em_quote_full
2026-08-01 16:22:48,187 | WARNING | PUSH2 used: stock_common.sc_datasource.get_em_quote_full
2026-08-01 16:22:49,202 | WARNING | PUSH2 used: stock_common.sc_datasource.get_em_quote_full
2026-08-01 16:22:50,211 | WARNING | PUSH2 used: stock_common.sc_datasource.get_em_quote_full
2026-08-01 16:22:51,224 | WARNING | PUSH2 used: stock_common.sc_datasource.get_em_quote_full
2026-08-01 16:22:52,229 | WARNING | PUSH2 used: stock_common.sc_datasource.get_em_quote_full
2026-08-01 16:22:53,214 | WARNING | PUSH2 used: stock_common.sc_datasource.get_em_quote_full
2026-08-01 16:22:54,207 | WARNING | PUSH2 used: stock_common.sc_datasource.get_em_quote_full
2026-08-01 16:22:55,212 | WARNING | PUSH2 used: stock_common.sc_datasource.get_em_quote_full
2026-08-01 16:22:56,214 | WARNING | PUSH2 used: stock_common.sc_datasource.get_em_quote_full
2026-08-01 16:22:57,222 | WARNING | PUSH2 used: stock_common.sc_datasource.get_em_quote_full
2026-08-01 16:22:58,214 | WARNING | PUSH2 used: stock_common.sc_datasource.get_em_quote_full
2026-08-01 16:22:59,222 | WARNING | PUSH2 used: stock_common.sc_datasource.get_em_quote_full
2026-08-01 16:23:00,213 | WARNING | PUSH2 used: stock_common.sc_datasource.get_em_quote_full
2026-08-01 16:23:01,212 | WARNING | PUSH2 used: stock_common.sc_datasource.get_em_quote_full
2026-08-01 16:23:02,231 | WARNING | PUSH2 used: stock_common.sc_datasource.get_em_quote_full
2026-08-01 16:23:03,272 | WARNING | PUSH2 used: stock_common.sc_datasource.get_em_quote_full
2026-08-01 16:23:04,210 | WARNING | PUSH2 used: stock_common.sc_datasource.get_em_quote_full
2026-08-01 16:23:05,204 | WARNING | PUSH2 used: stock_common.sc_datasource.get_em_quote_full
2026-08-01 16:23:06,211 | WARNING | PUSH2 used: stock_common.sc_datasource.get_em_quote_full
2026-08-01 16:23:07,258 | WARNING | PUSH2 used: stock_common.sc_datasource.get_em_quote_full
2026-08-01 16:23:08,243 | WARNING | PUSH2 used: stock_common.sc_datasource.get_em_quote_full
2026-08-01 16:23:09,247 | WARNING | PUSH2 used: stock_common.sc_datasource.get_em_quote_full
2026-08-01 16:23:10,185 | WARNING | PUSH2 used: stock_common.sc_datasource.get_em_quote_full
2026-08-01 16:23:11,123 | WARNING | PUSH2 used: stock_common.sc_datasource.get_em_quote_full
2026-08-01 16:23:12,417 | WARNING | PUSH2 used: stock_common.sc_datasource.get_em_quote_full
2026-08-01 16:23:13,130 | WARNING | PUSH2 used: stock_common.sc_datasource.get_em_quote_full
2026-08-01 16:23:14,130 | WARNING | PUSH2 used: stock_common.sc_datasource.get_em_quote_full
2026-08-01 16:23:15,134 | WARNING | PUSH2 used: stock_common.sc_datasource.get_em_quote_full
2026-08-01 16:23:16,433 | WARNING | PUSH2 used: stock_common.sc_datasource.get_em_quote_full
2026-08-01 16:23:17,398 | WARNING | PUSH2 used: stock_common.sc_datasource.get_em_quote_full
2026-08-01 16:23:18,125 | WARNING | PUSH2 used: stock_common.sc_datasource.get_em_quote_full
2026-08-01 16:23:19,122 | WARNING | PUSH2 used: stock_common.sc_datasource.get_em_quote_full
2026-08-01 16:23:20,135 | WARNING | PUSH2 used: stock_common.sc_datasource.get_em_quote_full
2026-08-01 16:23:21,120 | WARNING | PUSH2 used: stock_common.sc_datasource.get_em_quote_full
2026-08-01 16:23:22,134 | WARNING | PUSH2 used: stock_common.sc_datasource.get_em_quote_full
2026-08-01 16:23:23,411 | WARNING | PUSH2 used: stock_common.sc_datasource.get_em_quote_full
2026-08-01 16:23:24,167 | WARNING | PUSH2 used: stock_common.sc_datasource.get_em_quote_full
2026-08-01 16:23:25,128 | WARNING | PUSH2 used: stock_common.sc_datasource.get_em_quote_full
2026-08-01 16:23:26,126 | WARNING | PUSH2 used: stock_common.sc_datasource.get_em_quote_full
2026-08-01 16:23:27,135 | WARNING | PUSH2 used: stock_common.sc_datasource.get_em_quote_full
2026-08-01 16:23:28,391 | WARNING | PUSH2 used: stock_common.sc_datasource.get_em_quote_full
2026-08-01 16:23:29,122 | WARNING | PUSH2 used: stock_common.sc_datasource.get_em_quote_full
2026-08-01 16:23:30,155 | WARNING | PUSH2 used: stock_common.sc_datasource.get_em_quote_full
2026-08-01 16:23:31,128 | WARNING | PUSH2 used: stock_common.sc_datasource.get_em_quote_full
2026-08-01 16:23:32,125 | WARNING | PUSH2 used: stock_common.sc_datasource.get_em_quote_full
2026-08-01 16:23:33,121 | WARNING | PUSH2 used: stock_common.sc_datasource.get_em_quote_full
2026-08-01 16:23:34,125 | WARNING | PUSH2 used: stock_common.sc_datasource.get_em_quote_full
2026-08-01 16:23:35,119 | WARNING | PUSH2 used: stock_common.sc_datasource.get_em_quote_full
2026-08-01 16:23:36,133 | WARNING | PUSH2 used: stock_common.sc_datasource.get_em_quote_full
2026-08-01 16:23:37,122 | WARNING | PUSH2 used: stock_common.sc_datasource.get_em_quote_full
2026-08-01 16:23:38,120 | WARNING | PUSH2 used: stock_common.sc_datasource.get_em_quote_full
2026-08-01 16:23:39,135 | WARNING | PUSH2 used: stock_common.sc_datasource.get_em_quote_full
2026-08-01 16:23:40,129 | WARNING | PUSH2 used: stock_common.sc_datasource.get_em_quote_full
2026-08-01 16:23:41,132 | WARNING | PUSH2 used: stock_common.sc_datasource.get_em_quote_full
2026-08-01 16:23:42,130 | WARNING | PUSH2 used: stock_common.sc_datasource.get_em_quote_full
2026-08-01 16:23:43,134 | WARNING | PUSH2 used: stock_common.sc_datasource.get_em_quote_full
2026-08-01 16:23:44,152 | WARNING | PUSH2 used: stock_common.sc_datasource.get_em_quote_full
2026-08-01 16:23:45,140 | WARNING | PUSH2 used: stock_common.sc_datasource.get_em_quote_full
2026-08-01 16:23:46,134 | WARNING | PUSH2 used: stock_common.sc_datasource.get_em_quote_full
2026-08-01 16:23:47,144 | WARNING | PUSH2 used: stock_common.sc_datasource.get_em_quote_full
2026-08-01 16:23:48,153 | WARNING | PUSH2 used: stock_common.sc_datasource.get_em_quote_full
2026-08-01 16:23:49,159 | WARNING | PUSH2 used: stock_common.sc_datasource.get_em_quote_full
2026-08-01 16:23:50,424 | WARNING | PUSH2 used: stock_common.sc_datasource.get_em_quote_full
2026-08-01 16:23:51,183 | WARNING | PUSH2 used: stock_common.sc_datasource.get_em_quote_full
2026-08-01 16:23:52,211 | WARNING | PUSH2 used: stock_common.sc_datasource.get_em_quote_full
2026-08-01 16:23:53,577 | WARNING | PUSH2 used: stock_common.sc_datasource.get_em_quote_full
2026-08-01 16:23:54,297 | WARNING | PUSH2 used: stock_common.sc_datasource.get_em_quote_full
2026-08-01 16:23:55,142 | WARNING | PUSH2 used: stock_common.sc_datasource.get_em_quote_full
2026-08-01 16:23:56,133 | WARNING | PUSH2 used: stock_common.sc_datasource.get_em_quote_full
2026-08-01 16:23:57,143 | WARNING | PUSH2 used: stock_common.sc_datasource.get_em_quote_full
2026-08-01 16:23:58,120 | WARNING | PUSH2 used: stock_common.sc_datasource.get_em_quote_full
2026-08-01 16:23:59,130 | WARNING | PUSH2 used: stock_common.sc_datasource.get_em_quote_full
2026-08-01 16:24:00,103 | WARNING | PUSH2 used: stock_common.sc_datasource.get_em_quote_full
2026-08-01 16:24:01,093 | WARNING | PUSH2 used: stock_common.sc_datasource.get_em_quote_full
2026-08-01 16:24:02,104 | WARNING | PUSH2 used: stock_common.sc_datasource.get_em_quote_full
2026-08-01 16:24:03,105 | WARNING | PUSH2 used: stock_common.sc_datasource.get_em_quote_full
2026-08-01 16:24:04,353 | WARNING | PUSH2 used: stock_common.sc_datasource.get_em_quote_full
2026-08-01 16:24:05,344 | WARNING | PUSH2 used: stock_common.sc_datasource.get_em_quote_full
2026-08-01 16:24:06,103 | WARNING | PUSH2 used: stock_common.sc_datasource.get_em_quote_full
2026-08-01 16:24:07,338 | WARNING | PUSH2 used: stock_common.sc_datasource.get_em_quote_full
2026-08-01 16:24:08,115 | WARNING | PUSH2 used: stock_common.sc_datasource.get_em_quote_full
2026-08-01 16:24:09,097 | WARNING | PUSH2 used: stock_common.sc_datasource.get_em_quote_full
2026-08-01 16:24:10,114 | WARNING | PUSH2 used: stock_common.sc_datasource.get_em_quote_full
2026-08-01 16:24:11,087 | WARNING | PUSH2 used: stock_common.sc_datasource.get_em_quote_full
2026-08-01 16:24:12,099 | WARNING | PUSH2 used: stock_common.sc_datasource.get_em_quote_full
2026-08-01 16:24:13,111 | WARNING | PUSH2 used: stock_common.sc_datasource.get_em_quote_full
2026-08-01 16:24:14,104 | WARNING | PUSH2 used: stock_common.sc_datasource.get_em_quote_full
2026-08-01 16:24:15,108 | WARNING | PUSH2 used: stock_common.sc_datasource.get_em_quote_full
2026-08-01 16:24:16,092 | WARNING | PUSH2 used: stock_common.sc_datasource.get_em_quote_full
2026-08-01 16:24:17,110 | WARNING | PUSH2 used: stock_common.sc_datasource.get_em_quote_full
2026-08-01 16:24:18,081 | WARNING | PUSH2 used: stock_common.sc_datasource.get_em_quote_full
2026-08-01 16:24:19,331 | WARNING | PUSH2 used: stock_common.sc_datasource.get_em_quote_full
2026-08-01 16:24:20,359 | WARNING | PUSH2 used: stock_common.sc_datasource.get_em_quote_full
2026-08-01 16:24:21,109 | WARNING | PUSH2 used: stock_common.sc_datasource.get_em_quote_full
2026-08-01 16:24:22,104 | WARNING | PUSH2 used: stock_common.sc_datasource.get_em_quote_full
2026-08-01 16:24:23,100 | WARNING | PUSH2 used: stock_common.sc_datasource.get_em_quote_full
2026-08-01 16:24:24,087 | WARNING | PUSH2 used: stock_common.sc_datasource.get_em_quote_full
2026-08-01 16:24:25,335 | WARNING | PUSH2 used: stock_common.sc_datasource.get_em_quote_full
2026-08-01 16:24:26,088 | WARNING | PUSH2 used: stock_common.sc_datasource.get_em_quote_full
2026-08-01 16:24:27,106 | WARNING | PUSH2 used: stock_common.sc_datasource.get_em_quote_full
2026-08-01 16:24:28,117 | WARNING | PUSH2 used: stock_common.sc_datasource.get_em_quote_full
2026-08-01 16:24:29,092 | WARNING | PUSH2 used: stock_common.sc_datasource.get_em_quote_full
2026-08-01 16:24:30,106 | WARNING | PUSH2 used: stock_common.sc_datasource.get_em_quote_full
2026-08-01 16:24:31,363 | WARNING | PUSH2 used: stock_common.sc_datasource.get_em_quote_full
2026-08-01 16:24:32,093 | WARNING | PUSH2 used: stock_common.sc_datasource.get_em_quote_full
2026-08-01 16:24:33,090 | WARNING | PUSH2 used: stock_common.sc_datasource.get_em_quote_full
2026-08-01 16:24:34,082 | WARNING | PUSH2 used: stock_common.sc_datasource.get_em_quote_full
2026-08-01 16:24:35,102 | WARNING | PUSH2 used: stock_common.sc_datasource.get_em_quote_full
2026-08-01 16:24:36,107 | WARNING | PUSH2 used: stock_common.sc_datasource.get_em_quote_full
2026-08-01 16:24:37,118 | WARNING | PUSH2 used: stock_common.sc_datasource.get_em_quote_full
2026-08-01 16:24:38,115 | WARNING | PUSH2 used: stock_common.sc_datasource.get_em_quote_full
2026-08-01 16:24:39,094 | WARNING | PUSH2 used: stock_common.sc_datasource.get_em_quote_full
2026-08-01 16:24:40,088 | WARNING | PUSH2 used: stock_common.sc_datasource.get_em_quote_full
2026-08-01 16:24:41,094 | WARNING | PUSH2 used: stock_common.sc_datasource.get_em_quote_full
2026-08-01 16:24:42,099 | WARNING | PUSH2 used: stock_common.sc_datasource.get_em_quote_full
2026-08-01 16:24:43,089 | WARNING | PUSH2 used: stock_common.sc_datasource.get_em_quote_full
2026-08-01 16:24:44,094 | WARNING | PUSH2 used: stock_common.sc_datasource.get_em_quote_full
2026-08-01 16:24:45,093 | WARNING | PUSH2 used: stock_common.sc_datasource.get_em_quote_full
2026-08-01 16:24:46,113 | WARNING | PUSH2 used: stock_common.sc_datasource.get_em_quote_full
2026-08-01 16:24:47,123 | WARNING | PUSH2 used: stock_common.sc_datasource.get_em_quote_full
2026-08-01 16:24:48,396 | WARNING | PUSH2 used: stock_common.sc_datasource.get_em_quote_full
2026-08-01 16:24:49,115 | WARNING | PUSH2 used: stock_common.sc_datasource.get_em_quote_full
2026-08-01 16:24:50,106 | WARNING | PUSH2 used: stock_common.sc_datasource.get_em_quote_full
2026-08-01 16:24:51,118 | WARNING | PUSH2 used: stock_common.sc_datasource.get_em_quote_full
2026-08-01 16:24:52,091 | WARNING | PUSH2 used: stock_common.sc_datasource.get_em_quote_full
2026-08-01 16:24:53,084 | WARNING | PUSH2 used: stock_common.sc_datasource.get_em_quote_full
2026-08-01 16:24:54,120 | WARNING | PUSH2 used: stock_common.sc_datasource.get_em_quote_full
2026-08-01 16:24:55,383 | WARNING | PUSH2 used: stock_common.sc_datasource.get_em_quote_full
2026-08-01 16:24:56,359 | WARNING | PUSH2 used: stock_common.sc_datasource.get_em_quote_full
2026-08-01 16:24:57,086 | WARNING | PUSH2 used: stock_common.sc_datasource.get_em_quote_full
2026-08-01 16:24:58,084 | WARNING | PUSH2 used: stock_common.sc_datasource.get_em_quote_full
2026-08-01 16:24:59,103 | WARNING | PUSH2 used: stock_common.sc_datasource.get_em_quote_full
2026-08-01 16:25:00,105 | WARNING | PUSH2 used: stock_common.sc_datasource.get_em_quote_full
2026-08-01 16:25:01,087 | WARNING | PUSH2 used: stock_common.sc_datasource.get_em_quote_full
2026-08-01 16:25:02,081 | WARNING | PUSH2 used: stock_common.sc_datasource.get_em_quote_full
2026-08-01 16:25:03,089 | WARNING | PUSH2 used: stock_common.sc_datasource.get_em_quote_full
2026-08-01 16:25:04,099 | WARNING | PUSH2 used: stock_common.sc_datasource.get_em_quote_full
2026-08-01 16:25:05,104 | WARNING | PUSH2 used: stock_common.sc_datasource.get_em_quote_full
2026-08-01 16:25:06,111 | WARNING | PUSH2 used: stock_common.sc_datasource.get_em_quote_full
2026-08-01 16:25:07,082 | WARNING | PUSH2 used: stock_common.sc_datasource.get_em_quote_full
2026-08-01 16:25:08,091 | WARNING | PUSH2 used: stock_common.sc_datasource.get_em_quote_full
2026-08-01 16:25:09,094 | WARNING | PUSH2 used: stock_common.sc_datasource.get_em_quote_full
2026-08-01 16:25:10,086 | WARNING | PUSH2 used: stock_common.sc_datasource.get_em_quote_full
2026-08-01 16:25:11,102 | WARNING | PUSH2 used: stock_common.sc_datasource.get_em_quote_full
2026-08-01 16:25:12,110 | WARNING | PUSH2 used: stock_common.sc_datasource.get_em_quote_full
2026-08-01 16:25:13,111 | WARNING | PUSH2 used: stock_common.sc_datasource.get_em_quote_full
2026-08-01 16:25:14,098 | WARNING | PUSH2 used: stock_common.sc_datasource.get_em_quote_full
2026-08-01 16:25:15,116 | WARNING | PUSH2 used: stock_common.sc_datasource.get_em_quote_full
2026-08-01 16:25:16,100 | WARNING | PUSH2 used: stock_common.sc_datasource.get_em_quote_full
2026-08-01 16:25:17,078 | WARNING | PUSH2 used: stock_common.sc_datasource.get_em_quote_full
2026-08-01 16:25:18,089 | WARNING | PUSH2 used: stock_common.sc_datasource.get_em_quote_full
2026-08-01 16:25:19,101 | WARNING | PUSH2 used: stock_common.sc_datasource.get_em_quote_full
2026-08-01 16:25:20,087 | WARNING | PUSH2 used: stock_common.sc_datasource.get_em_quote_full
2026-08-01 16:25:21,083 | WARNING | PUSH2 used: stock_common.sc_datasource.get_em_quote_full
2026-08-01 16:25:22,087 | WARNING | PUSH2 used: stock_common.sc_datasource.get_em_quote_full
2026-08-01 16:25:23,084 | WARNING | PUSH2 used: stock_common.sc_datasource.get_em_quote_full
2026-08-01 16:25:24,087 | WARNING | PUSH2 used: stock_common.sc_datasource.get_em_quote_full
2026-08-01 16:25:25,082 | WARNING | PUSH2 used: stock_common.sc_datasource.get_em_quote_full
2026-08-01 16:25:26,121 | WARNING | PUSH2 used: stock_common.sc_datasource.get_em_quote_full
2026-08-01 16:25:27,082 | WARNING | PUSH2 used: stock_common.sc_datasource.get_em_quote_full
2026-08-01 16:25:28,079 | WARNING | PUSH2 used: stock_common.sc_datasource.get_em_quote_full
2026-08-01 16:25:29,099 | WARNING | PUSH2 used: stock_common.sc_datasource.get_em_quote_full
2026-08-01 16:25:30,098 | WARNING | PUSH2 used: stock_common.sc_datasource.get_em_quote_full
2026-08-01 16:25:31,082 | WARNING | PUSH2 used: stock_common.sc_datasource.get_em_quote_full
2026-08-01 16:25:32,079 | WARNING | PUSH2 used: stock_common.sc_datasource.get_em_quote_full
2026-08-01 16:25:33,087 | WARNING | PUSH2 used: stock_common.sc_datasource.get_em_quote_full
2026-08-01 16:25:34,080 | WARNING | PUSH2 used: stock_common.sc_datasource.get_em_quote_full
2026-08-01 16:25:35,094 | WARNING | PUSH2 used: stock_common.sc_datasource.get_em_quote_full
2026-08-01 16:25:36,078 | WARNING | PUSH2 used: stock_common.sc_datasource.get_em_quote_full
2026-08-01 16:25:37,089 | WARNING | PUSH2 used: stock_common.sc_datasource.get_em_quote_full
2026-08-01 16:25:38,078 | WARNING | PUSH2 used: stock_common.sc_datasource.get_em_quote_full
2026-08-01 16:25:39,085 | WARNING | PUSH2 used: stock_common.sc_datasource.get_em_quote_full
2026-08-01 16:25:40,086 | WARNING | PUSH2 used: stock_common.sc_datasource.get_em_quote_full
2026-08-01 16:25:41,126 | WARNING | PUSH2 used: stock_common.sc_datasource.get_em_quote_full
2026-08-01 16:25:42,087 | WARNING | PUSH2 used: stock_common.sc_datasource.get_em_quote_full
2026-08-01 16:25:43,087 | WARNING | PUSH2 used: stock_common.sc_datasource.get_em_quote_full
2026-08-01 16:25:44,083 | WARNING | PUSH2 used: stock_common.sc_datasource.get_em_quote_full
2026-08-01 16:25:45,117 | WARNING | PUSH2 used: stock_common.sc_datasource.get_em_quote_full
2026-08-01 16:25:46,383 | WARNING | PUSH2 used: stock_common.sc_datasource.get_em_quote_full
2026-08-01 16:25:47,098 | WARNING | PUSH2 used: stock_common.sc_datasource.get_em_quote_full
2026-08-01 16:25:48,089 | WARNING | PUSH2 used: stock_common.sc_datasource.get_em_quote_full
2026-08-01 16:25:49,102 | WARNING | PUSH2 used: stock_common.sc_datasource.get_em_quote_full
2026-08-01 16:25:50,116 | WARNING | PUSH2 used: stock_common.sc_datasource.get_em_quote_full
2026-08-01 16:25:51,127 | WARNING | PUSH2 used: stock_common.sc_datasource.get_em_quote_full
2026-08-01 16:25:52,114 | WARNING | PUSH2 used: stock_common.sc_datasource.get_em_quote_full
2026-08-01 16:25:53,107 | WARNING | PUSH2 used: stock_common.sc_datasource.get_em_quote_full
2026-08-01 16:25:54,094 | WARNING | PUSH2 used: stock_common.sc_datasource.get_em_quote_full
2026-08-01 16:25:55,110 | WARNING | PUSH2 used: stock_common.sc_datasource.get_em_quote_full
2026-08-01 16:25:56,352 | WARNING | PUSH2 used: stock_common.sc_datasource.get_em_quote_full
2026-08-01 16:25:57,087 | WARNING | PUSH2 used: stock_common.sc_datasource.get_em_quote_full
2026-08-01 16:25:58,092 | WARNING | PUSH2 used: stock_common.sc_datasource.get_em_quote_full
2026-08-01 16:25:59,099 | WARNING | PUSH2 used: stock_common.sc_datasource.get_em_quote_full
2026-08-01 16:26:00,103 | WARNING | PUSH2 used: stock_common.sc_datasource.get_em_quote_full
2026-08-01 16:26:01,103 | WARNING | PUSH2 used: stock_common.sc_datasource.get_em_quote_full
2026-08-01 16:26:02,097 | WARNING | PUSH2 used: stock_common.sc_datasource.get_em_quote_full
2026-08-01 16:26:03,098 | WARNING | PUSH2 used: stock_common.sc_datasource.get_em_quote_full
2026-08-01 16:26:04,402 | WARNING | PUSH2 used: stock_common.sc_datasource.get_em_quote_full
2026-08-01 16:26:05,097 | WARNING | PUSH2 used: stock_common.sc_datasource.get_em_quote_full
2026-08-01 16:26:06,080 | WARNING | PUSH2 used: stock_common.sc_datasource.get_em_quote_full
2026-08-01 16:26:07,092 | WARNING | PUSH2 used: stock_common.sc_datasource.get_em_quote_full
2026-08-01 16:26:08,096 | WARNING | PUSH2 used: stock_common.sc_datasource.get_em_quote_full
2026-08-01 16:26:09,103 | WARNING | PUSH2 used: stock_common.sc_datasource.get_em_quote_full
2026-08-01 16:26:10,093 | WARNING | PUSH2 used: stock_common.sc_datasource.get_em_quote_full
2026-08-01 16:26:11,103 | WARNING | PUSH2 used: stock_common.sc_datasource.get_em_quote_full
2026-08-01 16:26:12,090 | WARNING | PUSH2 used: stock_common.sc_datasource.get_em_quote_full
2026-08-01 16:26:13,078 | WARNING | PUSH2 used: stock_common.sc_datasource.get_em_quote_full
2026-08-01 16:26:14,123 | WARNING | PUSH2 used: stock_common.sc_datasource.get_em_quote_full
2026-08-01 16:26:15,099 | WARNING | PUSH2 used: stock_common.sc_datasource.get_em_quote_full
2026-08-01 16:26:16,101 | WARNING | PUSH2 used: stock_common.sc_datasource.get_em_quote_full
2026-08-01 16:26:17,098 | WARNING | PUSH2 used: stock_common.sc_datasource.get_em_quote_full
2026-08-01 16:26:18,108 | WARNING | PUSH2 used: stock_common.sc_datasource.get_em_quote_full
2026-08-01 16:26:19,133 | WARNING | PUSH2 used: stock_common.sc_datasource.get_em_quote_full
2026-08-01 16:26:20,398 | WARNING | PUSH2 used: stock_common.sc_datasource.get_em_quote_full
2026-08-01 16:26:21,113 | WARNING | PUSH2 used: stock_common.sc_datasource.get_em_quote_full
2026-08-01 16:26:22,083 | WARNING | PUSH2 used: stock_common.sc_datasource.get_em_quote_full
2026-08-01 16:26:23,085 | WARNING | PUSH2 used: stock_common.sc_datasource.get_em_quote_full
2026-08-01 16:26:24,088 | WARNING | PUSH2 used: stock_common.sc_datasource.get_em_quote_full
2026-08-01 16:26:25,093 | WARNING | PUSH2 used: stock_common.sc_datasource.get_em_quote_full
2026-08-01 16:26:26,087 | WARNING | PUSH2 used: stock_common.sc_datasource.get_em_quote_full
2026-08-01 16:26:27,104 | WARNING | PUSH2 used: stock_common.sc_datasource.get_em_quote_full
2026-08-01 16:26:28,351 | WARNING | PUSH2 used: stock_common.sc_datasource.get_em_quote_full
2026-08-01 16:26:29,109 | WARNING | PUSH2 used: stock_common.sc_datasource.get_em_quote_full
2026-08-01 16:26:30,131 | WARNING | PUSH2 used: stock_common.sc_datasource.get_em_quote_full
2026-08-01 16:26:31,114 | WARNING | PUSH2 used: stock_common.sc_datasource.get_em_quote_full
2026-08-01 16:26:32,133 | WARNING | PUSH2 used: stock_common.sc_datasource.get_em_quote_full
2026-08-01 16:26:33,212 | WARNING | PUSH2 used: stock_common.sc_datasource.get_em_quote_full
2026-08-01 16:26:34,182 | WARNING | PUSH2 used: stock_common.sc_datasource.get_em_quote_full
2026-08-01 16:26:35,175 | WARNING | PUSH2 used: stock_common.sc_datasource.get_em_quote_full
2026-08-01 16:26:36,189 | WARNING | PUSH2 used: stock_common.sc_datasource.get_em_quote_full
2026-08-01 16:26:37,191 | WARNING | PUSH2 used: stock_common.sc_datasource.get_em_quote_full
2026-08-01 16:26:38,197 | WARNING | PUSH2 used: stock_common.sc_datasource.get_em_quote_full
2026-08-01 16:26:39,233 | WARNING | PUSH2 used: stock_common.sc_datasource.get_em_quote_full
2026-08-01 16:26:40,123 | WARNING | PUSH2 used: stock_common.sc_datasource.get_em_quote_full
2026-08-01 16:26:41,218 | WARNING | PUSH2 used: stock_common.sc_datasource.get_em_quote_full
2026-08-01 16:26:42,144 | WARNING | PUSH2 used: stock_common.sc_datasource.get_em_quote_full
2026-08-01 16:26:43,126 | WARNING | PUSH2 used: stock_common.sc_datasource.get_em_quote_full
2026-08-01 16:26:44,106 | WARNING | PUSH2 used: stock_common.sc_datasource.get_em_quote_full
2026-08-01 16:26:45,189 | WARNING | PUSH2 used: stock_common.sc_datasource.get_em_quote_full
2026-08-01 16:26:46,361 | WARNING | PUSH2 used: stock_common.sc_datasource.get_em_quote_full
2026-08-01 16:26:47,095 | WARNING | PUSH2 used: stock_common.sc_datasource.get_em_quote_full
2026-08-01 16:26:48,084 | WARNING | PUSH2 used: stock_common.sc_datasource.get_em_quote_full
2026-08-01 16:26:49,091 | WARNING | PUSH2 used: stock_common.sc_datasource.get_em_quote_full
2026-08-01 16:26:50,095 | WARNING | PUSH2 used: stock_common.sc_datasource.get_em_quote_full
2026-08-01 16:26:51,131 | WARNING | PUSH2 used: stock_common.sc_datasource.get_em_quote_full
2026-08-01 16:26:52,109 | WARNING | PUSH2 used: stock_common.sc_datasource.get_em_quote_full
2026-08-01 16:26:53,108 | WARNING | PUSH2 used: stock_common.sc_datasource.get_em_quote_full
2026-08-01 16:26:54,114 | WARNING | PUSH2 used: stock_common.sc_datasource.get_em_quote_full
2026-08-01 16:26:55,081 | WARNING | PUSH2 used: stock_common.sc_datasource.get_em_quote_full
2026-08-01 16:26:56,100 | WARNING | PUSH2 used: stock_common.sc_datasource.get_em_quote_full
2026-08-01 16:26:57,133 | WARNING | PUSH2 used: stock_common.sc_datasource.get_em_quote_full
2026-08-01 16:26:58,097 | WARNING | PUSH2 used: stock_common.sc_datasource.get_em_quote_full
2026-08-01 16:26:59,084 | WARNING | PUSH2 used: stock_common.sc_datasource.get_em_quote_full
2026-08-01 16:27:00,356 | WARNING | PUSH2 used: stock_common.sc_datasource.get_em_quote_full
2026-08-01 16:27:01,083 | WARNING | PUSH2 used: stock_common.sc_datasource.get_em_quote_full
2026-08-01 16:27:02,386 | WARNING | PUSH2 used: stock_common.sc_datasource.get_em_quote_full
2026-08-01 16:27:03,093 | WARNING | PUSH2 used: stock_common.sc_datasource.get_em_quote_full
2026-08-01 16:27:04,100 | WARNING | PUSH2 used: stock_common.sc_datasource.get_em_quote_full
2026-08-01 16:27:05,086 | WARNING | PUSH2 used: stock_common.sc_datasource.get_em_quote_full
2026-08-01 16:27:06,378 | WARNING | PUSH2 used: stock_common.sc_datasource.get_em_quote_full
2026-08-01 16:27:07,107 | WARNING | PUSH2 used: stock_common.sc_datasource.get_em_quote_full
2026-08-01 16:27:08,083 | WARNING | PUSH2 used: stock_common.sc_datasource.get_em_quote_full
2026-08-01 16:27:09,087 | WARNING | PUSH2 used: stock_common.sc_datasource.get_em_quote_full
2026-08-01 16:27:10,090 | WARNING | PUSH2 used: stock_common.sc_datasource.get_em_quote_full
2026-08-01 16:27:11,110 | WARNING | PUSH2 used: stock_common.sc_datasource.get_em_quote_full
2026-08-01 16:27:12,094 | WARNING | PUSH2 used: stock_common.sc_datasource.get_em_quote_full
2026-08-01 16:27:13,101 | WARNING | PUSH2 used: stock_common.sc_datasource.get_em_quote_full
2026-08-01 16:27:14,359 | WARNING | PUSH2 used: stock_common.sc_datasource.get_em_quote_full
2026-08-01 16:27:15,082 | WARNING | PUSH2 used: stock_common.sc_datasource.get_em_quote_full
2026-08-01 16:27:16,090 | WARNING | PUSH2 used: stock_common.sc_datasource.get_em_quote_full
2026-08-01 16:27:17,092 | WARNING | PUSH2 used: stock_common.sc_datasource.get_em_quote_full
2026-08-01 16:27:18,080 | WARNING | PUSH2 used: stock_common.sc_datasource.get_em_quote_full
2026-08-01 16:27:19,090 | WARNING | PUSH2 used: stock_common.sc_datasource.get_em_quote_full
2026-08-01 16:27:20,393 | WARNING | PUSH2 used: stock_common.sc_datasource.get_em_quote_full
2026-08-01 16:27:21,080 | WARNING | PUSH2 used: stock_common.sc_datasource.get_em_quote_full
2026-08-01 16:27:22,365 | WARNING | PUSH2 used: stock_common.sc_datasource.get_em_quote_full
2026-08-01 16:27:23,119 | WARNING | PUSH2 used: stock_common.sc_datasource.get_em_quote_full
2026-08-01 16:27:24,080 | WARNING | PUSH2 used: stock_common.sc_datasource.get_em_quote_full
2026-08-01 16:27:25,093 | WARNING | PUSH2 used: stock_common.sc_datasource.get_em_quote_full
2026-08-01 16:27:26,127 | WARNING | PUSH2 used: stock_common.sc_datasource.get_em_quote_full
2026-08-01 16:27:27,367 | WARNING | PUSH2 used: stock_common.sc_datasource.get_em_quote_full
2026-08-01 16:27:28,088 | WARNING | PUSH2 used: stock_common.sc_datasource.get_em_quote_full
2026-08-01 16:27:29,100 | WARNING | PUSH2 used: stock_common.sc_datasource.get_em_quote_full
2026-08-01 16:27:30,109 | WARNING | PUSH2 used: stock_common.sc_datasource.get_em_quote_full
2026-08-01 16:27:31,095 | WARNING | PUSH2 used: stock_common.sc_datasource.get_em_quote_full
2026-08-01 16:27:32,102 | WARNING | PUSH2 used: stock_common.sc_datasource.get_em_quote_full
2026-08-01 16:27:33,116 | WARNING | PUSH2 used: stock_common.sc_datasource.get_em_quote_full
2026-08-01 16:27:34,116 | WARNING | PUSH2 used: stock_common.sc_datasource.get_em_quote_full
2026-08-01 16:27:35,172 | WARNING | PUSH2 used: stock_common.sc_datasource.get_em_quote_full
2026-08-01 16:27:36,355 | WARNING | PUSH2 used: stock_common.sc_datasource.get_em_quote_full
2026-08-01 16:27:37,079 | WARNING | PUSH2 used: stock_common.sc_datasource.get_em_quote_full
2026-08-01 16:27:38,094 | WARNING | PUSH2 used: stock_common.sc_datasource.get_em_quote_full
2026-08-01 16:27:39,088 | WARNING | PUSH2 used: stock_common.sc_datasource.get_em_quote_full
2026-08-01 16:27:40,327 | WARNING | PUSH2 used: stock_common.sc_datasource.get_em_quote_full
2026-08-01 16:27:41,121 | WARNING | PUSH2 used: stock_common.sc_datasource.get_em_quote_full
2026-08-01 16:27:42,111 | WARNING | PUSH2 used: stock_common.sc_datasource.get_em_quote_full
2026-08-01 16:27:43,098 | WARNING | PUSH2 used: stock_common.sc_datasource.get_em_quote_full
2026-08-01 16:27:44,330 | WARNING | PUSH2 used: stock_common.sc_datasource.get_em_quote_full
2026-08-01 16:27:45,105 | WARNING | PUSH2 used: stock_common.sc_datasource.get_em_quote_full
2026-08-01 16:27:46,625 | WARNING | PUSH2 used: stock_common.sc_datasource.get_em_quote_full
2026-08-01 16:27:47,085 | WARNING | PUSH2 used: stock_common.sc_datasource.get_em_quote_full
2026-08-01 16:27:48,094 | WARNING | PUSH2 used: stock_common.sc_datasource.get_em_quote_full
2026-08-01 16:27:49,097 | WARNING | PUSH2 used: stock_common.sc_datasource.get_em_quote_full
2026-08-01 16:27:50,098 | WARNING | PUSH2 used: stock_common.sc_datasource.get_em_quote_full
2026-08-01 16:27:51,093 | WARNING | PUSH2 used: stock_common.sc_datasource.get_em_quote_full
2026-08-01 16:27:52,107 | WARNING | PUSH2 used: stock_common.sc_datasource.get_em_quote_full
2026-08-01 16:27:53,108 | WARNING | PUSH2 used: stock_common.sc_datasource.get_em_quote_full
2026-08-01 16:27:54,086 | WARNING | PUSH2 used: stock_common.sc_datasource.get_em_quote_full
2026-08-01 16:27:55,103 | WARNING | PUSH2 used: stock_common.sc_datasource.get_em_quote_full
2026-08-01 16:27:56,092 | WARNING | PUSH2 used: stock_common.sc_datasource.get_em_quote_full
2026-08-01 16:27:57,080 | WARNING | PUSH2 used: stock_common.sc_datasource.get_em_quote_full
2026-08-01 16:27:58,086 | WARNING | PUSH2 used: stock_common.sc_datasource.get_em_quote_full
2026-08-01 16:27:59,087 | WARNING | PUSH2 used: stock_common.sc_datasource.get_em_quote_full
2026-08-01 16:28:00,095 | WARNING | PUSH2 used: stock_common.sc_datasource.get_em_quote_full
2026-08-01 16:28:01,103 | WARNING | PUSH2 used: stock_common.sc_datasource.get_em_quote_full
2026-08-01 16:28:02,648 | WARNING | PUSH2 used: stock_common.sc_datasource.get_em_quote_full
2026-08-01 16:28:03,092 | WARNING | PUSH2 used: stock_common.sc_datasource.get_em_quote_full
2026-08-01 16:28:04,088 | WARNING | PUSH2 used: stock_common.sc_datasource.get_em_quote_full
2026-08-01 16:28:05,361 | WARNING | PUSH2 used: stock_common.sc_datasource.get_em_quote_full
2026-08-01 16:28:06,102 | WARNING | PUSH2 used: stock_common.sc_datasource.get_em_quote_full
2026-08-01 16:28:07,094 | WARNING | PUSH2 used: stock_common.sc_datasource.get_em_quote_full
2026-08-01 16:28:08,090 | WARNING | PUSH2 used: stock_common.sc_datasource.get_em_quote_full
2026-08-01 16:28:09,077 | WARNING | PUSH2 used: stock_common.sc_datasource.get_em_quote_full
2026-08-01 16:28:10,111 | WARNING | PUSH2 used: stock_common.sc_datasource.get_em_quote_full
2026-08-01 16:28:11,109 | WARNING | PUSH2 used: stock_common.sc_datasource.get_em_quote_full
2026-08-01 16:28:12,106 | WARNING | PUSH2 used: stock_common.sc_datasource.get_em_quote_full
2026-08-01 16:28:13,135 | WARNING | PUSH2 used: stock_common.sc_datasource.get_em_quote_full
2026-08-01 16:28:14,107 | WARNING | PUSH2 used: stock_common.sc_datasource.get_em_quote_full
2026-08-01 16:28:15,097 | WARNING | PUSH2 used: stock_common.sc_datasource.get_em_quote_full
2026-08-01 16:28:16,386 | WARNING | PUSH2 used: stock_common.sc_datasource.get_em_quote_full
2026-08-01 16:28:17,146 | WARNING | PUSH2 used: stock_common.sc_datasource.get_em_quote_full
2026-08-01 16:28:18,166 | WARNING | PUSH2 used: stock_common.sc_datasource.get_em_quote_full
2026-08-01 16:28:19,080 | WARNING | PUSH2 used: stock_common.sc_datasource.get_em_quote_full
2026-08-01 16:28:20,147 | WARNING | PUSH2 used: stock_common.sc_datasource.get_em_quote_full
2026-08-01 16:28:21,169 | WARNING | PUSH2 used: stock_common.sc_datasource.get_em_quote_full
2026-08-01 16:28:22,163 | WARNING | PUSH2 used: stock_common.sc_datasource.get_em_quote_full
2026-08-01 16:28:23,171 | WARNING | PUSH2 used: stock_common.sc_datasource.get_em_quote_full
2026-08-01 16:28:24,265 | WARNING | PUSH2 used: stock_common.sc_datasource.get_em_quote_full
2026-08-01 16:28:25,153 | WARNING | PUSH2 used: stock_common.sc_datasource.get_em_quote_full
2026-08-01 16:28:26,103 | WARNING | PUSH2 used: stock_common.sc_datasource.get_em_quote_full
2026-08-01 16:28:27,146 | WARNING | PUSH2 used: stock_common.sc_datasource.get_em_quote_full
2026-08-01 16:28:28,192 | WARNING | PUSH2 used: stock_common.sc_datasource.get_em_quote_full
2026-08-01 16:28:29,656 | WARNING | PUSH2 used: stock_common.sc_datasource.get_em_quote_full
2026-08-01 16:28:30,120 | WARNING | PUSH2 used: stock_common.sc_datasource.get_em_quote_full
2026-08-01 16:28:31,106 | WARNING | PUSH2 used: stock_common.sc_datasource.get_em_quote_full
2026-08-01 16:28:32,110 | WARNING | PUSH2 used: stock_common.sc_datasource.get_em_quote_full
2026-08-01 16:28:33,453 | WARNING | PUSH2 used: stock_common.sc_datasource.get_em_quote_full
2026-08-01 16:28:34,474 | WARNING | PUSH2 used: stock_common.sc_datasource.get_em_quote_full
2026-08-01 16:28:35,173 | WARNING | PUSH2 used: stock_common.sc_datasource.get_em_quote_full
2026-08-01 16:28:36,175 | WARNING | PUSH2 used: stock_common.sc_datasource.get_em_quote_full
2026-08-01 16:28:37,183 | WARNING | PUSH2 used: stock_common.sc_datasource.get_em_quote_full
2026-08-01 16:28:38,155 | WARNING | PUSH2 used: stock_common.sc_datasource.get_em_quote_full
2026-08-01 16:28:39,201 | WARNING | PUSH2 used: stock_common.sc_datasource.get_em_quote_full
2026-08-01 16:28:40,177 | WARNING | PUSH2 used: stock_common.sc_datasource.get_em_quote_full
2026-08-01 16:28:41,153 | WARNING | PUSH2 used: stock_common.sc_datasource.get_em_quote_full
2026-08-01 16:28:42,234 | WARNING | PUSH2 used: stock_common.sc_datasource.get_em_quote_full
2026-08-01 16:28:43,112 | WARNING | PUSH2 used: stock_common.sc_datasource.get_em_quote_full
2026-08-01 16:28:44,155 | WARNING | PUSH2 used: stock_common.sc_datasource.get_em_quote_full
2026-08-01 16:28:45,229 | WARNING | PUSH2 used: stock_common.sc_datasource.get_em_quote_full
2026-08-01 16:28:46,443 | WARNING | PUSH2 used: stock_common.sc_datasource.get_em_quote_full
2026-08-01 16:28:47,084 | WARNING | PUSH2 used: stock_common.sc_datasource.get_em_quote_full
2026-08-01 16:28:48,118 | WARNING | PUSH2 used: stock_common.sc_datasource.get_em_quote_full
2026-08-01 16:28:49,108 | WARNING | PUSH2 used: stock_common.sc_datasource.get_em_quote_full
2026-08-01 16:28:50,194 | WARNING | PUSH2 used: stock_common.sc_datasource.get_em_quote_full
2026-08-01 16:28:51,217 | WARNING | PUSH2 used: stock_common.sc_datasource.get_em_quote_full
2026-08-01 16:28:52,379 | WARNING | PUSH2 used: stock_common.sc_datasource.get_em_quote_full
2026-08-01 16:28:54,070 | WARNING | PUSH2 used: stock_common.sc_datasource.get_em_quote_full
2026-08-01 16:28:55,148 | WARNING | PUSH2 used: stock_common.sc_datasource.get_em_quote_full
2026-08-01 16:28:55,678 | WARNING | PUSH2 used: stock_common.sc_datasource.get_em_quote_full
2026-08-01 16:28:56,242 | WARNING | PUSH2 used: stock_common.sc_datasource.get_em_quote_full
2026-08-01 16:28:57,154 | WARNING | PUSH2 used: stock_common.sc_datasource.get_em_quote_full
2026-08-01 16:28:58,147 | WARNING | PUSH2 used: stock_common.sc_datasource.get_em_quote_full
2026-08-01 16:28:59,206 | WARNING | PUSH2 used: stock_common.sc_datasource.get_em_quote_full
2026-08-01 16:29:00,146 | WARNING | PUSH2 used: stock_common.sc_datasource.get_em_quote_full
2026-08-01 16:29:01,155 | WARNING | PUSH2 used: stock_common.sc_datasource.get_em_quote_full
2026-08-01 16:29:02,163 | WARNING | PUSH2 used: stock_common.sc_datasource.get_em_quote_full
2026-08-01 16:29:03,193 | WARNING | PUSH2 used: stock_common.sc_datasource.get_em_quote_full
2026-08-01 16:29:04,167 | WARNING | PUSH2 used: stock_common.sc_datasource.get_em_quote_full
2026-08-01 16:29:05,133 | WARNING | PUSH2 used: stock_common.sc_datasource.get_em_quote_full
2026-08-01 16:29:06,404 | WARNING | PUSH2 used: stock_common.sc_datasource.get_em_quote_full
2026-08-01 16:29:07,175 | WARNING | PUSH2 used: stock_common.sc_datasource.get_em_quote_full
2026-08-01 16:29:08,256 | WARNING | PUSH2 used: stock_common.sc_datasource.get_em_quote_full
2026-08-01 16:29:09,187 | WARNING | PUSH2 used: stock_common.sc_datasource.get_em_quote_full
2026-08-01 16:29:10,183 | WARNING | PUSH2 used: stock_common.sc_datasource.get_em_quote_full
2026-08-01 16:29:11,449 | WARNING | PUSH2 used: stock_common.sc_datasource.get_em_quote_full
2026-08-01 16:29:12,183 | WARNING | PUSH2 used: stock_common.sc_datasource.get_em_quote_full
2026-08-01 16:29:13,445 | WARNING | PUSH2 used: stock_common.sc_datasource.get_em_quote_full
2026-08-01 16:29:14,204 | WARNING | PUSH2 used: stock_common.sc_datasource.get_em_quote_full
2026-08-01 16:29:15,148 | WARNING | PUSH2 used: stock_common.sc_datasource.get_em_quote_full
2026-08-01 16:29:16,144 | WARNING | PUSH2 used: stock_common.sc_datasource.get_em_quote_full
2026-08-01 16:29:17,127 | WARNING | PUSH2 used: stock_common.sc_datasource.get_em_quote_full
2026-08-01 16:29:18,130 | WARNING | PUSH2 used: stock_common.sc_datasource.get_em_quote_full
2026-08-01 16:29:19,126 | WARNING | PUSH2 used: stock_common.sc_datasource.get_em_quote_full
2026-08-01 16:29:20,192 | WARNING | PUSH2 used: stock_common.sc_datasource.get_em_quote_full
2026-08-01 16:29:21,417 | WARNING | PUSH2 used: stock_common.sc_datasource.get_em_quote_full
2026-08-01 16:29:22,146 | WARNING | PUSH2 used: stock_common.sc_datasource.get_em_quote_full
2026-08-01 16:29:23,429 | WARNING | PUSH2 used: stock_common.sc_datasource.get_em_quote_full
2026-08-01 16:29:24,121 | WARNING | PUSH2 used: stock_common.sc_datasource.get_em_quote_full
2026-08-01 16:29:25,100 | WARNING | PUSH2 used: stock_common.sc_datasource.get_em_quote_full
2026-08-01 16:29:26,130 | WARNING | PUSH2 used: stock_common.sc_datasource.get_em_quote_full
2026-08-01 16:29:27,120 | WARNING | PUSH2 used: stock_common.sc_datasource.get_em_quote_full
2026-08-01 16:29:28,106 | WARNING | PUSH2 used: stock_common.sc_datasource.get_em_quote_full
2026-08-01 16:29:29,111 | WARNING | PUSH2 used: stock_common.sc_datasource.get_em_quote_full
2026-08-01 16:29:30,148 | WARNING | PUSH2 used: stock_common.sc_datasource.get_em_quote_full
2026-08-01 16:29:31,135 | WARNING | PUSH2 used: stock_common.sc_datasource.get_em_quote_full
2026-08-01 16:29:32,097 | WARNING | PUSH2 used: stock_common.sc_datasource.get_em_quote_full
2026-08-01 16:29:33,138 | WARNING | PUSH2 used: stock_common.sc_datasource.get_em_quote_full
2026-08-01 16:29:34,131 | WARNING | PUSH2 used: stock_common.sc_datasource.get_em_quote_full
2026-08-01 16:29:35,116 | WARNING | PUSH2 used: stock_common.sc_datasource.get_em_quote_full
2026-08-01 16:29:36,102 | WARNING | PUSH2 used: stock_common.sc_datasource.get_em_quote_full
2026-08-01 16:29:37,427 | WARNING | PUSH2 used: stock_common.sc_datasource.get_em_quote_full
2026-08-01 16:29:38,372 | WARNING | PUSH2 used: stock_common.sc_datasource.get_em_quote_full
2026-08-01 16:29:39,093 | WARNING | PUSH2 used: stock_common.sc_datasource.get_em_quote_full
2026-08-01 16:29:40,112 | WARNING | PUSH2 used: stock_common.sc_datasource.get_em_quote_full
2026-08-01 16:29:41,097 | WARNING | PUSH2 used: stock_common.sc_datasource.get_em_quote_full
2026-08-01 16:29:42,360 | WARNING | PUSH2 used: stock_common.sc_datasource.get_em_quote_full
2026-08-01 16:29:43,209 | WARNING | PUSH2 used: stock_common.sc_datasource.get_em_quote_full
2026-08-01 16:29:44,194 | WARNING | PUSH2 used: stock_common.sc_datasource.get_em_quote_full
2026-08-01 16:29:45,136 | WARNING | PUSH2 used: stock_common.sc_datasource.get_em_quote_full
2026-08-01 16:29:46,114 | WARNING | PUSH2 used: stock_common.sc_datasource.get_em_quote_full
2026-08-01 16:29:47,136 | WARNING | PUSH2 used: stock_common.sc_datasource.get_em_quote_full
2026-08-01 16:29:48,088 | WARNING | PUSH2 used: stock_common.sc_datasource.get_em_quote_full
2026-08-01 16:29:49,128 | WARNING | PUSH2 used: stock_common.sc_datasource.get_em_quote_full
2026-08-01 16:29:50,396 | WARNING | PUSH2 used: stock_common.sc_datasource.get_em_quote_full
2026-08-01 16:29:51,113 | WARNING | PUSH2 used: stock_common.sc_datasource.get_em_quote_full
2026-08-01 16:29:52,146 | WARNING | PUSH2 used: stock_common.sc_datasource.get_em_quote_full
2026-08-01 16:29:53,129 | WARNING | PUSH2 used: stock_common.sc_datasource.get_em_quote_full
2026-08-01 16:29:54,122 | WARNING | PUSH2 used: stock_common.sc_datasource.get_em_quote_full
2026-08-01 16:29:55,107 | WARNING | PUSH2 used: stock_common.sc_datasource.get_em_quote_full
2026-08-01 16:29:56,369 | WARNING | PUSH2 used: stock_common.sc_datasource.get_em_quote_full
2026-08-01 16:29:57,097 | WARNING | PUSH2 used: stock_common.sc_datasource.get_em_quote_full
2026-08-01 16:29:58,109 | WARNING | PUSH2 used: stock_common.sc_datasource.get_em_quote_full
2026-08-01 16:29:59,094 | WARNING | PUSH2 used: stock_common.sc_datasource.get_em_quote_full
2026-08-01 16:30:00,096 | WARNING | PUSH2 used: stock_common.sc_datasource.get_em_quote_full
2026-08-01 16:30:01,102 | WARNING | PUSH2 used: stock_common.sc_datasource.get_em_quote_full
2026-08-01 16:30:02,100 | WARNING | PUSH2 used: stock_common.sc_datasource.get_em_quote_full
2026-08-01 16:30:03,116 | WARNING | PUSH2 used: stock_common.sc_datasource.get_em_quote_full
2026-08-01 16:30:04,102 | WARNING | PUSH2 used: stock_common.sc_datasource.get_em_quote_full
2026-08-01 16:30:05,103 | WARNING | PUSH2 used: stock_common.sc_datasource.get_em_quote_full
2026-08-01 16:30:06,091 | WARNING | PUSH2 used: stock_common.sc_datasource.get_em_quote_full
2026-08-01 16:30:07,110 | WARNING | PUSH2 used: stock_common.sc_datasource.get_em_quote_full
2026-08-01 16:30:08,086 | WARNING | PUSH2 used: stock_common.sc_datasource.get_em_quote_full
2026-08-01 16:30:09,088 | WARNING | PUSH2 used: stock_common.sc_datasource.get_em_quote_full
2026-08-01 16:30:10,378 | WARNING | PUSH2 used: stock_common.sc_datasource.get_em_quote_full
2026-08-01 16:30:11,087 | WARNING | PUSH2 used: stock_common.sc_datasource.get_em_quote_full
2026-08-01 16:30:12,101 | WARNING | PUSH2 used: stock_common.sc_datasource.get_em_quote_full
2026-08-01 16:30:13,105 | WARNING | PUSH2 used: stock_common.sc_datasource.get_em_quote_full
2026-08-01 16:30:14,108 | WARNING | PUSH2 used: stock_common.sc_datasource.get_em_quote_full
2026-08-01 16:30:15,093 | WARNING | PUSH2 used: stock_common.sc_datasource.get_em_quote_full
2026-08-01 16:30:16,095 | WARNING | PUSH2 used: stock_common.sc_datasource.get_em_quote_full
2026-08-01 16:30:17,087 | WARNING | PUSH2 used: stock_common.sc_datasource.get_em_quote_full
2026-08-01 16:30:18,135 | WARNING | PUSH2 used: stock_common.sc_datasource.get_em_quote_full
2026-08-01 16:30:19,157 | WARNING | PUSH2 used: stock_common.sc_datasource.get_em_quote_full
2026-08-01 16:30:20,192 | WARNING | PUSH2 used: stock_common.sc_datasource.get_em_quote_full
2026-08-01 16:30:21,134 | WARNING | PUSH2 used: stock_common.sc_datasource.get_em_quote_full
2026-08-01 16:30:22,095 | WARNING | PUSH2 used: stock_common.sc_datasource.get_em_quote_full
2026-08-01 16:30:23,098 | WARNING | PUSH2 used: stock_common.sc_datasource.get_em_quote_full
2026-08-01 16:30:24,663 | WARNING | PUSH2 used: stock_common.sc_datasource.get_em_quote_full
2026-08-01 16:30:25,113 | WARNING | PUSH2 used: stock_common.sc_datasource.get_em_quote_full
2026-08-01 16:30:26,106 | WARNING | PUSH2 used: stock_common.sc_datasource.get_em_quote_full
2026-08-01 16:30:27,089 | WARNING | PUSH2 used: stock_common.sc_datasource.get_em_quote_full
2026-08-01 16:30:28,110 | WARNING | PUSH2 used: stock_common.sc_datasource.get_em_quote_full
2026-08-01 16:30:29,095 | WARNING | PUSH2 used: stock_common.sc_datasource.get_em_quote_full
2026-08-01 16:30:30,400 | WARNING | PUSH2 used: stock_common.sc_datasource.get_em_quote_full
2026-08-01 16:30:31,096 | WARNING | PUSH2 used: stock_common.sc_datasource.get_em_quote_full
2026-08-01 16:30:32,090 | WARNING | PUSH2 used: stock_common.sc_datasource.get_em_quote_full
2026-08-01 16:30:33,089 | WARNING | PUSH2 used: stock_common.sc_datasource.get_em_quote_full
2026-08-01 16:30:34,095 | WARNING | PUSH2 used: stock_common.sc_datasource.get_em_quote_full
2026-08-01 16:30:35,100 | WARNING | PUSH2 used: stock_common.sc_datasource.get_em_quote_full
2026-08-01 16:30:36,108 | WARNING | PUSH2 used: stock_common.sc_datasource.get_em_quote_full
2026-08-01 16:30:37,094 | WARNING | PUSH2 used: stock_common.sc_datasource.get_em_quote_full
2026-08-01 16:30:38,088 | WARNING | PUSH2 used: stock_common.sc_datasource.get_em_quote_full
2026-08-01 16:30:39,084 | WARNING | PUSH2 used: stock_common.sc_datasource.get_em_quote_full
2026-08-01 16:30:40,111 | WARNING | PUSH2 used: stock_common.sc_datasource.get_em_quote_full
2026-08-01 16:30:41,096 | WARNING | PUSH2 used: stock_common.sc_datasource.get_em_quote_full
2026-08-01 16:30:42,093 | WARNING | PUSH2 used: stock_common.sc_datasource.get_em_quote_full
2026-08-01 16:30:43,111 | WARNING | PUSH2 used: stock_common.sc_datasource.get_em_quote_full
2026-08-01 16:30:44,099 | WARNING | PUSH2 used: stock_common.sc_datasource.get_em_quote_full
2026-08-01 16:30:45,185 | WARNING | PUSH2 used: stock_common.sc_datasource.get_em_quote_full
2026-08-01 16:30:46,390 | WARNING | PUSH2 used: stock_common.sc_datasource.get_em_quote_full
2026-08-01 16:30:47,122 | WARNING | PUSH2 used: stock_common.sc_datasource.get_em_quote_full
2026-08-01 16:30:48,086 | WARNING | PUSH2 used: stock_common.sc_datasource.get_em_quote_full
2026-08-01 16:30:49,099 | WARNING | PUSH2 used: stock_common.sc_datasource.get_em_quote_full
2026-08-01 16:30:50,088 | WARNING | PUSH2 used: stock_common.sc_datasource.get_em_quote_full
2026-08-01 16:30:51,088 | WARNING | PUSH2 used: stock_common.sc_datasource.get_em_quote_full
2026-08-01 16:30:52,097 | WARNING | PUSH2 used: stock_common.sc_datasource.get_em_quote_full
2026-08-01 16:30:53,083 | WARNING | PUSH2 used: stock_common.sc_datasource.get_em_quote_full
2026-08-01 16:30:54,129 | WARNING | PUSH2 used: stock_common.sc_datasource.get_em_quote_full
2026-08-01 16:30:55,111 | WARNING | PUSH2 used: stock_common.sc_datasource.get_em_quote_full
2026-08-01 16:30:56,099 | WARNING | PUSH2 used: stock_common.sc_datasource.get_em_quote_full
2026-08-01 16:30:57,395 | WARNING | PUSH2 used: stock_common.sc_datasource.get_em_quote_full
2026-08-01 16:30:58,092 | WARNING | PUSH2 used: stock_common.sc_datasource.get_em_quote_full
2026-08-01 16:30:59,091 | WARNING | PUSH2 used: stock_common.sc_datasource.get_em_quote_full
2026-08-01 16:31:00,124 | WARNING | PUSH2 used: stock_common.sc_datasource.get_em_quote_full
2026-08-01 16:31:01,090 | WARNING | PUSH2 used: stock_common.sc_datasource.get_em_quote_full
2026-08-01 16:31:02,108 | WARNING | PUSH2 used: stock_common.sc_datasource.get_em_quote_full
2026-08-01 16:31:03,082 | WARNING | PUSH2 used: stock_common.sc_datasource.get_em_quote_full
2026-08-01 16:31:04,095 | WARNING | PUSH2 used: stock_common.sc_datasource.get_em_quote_full
2026-08-01 16:31:05,101 | WARNING | PUSH2 used: stock_common.sc_datasource.get_em_quote_full
2026-08-01 16:31:06,120 | WARNING | PUSH2 used: stock_common.sc_datasource.get_em_quote_full
2026-08-01 16:31:07,112 | WARNING | PUSH2 used: stock_common.sc_datasource.get_em_quote_full
2026-08-01 16:31:08,124 | WARNING | PUSH2 used: stock_common.sc_datasource.get_em_quote_full
2026-08-01 16:31:09,090 | WARNING | PUSH2 used: stock_common.sc_datasource.get_em_quote_full
2026-08-01 16:31:10,093 | WARNING | PUSH2 used: stock_common.sc_datasource.get_em_quote_full
2026-08-01 16:31:11,099 | WARNING | PUSH2 used: stock_common.sc_datasource.get_em_quote_full
2026-08-01 16:31:12,120 | WARNING | PUSH2 used: stock_common.sc_datasource.get_em_quote_full
2026-08-01 16:31:13,391 | WARNING | PUSH2 used: stock_common.sc_datasource.get_em_quote_full
2026-08-01 16:31:14,146 | WARNING | PUSH2 used: stock_common.sc_datasource.get_em_quote_full
2026-08-01 16:31:15,106 | WARNING | PUSH2 used: stock_common.sc_datasource.get_em_quote_full
2026-08-01 16:31:16,093 | WARNING | PUSH2 used: stock_common.sc_datasource.get_em_quote_full
2026-08-01 16:31:17,094 | WARNING | PUSH2 used: stock_common.sc_datasource.get_em_quote_full
2026-08-01 16:31:18,103 | WARNING | PUSH2 used: stock_common.sc_datasource.get_em_quote_full
2026-08-01 16:31:19,101 | WARNING | PUSH2 used: stock_common.sc_datasource.get_em_quote_full
2026-08-01 16:31:20,088 | WARNING | PUSH2 used: stock_common.sc_datasource.get_em_quote_full
2026-08-01 16:31:21,111 | WARNING | PUSH2 used: stock_common.sc_datasource.get_em_quote_full
2026-08-01 16:31:22,105 | WARNING | PUSH2 used: stock_common.sc_datasource.get_em_quote_full
2026-08-01 16:31:23,098 | WARNING | PUSH2 used: stock_common.sc_datasource.get_em_quote_full
2026-08-01 16:31:24,105 | WARNING | PUSH2 used: stock_common.sc_datasource.get_em_quote_full
2026-08-01 16:31:25,095 | WARNING | PUSH2 used: stock_common.sc_datasource.get_em_quote_full
2026-08-01 16:31:26,334 | WARNING | PUSH2 used: stock_common.sc_datasource.get_em_quote_full
2026-08-01 16:31:27,100 | WARNING | PUSH2 used: stock_common.sc_datasource.get_em_quote_full
2026-08-01 16:31:28,111 | WARNING | PUSH2 used: stock_common.sc_datasource.get_em_quote_full
2026-08-01 16:31:29,106 | WARNING | PUSH2 used: stock_common.sc_datasource.get_em_quote_full
2026-08-01 16:31:30,117 | WARNING | PUSH2 used: stock_common.sc_datasource.get_em_quote_full
2026-08-01 16:31:31,092 | WARNING | PUSH2 used: stock_common.sc_datasource.get_em_quote_full
2026-08-01 16:31:32,096 | WARNING | PUSH2 used: stock_common.sc_datasource.get_em_quote_full
2026-08-01 16:31:33,108 | WARNING | PUSH2 used: stock_common.sc_datasource.get_em_quote_full
2026-08-01 16:31:34,098 | WARNING | PUSH2 used: stock_common.sc_datasource.get_em_quote_full
2026-08-01 16:31:35,154 | WARNING | PUSH2 used: stock_common.sc_datasource.get_em_quote_full
2026-08-01 16:31:36,093 | WARNING | PUSH2 used: stock_common.sc_datasource.get_em_quote_full
2026-08-01 16:31:37,093 | WARNING | PUSH2 used: stock_common.sc_datasource.get_em_quote_full
2026-08-01 16:31:38,082 | WARNING | PUSH2 used: stock_common.sc_datasource.get_em_quote_full
2026-08-01 16:31:39,089 | WARNING | PUSH2 used: stock_common.sc_datasource.get_em_quote_full
2026-08-01 16:31:40,098 | WARNING | PUSH2 used: stock_common.sc_datasource.get_em_quote_full
2026-08-01 16:31:41,088 | WARNING | PUSH2 used: stock_common.sc_datasource.get_em_quote_full
2026-08-01 16:31:42,099 | WARNING | PUSH2 used: stock_common.sc_datasource.get_em_quote_full
2026-08-01 16:31:43,089 | WARNING | PUSH2 used: stock_common.sc_datasource.get_em_quote_full
2026-08-01 16:31:44,085 | WARNING | PUSH2 used: stock_common.sc_datasource.get_em_quote_full
2026-08-01 16:31:45,084 | WARNING | PUSH2 used: stock_common.sc_datasource.get_em_quote_full
2026-08-01 16:31:46,105 | WARNING | PUSH2 used: stock_common.sc_datasource.get_em_quote_full
2026-08-01 16:31:47,107 | WARNING | PUSH2 used: stock_common.sc_datasource.get_em_quote_full
2026-08-01 16:31:48,086 | WARNING | PUSH2 used: stock_common.sc_datasource.get_em_quote_full
2026-08-01 16:31:49,090 | WARNING | PUSH2 used: stock_common.sc_datasource.get_em_quote_full
2026-08-01 16:31:50,084 | WARNING | PUSH2 used: stock_common.sc_datasource.get_em_quote_full
2026-08-01 16:31:51,074 | WARNING | PUSH2 used: stock_common.sc_datasource.get_em_quote_full
2026-08-01 16:31:52,084 | WARNING | PUSH2 used: stock_common.sc_datasource.get_em_quote_full
2026-08-01 16:31:53,361 | WARNING | PUSH2 used: stock_common.sc_datasource.get_em_quote_full
2026-08-01 16:31:54,102 | WARNING | PUSH2 used: stock_common.sc_datasource.get_em_quote_full
2026-08-01 16:31:55,330 | WARNING | PUSH2 used: stock_common.sc_datasource.get_em_quote_full
2026-08-01 16:31:56,080 | WARNING | PUSH2 used: stock_common.sc_datasource.get_em_quote_full
2026-08-01 16:31:57,093 | WARNING | PUSH2 used: stock_common.sc_datasource.get_em_quote_full
2026-08-01 16:31:58,357 | WARNING | PUSH2 used: stock_common.sc_datasource.get_em_quote_full
2026-08-01 16:31:59,087 | WARNING | PUSH2 used: stock_common.sc_datasource.get_em_quote_full
2026-08-01 16:32:00,130 | WARNING | PUSH2 used: stock_common.sc_datasource.get_em_quote_full
2026-08-01 16:32:01,098 | WARNING | PUSH2 used: stock_common.sc_datasource.get_em_quote_full
2026-08-01 16:32:02,127 | WARNING | PUSH2 used: stock_common.sc_datasource.get_em_quote_full
2026-08-01 16:32:03,084 | WARNING | PUSH2 used: stock_common.sc_datasource.get_em_quote_full
2026-08-01 16:32:04,088 | WARNING | PUSH2 used: stock_common.sc_datasource.get_em_quote_full
2026-08-01 16:32:05,323 | WARNING | PUSH2 used: stock_common.sc_datasource.get_em_quote_full
2026-08-01 16:32:06,094 | WARNING | PUSH2 used: stock_common.sc_datasource.get_em_quote_full
2026-08-01 16:32:07,102 | WARNING | PUSH2 used: stock_common.sc_datasource.get_em_quote_full
2026-08-01 16:32:08,107 | WARNING | PUSH2 used: stock_common.sc_datasource.get_em_quote_full
2026-08-01 16:32:09,103 | WARNING | PUSH2 used: stock_common.sc_datasource.get_em_quote_full
2026-08-01 16:32:10,086 | WARNING | PUSH2 used: stock_common.sc_datasource.get_em_quote_full
2026-08-01 16:32:11,112 | WARNING | PUSH2 used: stock_common.sc_datasource.get_em_quote_full
2026-08-01 16:32:12,086 | WARNING | PUSH2 used: stock_common.sc_datasource.get_em_quote_full
2026-08-01 16:32:13,082 | WARNING | PUSH2 used: stock_common.sc_datasource.get_em_quote_full
2026-08-01 16:32:14,103 | WARNING | PUSH2 used: stock_common.sc_datasource.get_em_quote_full
2026-08-01 16:32:15,083 | WARNING | PUSH2 used: stock_common.sc_datasource.get_em_quote_full
2026-08-01 16:32:16,089 | WARNING | PUSH2 used: stock_common.sc_datasource.get_em_quote_full
2026-08-01 16:32:17,083 | WARNING | PUSH2 used: stock_common.sc_datasource.get_em_quote_full
2026-08-01 16:32:18,072 | WARNING | PUSH2 used: stock_common.sc_datasource.get_em_quote_full
2026-08-01 16:32:19,075 | WARNING | PUSH2 used: stock_common.sc_datasource.get_em_quote_full
2026-08-01 16:32:20,077 | WARNING | PUSH2 used: stock_common.sc_datasource.get_em_quote_full
2026-08-01 16:32:21,082 | WARNING | PUSH2 used: stock_common.sc_datasource.get_em_quote_full
2026-08-01 16:32:22,087 | WARNING | PUSH2 used: stock_common.sc_datasource.get_em_quote_full
2026-08-01 16:32:23,092 | WARNING | PUSH2 used: stock_common.sc_datasource.get_em_quote_full
2026-08-01 16:32:24,087 | WARNING | PUSH2 used: stock_common.sc_datasource.get_em_quote_full
2026-08-01 16:32:25,072 | WARNING | PUSH2 used: stock_common.sc_datasource.get_em_quote_full
2026-08-01 16:32:26,366 | WARNING | PUSH2 used: stock_common.sc_datasource.get_em_quote_full
2026-08-01 16:32:27,345 | WARNING | PUSH2 used: stock_common.sc_datasource.get_em_quote_full
2026-08-01 16:32:28,085 | WARNING | PUSH2 used: stock_common.sc_datasource.get_em_quote_full
2026-08-01 16:32:29,096 | WARNING | PUSH2 used: stock_common.sc_datasource.get_em_quote_full
2026-08-01 16:32:30,340 | WARNING | PUSH2 used: stock_common.sc_datasource.get_em_quote_full
2026-08-01 16:32:31,102 | WARNING | PUSH2 used: stock_common.sc_datasource.get_em_quote_full
2026-08-01 16:32:32,074 | WARNING | PUSH2 used: stock_common.sc_datasource.get_em_quote_full
2026-08-01 16:32:33,099 | WARNING | PUSH2 used: stock_common.sc_datasource.get_em_quote_full
2026-08-01 16:32:34,110 | WARNING | PUSH2 used: stock_common.sc_datasource.get_em_quote_full
2026-08-01 16:32:35,325 | WARNING | PUSH2 used: stock_common.sc_datasource.get_em_quote_full
2026-08-01 16:32:36,350 | WARNING | PUSH2 used: stock_common.sc_datasource.get_em_quote_full
2026-08-01 16:32:37,154 | WARNING | PUSH2 used: stock_common.sc_datasource.get_em_quote_full
2026-08-01 16:32:38,658 | WARNING | PUSH2 used: stock_common.sc_datasource.get_em_quote_full
2026-08-01 16:32:39,083 | WARNING | PUSH2 used: stock_common.sc_datasource.get_em_quote_full
2026-08-01 16:32:40,084 | WARNING | PUSH2 used: stock_common.sc_datasource.get_em_quote_full
2026-08-01 16:32:41,106 | WARNING | PUSH2 used: stock_common.sc_datasource.get_em_quote_full
2026-08-01 16:32:42,141 | WARNING | PUSH2 used: stock_common.sc_datasource.get_em_quote_full
2026-08-01 16:32:43,114 | WARNING | PUSH2 used: stock_common.sc_datasource.get_em_quote_full
2026-08-01 16:32:44,382 | WARNING | PUSH2 used: stock_common.sc_datasource.get_em_quote_full
2026-08-01 16:32:45,094 | WARNING | PUSH2 used: stock_common.sc_datasource.get_em_quote_full
2026-08-01 16:32:46,335 | WARNING | PUSH2 used: stock_common.sc_datasource.get_em_quote_full
2026-08-01 16:32:47,129 | WARNING | PUSH2 used: stock_common.sc_datasource.get_em_quote_full
2026-08-01 16:32:48,122 | WARNING | PUSH2 used: stock_common.sc_datasource.get_em_quote_full
2026-08-01 16:32:49,109 | WARNING | PUSH2 used: stock_common.sc_datasource.get_em_quote_full
2026-08-01 16:32:50,361 | WARNING | PUSH2 used: stock_common.sc_datasource.get_em_quote_full
2026-08-01 16:32:51,124 | WARNING | PUSH2 used: stock_common.sc_datasource.get_em_quote_full
2026-08-01 16:32:52,117 | WARNING | PUSH2 used: stock_common.sc_datasource.get_em_quote_full
2026-08-01 16:32:53,106 | WARNING | PUSH2 used: stock_common.sc_datasource.get_em_quote_full
2026-08-01 16:32:54,321 | WARNING | PUSH2 used: stock_common.sc_datasource.get_em_quote_full
2026-08-01 16:32:55,122 | WARNING | PUSH2 used: stock_common.sc_datasource.get_em_quote_full
2026-08-01 16:32:56,121 | WARNING | PUSH2 used: stock_common.sc_datasource.get_em_quote_full
2026-08-01 16:32:57,402 | WARNING | PUSH2 used: stock_common.sc_datasource.get_em_quote_full
2026-08-01 16:32:58,165 | WARNING | PUSH2 used: stock_common.sc_datasource.get_em_quote_full
2026-08-01 16:32:59,112 | WARNING | PUSH2 used: stock_common.sc_datasource.get_em_quote_full
2026-08-01 16:33:00,698 | WARNING | PUSH2 used: stock_common.sc_datasource.get_em_quote_full
2026-08-01 16:33:01,104 | WARNING | PUSH2 used: stock_common.sc_datasource.get_em_quote_full
2026-08-01 16:33:02,120 | WARNING | PUSH2 used: stock_common.sc_datasource.get_em_quote_full
2026-08-01 16:33:03,131 | WARNING | PUSH2 used: stock_common.sc_datasource.get_em_quote_full
2026-08-01 16:33:04,094 | WARNING | PUSH2 used: stock_common.sc_datasource.get_em_quote_full
2026-08-01 16:33:05,104 | WARNING | PUSH2 used: stock_common.sc_datasource.get_em_quote_full
2026-08-01 16:33:06,096 | WARNING | PUSH2 used: stock_common.sc_datasource.get_em_quote_full
2026-08-01 16:33:07,116 | WARNING | PUSH2 used: stock_common.sc_datasource.get_em_quote_full
2026-08-01 16:33:08,119 | WARNING | PUSH2 used: stock_common.sc_datasource.get_em_quote_full
2026-08-01 16:33:09,099 | WARNING | PUSH2 used: stock_common.sc_datasource.get_em_quote_full
2026-08-01 16:33:10,081 | WARNING | PUSH2 used: stock_common.sc_datasource.get_em_quote_full
2026-08-01 16:33:11,128 | WARNING | PUSH2 used: stock_common.sc_datasource.get_em_quote_full
2026-08-01 16:33:12,104 | WARNING | PUSH2 used: stock_common.sc_datasource.get_em_quote_full
2026-08-01 16:33:13,089 | WARNING | PUSH2 used: stock_common.sc_datasource.get_em_quote_full
2026-08-01 16:33:14,084 | WARNING | PUSH2 used: stock_common.sc_datasource.get_em_quote_full
2026-08-01 16:33:15,363 | WARNING | PUSH2 used: stock_common.sc_datasource.get_em_quote_full
2026-08-01 16:33:16,128 | WARNING | PUSH2 used: stock_common.sc_datasource.get_em_quote_full
2026-08-01 16:33:17,077 | WARNING | PUSH2 used: stock_common.sc_datasource.get_em_quote_full
2026-08-01 16:33:18,084 | WARNING | PUSH2 used: stock_common.sc_datasource.get_em_quote_full
2026-08-01 16:33:19,140 | WARNING | PUSH2 used: stock_common.sc_datasource.get_em_quote_full
2026-08-01 16:33:20,105 | WARNING | PUSH2 used: stock_common.sc_datasource.get_em_quote_full
2026-08-01 16:33:21,120 | WARNING | PUSH2 used: stock_common.sc_datasource.get_em_quote_full
2026-08-01 16:33:22,391 | WARNING | PUSH2 used: stock_common.sc_datasource.get_em_quote_full
2026-08-01 16:33:23,105 | WARNING | PUSH2 used: stock_common.sc_datasource.get_em_quote_full
2026-08-01 16:33:24,097 | WARNING | PUSH2 used: stock_common.sc_datasource.get_em_quote_full
2026-08-01 16:33:25,113 | WARNING | PUSH2 used: stock_common.sc_datasource.get_em_quote_full
2026-08-01 16:33:26,121 | WARNING | PUSH2 used: stock_common.sc_datasource.get_em_quote_full
2026-08-01 16:33:27,089 | WARNING | PUSH2 used: stock_common.sc_datasource.get_em_quote_full
2026-08-01 16:33:28,370 | WARNING | PUSH2 used: stock_common.sc_datasource.get_em_quote_full
2026-08-01 16:33:29,080 | WARNING | PUSH2 used: stock_common.sc_datasource.get_em_quote_full
2026-08-01 16:33:30,106 | WARNING | PUSH2 used: stock_common.sc_datasource.get_em_quote_full
2026-08-01 16:33:31,094 | WARNING | PUSH2 used: stock_common.sc_datasource.get_em_quote_full
2026-08-01 16:33:32,174 | WARNING | PUSH2 used: stock_common.sc_datasource.get_em_quote_full
2026-08-01 16:33:33,090 | WARNING | PUSH2 used: stock_common.sc_datasource.get_em_quote_full
2026-08-01 16:33:34,083 | WARNING | PUSH2 used: stock_common.sc_datasource.get_em_quote_full
2026-08-01 16:33:35,109 | WARNING | PUSH2 used: stock_common.sc_datasource.get_em_quote_full
2026-08-01 16:33:36,146 | WARNING | PUSH2 used: stock_common.sc_datasource.get_em_quote_full
2026-08-01 16:33:37,142 | WARNING | PUSH2 used: stock_common.sc_datasource.get_em_quote_full
2026-08-01 16:33:38,159 | WARNING | PUSH2 used: stock_common.sc_datasource.get_em_quote_full
2026-08-01 16:33:39,109 | WARNING | PUSH2 used: stock_common.sc_datasource.get_em_quote_full
2026-08-01 16:33:40,126 | WARNING | PUSH2 used: stock_common.sc_datasource.get_em_quote_full
2026-08-01 16:33:41,431 | WARNING | PUSH2 used: stock_common.sc_datasource.get_em_quote_full
2026-08-01 16:33:42,083 | WARNING | PUSH2 used: stock_common.sc_datasource.get_em_quote_full
2026-08-01 16:33:43,130 | WARNING | PUSH2 used: stock_common.sc_datasource.get_em_quote_full
2026-08-01 16:33:44,367 | WARNING | PUSH2 used: stock_common.sc_datasource.get_em_quote_full
2026-08-01 16:33:45,362 | WARNING | PUSH2 used: stock_common.sc_datasource.get_em_quote_full
2026-08-01 16:33:46,096 | WARNING | PUSH2 used: stock_common.sc_datasource.get_em_quote_full
2026-08-01 16:33:47,083 | WARNING | PUSH2 used: stock_common.sc_datasource.get_em_quote_full
2026-08-01 16:33:48,092 | WARNING | PUSH2 used: stock_common.sc_datasource.get_em_quote_full
2026-08-01 16:33:49,119 | WARNING | PUSH2 used: stock_common.sc_datasource.get_em_quote_full
2026-08-01 16:33:50,112 | WARNING | PUSH2 used: stock_common.sc_datasource.get_em_quote_full
2026-08-01 16:33:51,396 | WARNING | PUSH2 used: stock_common.sc_datasource.get_em_quote_full
2026-08-01 16:33:52,160 | WARNING | PUSH2 used: stock_common.sc_datasource.get_em_quote_full
2026-08-01 16:33:53,095 | WARNING | PUSH2 used: stock_common.sc_datasource.get_em_quote_full
2026-08-01 16:33:54,105 | WARNING | PUSH2 used: stock_common.sc_datasource.get_em_quote_full
2026-08-01 16:33:55,094 | WARNING | PUSH2 used: stock_common.sc_datasource.get_em_quote_full
2026-08-01 16:33:56,094 | WARNING | PUSH2 used: stock_common.sc_datasource.get_em_quote_full
2026-08-01 16:33:57,088 | WARNING | PUSH2 used: stock_common.sc_datasource.get_em_quote_full
2026-08-01 16:33:58,089 | WARNING | PUSH2 used: stock_common.sc_datasource.get_em_quote_full
2026-08-01 16:33:59,090 | WARNING | PUSH2 used: stock_common.sc_datasource.get_em_quote_full
2026-08-01 16:34:00,141 | WARNING | PUSH2 used: stock_common.sc_datasource.get_em_quote_full
2026-08-01 16:34:01,097 | WARNING | PUSH2 used: stock_common.sc_datasource.get_em_quote_full
2026-08-01 16:34:02,101 | WARNING | PUSH2 used: stock_common.sc_datasource.get_em_quote_full
2026-08-01 16:34:03,076 | WARNING | PUSH2 used: stock_common.sc_datasource.get_em_quote_full
2026-08-01 16:34:04,115 | WARNING | PUSH2 used: stock_common.sc_datasource.get_em_quote_full
2026-08-01 16:34:05,113 | WARNING | PUSH2 used: stock_common.sc_datasource.get_em_quote_full
2026-08-01 16:34:06,123 | WARNING | PUSH2 used: stock_common.sc_datasource.get_em_quote_full
2026-08-01 16:34:07,126 | WARNING | PUSH2 used: stock_common.sc_datasource.get_em_quote_full
2026-08-01 16:34:08,145 | WARNING | PUSH2 used: stock_common.sc_datasource.get_em_quote_full
2026-08-01 16:34:09,350 | WARNING | PUSH2 used: stock_common.sc_datasource.get_em_quote_full
2026-08-01 16:34:10,110 | WARNING | PUSH2 used: stock_common.sc_datasource.get_em_quote_full
2026-08-01 16:34:11,100 | WARNING | PUSH2 used: stock_common.sc_datasource.get_em_quote_full
2026-08-01 16:34:12,106 | WARNING | PUSH2 used: stock_common.sc_datasource.get_em_quote_full
2026-08-01 16:34:13,121 | WARNING | PUSH2 used: stock_common.sc_datasource.get_em_quote_full
2026-08-01 16:34:14,118 | WARNING | PUSH2 used: stock_common.sc_datasource.get_em_quote_full
2026-08-01 16:34:15,159 | WARNING | PUSH2 used: stock_common.sc_datasource.get_em_quote_full
2026-08-01 16:34:16,094 | WARNING | PUSH2 used: stock_common.sc_datasource.get_em_quote_full
2026-08-01 16:34:17,094 | WARNING | PUSH2 used: stock_common.sc_datasource.get_em_quote_full
2026-08-01 16:34:18,091 | WARNING | PUSH2 used: stock_common.sc_datasource.get_em_quote_full
2026-08-01 16:36:19,886 | WARNING | PUSH2 used: stock_common.sc_datasource.get_em_quote_full
2026-08-01 16:36:20,371 | WARNING | PUSH2 used: stock_common.sc_datasource.get_em_quote_full
2026-08-01 16:36:20,861 | WARNING | PUSH2 used: stock_common.sc_datasource.get_em_quote_full
2026-08-01 16:36:21,374 | WARNING | PUSH2 used: stock_common.sc_datasource.get_em_quote_full
2026-08-01 16:36:21,867 | WARNING | PUSH2 used: stock_common.sc_datasource.get_em_quote_full
2026-08-01 16:36:22,394 | WARNING | PUSH2 used: stock_common.sc_datasource.get_em_quote_full
2026-08-01 16:36:23,342 | WARNING | PUSH2 used: stock_common.sc_datasource.get_em_quote_full
2026-08-01 16:36:24,357 | WARNING | PUSH2 used: stock_common.sc_datasource.get_em_quote_full
2026-08-01 16:36:25,358 | WARNING | PUSH2 used: stock_common.sc_datasource.get_em_quote_full
2026-08-01 16:36:26,332 | WARNING | PUSH2 used: stock_common.sc_datasource.get_em_quote_full
2026-08-01 16:36:27,335 | WARNING | PUSH2 used: stock_common.sc_datasource.get_em_quote_full
2026-08-01 16:36:28,332 | WARNING | PUSH2 used: stock_common.sc_datasource.get_em_quote_full
2026-08-01 16:36:29,353 | WARNING | PUSH2 used: stock_common.sc_datasource.get_em_quote_full
2026-08-01 16:36:30,329 | WARNING | PUSH2 used: stock_common.sc_datasource.get_em_quote_full
2026-08-01 16:36:31,347 | WARNING | PUSH2 used: stock_common.sc_datasource.get_em_quote_full
2026-08-01 16:36:32,325 | WARNING | PUSH2 used: stock_common.sc_datasource.get_em_quote_full
2026-08-01 16:36:33,337 | WARNING | PUSH2 used: stock_common.sc_datasource.get_em_quote_full
2026-08-01 16:36:34,336 | WARNING | PUSH2 used: stock_common.sc_datasource.get_em_quote_full
2026-08-01 16:36:35,337 | WARNING | PUSH2 used: stock_common.sc_datasource.get_em_quote_full
2026-08-01 16:36:36,336 | WARNING | PUSH2 used: stock_common.sc_datasource.get_em_quote_full
2026-08-01 16:36:37,359 | WARNING | PUSH2 used: stock_common.sc_datasource.get_em_quote_full
2026-08-01 16:36:38,331 | WARNING | PUSH2 used: stock_common.sc_datasource.get_em_quote_full
2026-08-01 16:36:39,343 | WARNING | PUSH2 used: stock_common.sc_datasource.get_em_quote_full
2026-08-01 16:36:40,350 | WARNING | PUSH2 used: stock_common.sc_datasource.get_em_quote_full
2026-08-01 16:36:41,344 | WARNING | PUSH2 used: stock_common.sc_datasource.get_em_quote_full
2026-08-01 16:36:42,344 | WARNING | PUSH2 used: stock_common.sc_datasource.get_em_quote_full
2026-08-01 16:36:43,353 | WARNING | PUSH2 used: stock_common.sc_datasource.get_em_quote_full
2026-08-01 16:36:44,359 | WARNING | PUSH2 used: stock_common.sc_datasource.get_em_quote_full
2026-08-01 16:36:45,354 | WARNING | PUSH2 used: stock_common.sc_datasource.get_em_quote_full
2026-08-01 16:36:46,380 | WARNING | PUSH2 used: stock_common.sc_datasource.get_em_quote_full
2026-08-01 16:36:47,367 | WARNING | PUSH2 used: stock_common.sc_datasource.get_em_quote_full
2026-08-01 16:36:48,384 | WARNING | PUSH2 used: stock_common.sc_datasource.get_em_quote_full
2026-08-01 16:36:49,363 | WARNING | PUSH2 used: stock_common.sc_datasource.get_em_quote_full
2026-08-01 16:36:50,365 | WARNING | PUSH2 used: stock_common.sc_datasource.get_em_quote_full
2026-08-01 16:36:51,382 | WARNING | PUSH2 used: stock_common.sc_datasource.get_em_quote_full
2026-08-01 16:36:52,262 | WARNING | PUSH2 used: stock_common.sc_datasource.get_em_quote_full
2026-08-01 16:36:53,254 | WARNING | PUSH2 used: stock_common.sc_datasource.get_em_quote_full
2026-08-01 16:36:54,231 | WARNING | PUSH2 used: stock_common.sc_datasource.get_em_quote_full
2026-08-01 16:36:55,244 | WARNING | PUSH2 used: stock_common.sc_datasource.get_em_quote_full
2026-08-01 16:36:56,277 | WARNING | PUSH2 used: stock_common.sc_datasource.get_em_quote_full
2026-08-01 16:36:57,238 | WARNING | PUSH2 used: stock_common.sc_datasource.get_em_quote_full
2026-08-01 16:36:58,232 | WARNING | PUSH2 used: stock_common.sc_datasource.get_em_quote_full
2026-08-01 16:36:59,235 | WARNING | PUSH2 used: stock_common.sc_datasource.get_em_quote_full
2026-08-01 16:37:00,256 | WARNING | PUSH2 used: stock_common.sc_datasource.get_em_quote_full
2026-08-01 16:37:01,249 | WARNING | PUSH2 used: stock_common.sc_datasource.get_em_quote_full
2026-08-01 16:37:02,271 | WARNING | PUSH2 used: stock_common.sc_datasource.get_em_quote_full
2026-08-01 16:37:03,286 | WARNING | PUSH2 used: stock_common.sc_datasource.get_em_quote_full
2026-08-01 16:37:04,265 | WARNING | PUSH2 used: stock_common.sc_datasource.get_em_quote_full
2026-08-01 16:37:05,226 | WARNING | PUSH2 used: stock_common.sc_datasource.get_em_quote_full
2026-08-01 16:37:06,238 | WARNING | PUSH2 used: stock_common.sc_datasource.get_em_quote_full
2026-08-01 16:37:07,245 | WARNING | PUSH2 used: stock_common.sc_datasource.get_em_quote_full
2026-08-01 16:37:08,232 | WARNING | PUSH2 used: stock_common.sc_datasource.get_em_quote_full
2026-08-01 16:37:09,235 | WARNING | PUSH2 used: stock_common.sc_datasource.get_em_quote_full
2026-08-01 16:37:10,235 | WARNING | PUSH2 used: stock_common.sc_datasource.get_em_quote_full
2026-08-01 16:37:11,254 | WARNING | PUSH2 used: stock_common.sc_datasource.get_em_quote_full
2026-08-01 16:37:12,252 | WARNING | PUSH2 used: stock_common.sc_datasource.get_em_quote_full
2026-08-01 16:37:13,235 | WARNING | PUSH2 used: stock_common.sc_datasource.get_em_quote_full
2026-08-01 16:37:14,244 | WARNING | PUSH2 used: stock_common.sc_datasource.get_em_quote_full
2026-08-01 16:37:15,254 | WARNING | PUSH2 used: stock_common.sc_datasource.get_em_quote_full
2026-08-01 16:37:16,248 | WARNING | PUSH2 used: stock_common.sc_datasource.get_em_quote_full
2026-08-01 16:37:17,236 | WARNING | PUSH2 used: stock_common.sc_datasource.get_em_quote_full
2026-08-01 16:37:18,248 | WARNING | PUSH2 used: stock_common.sc_datasource.get_em_quote_full
2026-08-01 16:37:19,243 | WARNING | PUSH2 used: stock_common.sc_datasource.get_em_quote_full
2026-08-01 16:37:20,245 | WARNING | PUSH2 used: stock_common.sc_datasource.get_em_quote_full
2026-08-01 16:37:21,247 | WARNING | PUSH2 used: stock_common.sc_datasource.get_em_quote_full
2026-08-01 16:37:22,272 | WARNING | PUSH2 used: stock_common.sc_datasource.get_em_quote_full
2026-08-01 16:37:23,252 | WARNING | PUSH2 used: stock_common.sc_datasource.get_em_quote_full
2026-08-01 16:37:24,250 | WARNING | PUSH2 used: stock_common.sc_datasource.get_em_quote_full
2026-08-01 16:37:25,492 | WARNING | PUSH2 used: stock_common.sc_datasource.get_em_quote_full
2026-08-01 16:37:26,267 | WARNING | PUSH2 used: stock_common.sc_datasource.get_em_quote_full
2026-08-01 16:37:27,254 | WARNING | PUSH2 used: stock_common.sc_datasource.get_em_quote_full
2026-08-01 16:37:28,238 | WARNING | PUSH2 used: stock_common.sc_datasource.get_em_quote_full
2026-08-01 16:37:29,244 | WARNING | PUSH2 used: stock_common.sc_datasource.get_em_quote_full
2026-08-01 16:37:30,237 | WARNING | PUSH2 used: stock_common.sc_datasource.get_em_quote_full
2026-08-01 16:37:31,284 | WARNING | PUSH2 used: stock_common.sc_datasource.get_em_quote_full
2026-08-01 16:37:32,266 | WARNING | PUSH2 used: stock_common.sc_datasource.get_em_quote_full
2026-08-01 16:37:33,298 | WARNING | PUSH2 used: stock_common.sc_datasource.get_em_quote_full
2026-08-01 16:37:34,282 | WARNING | PUSH2 used: stock_common.sc_datasource.get_em_quote_full
2026-08-01 16:37:35,274 | WARNING | PUSH2 used: stock_common.sc_datasource.get_em_quote_full
2026-08-01 16:37:36,262 | WARNING | PUSH2 used: stock_common.sc_datasource.get_em_quote_full
2026-08-01 16:37:37,237 | WARNING | PUSH2 used: stock_common.sc_datasource.get_em_quote_full
2026-08-01 16:37:38,246 | WARNING | PUSH2 used: stock_common.sc_datasource.get_em_quote_full
2026-08-01 16:37:39,241 | WARNING | PUSH2 used: stock_common.sc_datasource.get_em_quote_full
2026-08-01 16:37:40,258 | WARNING | PUSH2 used: stock_common.sc_datasource.get_em_quote_full
2026-08-01 16:37:41,236 | WARNING | PUSH2 used: stock_common.sc_datasource.get_em_quote_full
2026-08-01 16:37:42,265 | WARNING | PUSH2 used: stock_common.sc_datasource.get_em_quote_full
2026-08-01 16:37:43,239 | WARNING | PUSH2 used: stock_common.sc_datasource.get_em_quote_full
2026-08-01 16:37:44,281 | WARNING | PUSH2 used: stock_common.sc_datasource.get_em_quote_full
2026-08-01 16:37:45,241 | WARNING | PUSH2 used: stock_common.sc_datasource.get_em_quote_full
2026-08-01 16:37:46,249 | WARNING | PUSH2 used: stock_common.sc_datasource.get_em_quote_full
2026-08-01 16:37:47,250 | WARNING | PUSH2 used: stock_common.sc_datasource.get_em_quote_full
2026-08-01 16:37:48,237 | WARNING | PUSH2 used: stock_common.sc_datasource.get_em_quote_full
2026-08-01 16:37:49,243 | WARNING | PUSH2 used: stock_common.sc_datasource.get_em_quote_full
2026-08-01 16:37:50,271 | WARNING | PUSH2 used: stock_common.sc_datasource.get_em_quote_full
2026-08-01 16:37:51,245 | WARNING | PUSH2 used: stock_common.sc_datasource.get_em_quote_full
2026-08-01 16:37:52,279 | WARNING | PUSH2 used: stock_common.sc_datasource.get_em_quote_full
2026-08-01 16:37:53,262 | WARNING | PUSH2 used: stock_common.sc_datasource.get_em_quote_full
2026-08-01 16:37:54,371 | WARNING | PUSH2 used: stock_common.sc_datasource.get_em_quote_full
2026-08-01 16:37:55,410 | WARNING | PUSH2 used: stock_common.sc_datasource.get_em_quote_full
2026-08-01 16:37:56,399 | WARNING | PUSH2 used: stock_common.sc_datasource.get_em_quote_full
2026-08-01 16:37:57,355 | WARNING | PUSH2 used: stock_common.sc_datasource.get_em_quote_full
2026-08-01 16:37:58,374 | WARNING | PUSH2 used: stock_common.sc_datasource.get_em_quote_full
2026-08-01 16:37:59,390 | WARNING | PUSH2 used: stock_common.sc_datasource.get_em_quote_full
2026-08-01 16:38:00,368 | WARNING | PUSH2 used: stock_common.sc_datasource.get_em_quote_full
2026-08-01 16:38:01,377 | WARNING | PUSH2 used: stock_common.sc_datasource.get_em_quote_full
2026-08-01 16:38:02,387 | WARNING | PUSH2 used: stock_common.sc_datasource.get_em_quote_full
2026-08-01 16:38:03,399 | WARNING | PUSH2 used: stock_common.sc_datasource.get_em_quote_full
2026-08-01 16:38:04,256 | WARNING | PUSH2 used: stock_common.sc_datasource.get_em_quote_full
2026-08-01 16:38:05,252 | WARNING | PUSH2 used: stock_common.sc_datasource.get_em_quote_full
2026-08-01 16:38:06,274 | WARNING | PUSH2 used: stock_common.sc_datasource.get_em_quote_full
2026-08-01 16:38:07,249 | WARNING | PUSH2 used: stock_common.sc_datasource.get_em_quote_full
2026-08-01 16:38:08,241 | WARNING | PUSH2 used: stock_common.sc_datasource.get_em_quote_full
2026-08-01 16:38:09,491 | WARNING | PUSH2 used: stock_common.sc_datasource.get_em_quote_full
2026-08-01 16:38:10,496 | WARNING | PUSH2 used: stock_common.sc_datasource.get_em_quote_full
2026-08-01 16:38:11,238 | WARNING | PUSH2 used: stock_common.sc_datasource.get_em_quote_full
2026-08-01 16:38:12,509 | WARNING | PUSH2 used: stock_common.sc_datasource.get_em_quote_full
2026-08-01 16:38:13,246 | WARNING | PUSH2 used: stock_common.sc_datasource.get_em_quote_full
2026-08-01 16:38:14,236 | WARNING | PUSH2 used: stock_common.sc_datasource.get_em_quote_full
2026-08-01 16:38:15,243 | WARNING | PUSH2 used: stock_common.sc_datasource.get_em_quote_full
2026-08-01 16:38:16,507 | WARNING | PUSH2 used: stock_common.sc_datasource.get_em_quote_full
2026-08-01 16:38:17,279 | WARNING | PUSH2 used: stock_common.sc_datasource.get_em_quote_full
2026-08-01 16:38:18,497 | WARNING | PUSH2 used: stock_common.sc_datasource.get_em_quote_full
2026-08-01 16:38:19,253 | WARNING | PUSH2 used: stock_common.sc_datasource.get_em_quote_full
2026-08-01 16:38:20,232 | WARNING | PUSH2 used: stock_common.sc_datasource.get_em_quote_full
2026-08-01 16:38:21,227 | WARNING | PUSH2 used: stock_common.sc_datasource.get_em_quote_full
2026-08-01 16:38:22,254 | WARNING | PUSH2 used: stock_common.sc_datasource.get_em_quote_full
2026-08-01 16:38:23,553 | WARNING | PUSH2 used: stock_common.sc_datasource.get_em_quote_full
2026-08-01 16:38:24,533 | WARNING | PUSH2 used: stock_common.sc_datasource.get_em_quote_full
2026-08-01 16:38:25,271 | WARNING | PUSH2 used: stock_common.sc_datasource.get_em_quote_full
2026-08-01 16:38:26,257 | WARNING | PUSH2 used: stock_common.sc_datasource.get_em_quote_full
2026-08-01 16:38:27,257 | WARNING | PUSH2 used: stock_common.sc_datasource.get_em_quote_full
2026-08-01 16:38:28,278 | WARNING | PUSH2 used: stock_common.sc_datasource.get_em_quote_full
2026-08-01 16:38:29,517 | WARNING | PUSH2 used: stock_common.sc_datasource.get_em_quote_full
2026-08-01 16:38:30,535 | WARNING | PUSH2 used: stock_common.sc_datasource.get_em_quote_full
2026-08-01 16:38:31,254 | WARNING | PUSH2 used: stock_common.sc_datasource.get_em_quote_full
2026-08-01 16:38:32,259 | WARNING | PUSH2 used: stock_common.sc_datasource.get_em_quote_full
2026-08-01 16:38:33,264 | WARNING | PUSH2 used: stock_common.sc_datasource.get_em_quote_full
2026-08-01 16:38:34,526 | WARNING | PUSH2 used: stock_common.sc_datasource.get_em_quote_full
2026-08-01 16:38:35,261 | WARNING | PUSH2 used: stock_common.sc_datasource.get_em_quote_full
2026-08-01 16:38:36,509 | WARNING | PUSH2 used: stock_common.sc_datasource.get_em_quote_full
2026-08-01 16:38:37,245 | WARNING | PUSH2 used: stock_common.sc_datasource.get_em_quote_full
2026-08-01 16:38:38,237 | WARNING | PUSH2 used: stock_common.sc_datasource.get_em_quote_full
2026-08-01 16:38:39,241 | WARNING | PUSH2 used: stock_common.sc_datasource.get_em_quote_full
2026-08-01 16:38:40,242 | WARNING | PUSH2 used: stock_common.sc_datasource.get_em_quote_full
2026-08-01 16:38:41,279 | WARNING | PUSH2 used: stock_common.sc_datasource.get_em_quote_full
2026-08-01 16:38:42,252 | WARNING | PUSH2 used: stock_common.sc_datasource.get_em_quote_full
2026-08-01 16:38:43,262 | WARNING | PUSH2 used: stock_common.sc_datasource.get_em_quote_full
2026-08-01 16:38:44,255 | WARNING | PUSH2 used: stock_common.sc_datasource.get_em_quote_full
2026-08-01 16:38:45,498 | WARNING | PUSH2 used: stock_common.sc_datasource.get_em_quote_full
2026-08-01 16:38:46,245 | WARNING | PUSH2 used: stock_common.sc_datasource.get_em_quote_full
2026-08-01 16:38:47,263 | WARNING | PUSH2 used: stock_common.sc_datasource.get_em_quote_full
2026-08-01 16:38:48,241 | WARNING | PUSH2 used: stock_common.sc_datasource.get_em_quote_full
2026-08-01 16:38:49,274 | WARNING | PUSH2 used: stock_common.sc_datasource.get_em_quote_full
2026-08-01 16:38:50,238 | WARNING | PUSH2 used: stock_common.sc_datasource.get_em_quote_full
2026-08-01 16:38:51,248 | WARNING | PUSH2 used: stock_common.sc_datasource.get_em_quote_full
2026-08-01 16:38:52,254 | WARNING | PUSH2 used: stock_common.sc_datasource.get_em_quote_full
2026-08-01 16:38:53,241 | WARNING | PUSH2 used: stock_common.sc_datasource.get_em_quote_full
2026-08-01 16:38:54,250 | WARNING | PUSH2 used: stock_common.sc_datasource.get_em_quote_full
2026-08-01 16:38:55,263 | WARNING | PUSH2 used: stock_common.sc_datasource.get_em_quote_full
2026-08-01 16:38:56,252 | WARNING | PUSH2 used: stock_common.sc_datasource.get_em_quote_full
2026-08-01 16:38:57,254 | WARNING | PUSH2 used: stock_common.sc_datasource.get_em_quote_full
2026-08-01 16:38:58,253 | WARNING | PUSH2 used: stock_common.sc_datasource.get_em_quote_full
2026-08-01 16:38:59,235 | WARNING | PUSH2 used: stock_common.sc_datasource.get_em_quote_full
2026-08-01 16:39:00,238 | WARNING | PUSH2 used: stock_common.sc_datasource.get_em_quote_full
2026-08-01 16:39:01,240 | WARNING | PUSH2 used: stock_common.sc_datasource.get_em_quote_full
2026-08-01 16:39:02,556 | WARNING | PUSH2 used: stock_common.sc_datasource.get_em_quote_full
2026-08-01 16:39:03,242 | WARNING | PUSH2 used: stock_common.sc_datasource.get_em_quote_full
2026-08-01 16:39:04,274 | WARNING | PUSH2 used: stock_common.sc_datasource.get_em_quote_full
2026-08-01 16:39:05,246 | WARNING | PUSH2 used: stock_common.sc_datasource.get_em_quote_full
2026-08-01 16:39:06,250 | WARNING | PUSH2 used: stock_common.sc_datasource.get_em_quote_full
2026-08-01 16:39:07,234 | WARNING | PUSH2 used: stock_common.sc_datasource.get_em_quote_full
2026-08-01 16:39:08,245 | WARNING | PUSH2 used: stock_common.sc_datasource.get_em_quote_full
2026-08-01 16:39:09,235 | WARNING | PUSH2 used: stock_common.sc_datasource.get_em_quote_full
2026-08-01 16:39:10,246 | WARNING | PUSH2 used: stock_common.sc_datasource.get_em_quote_full
2026-08-01 16:39:11,251 | WARNING | PUSH2 used: stock_common.sc_datasource.get_em_quote_full
2026-08-01 16:39:12,269 | WARNING | PUSH2 used: stock_common.sc_datasource.get_em_quote_full
2026-08-01 16:39:13,274 | WARNING | PUSH2 used: stock_common.sc_datasource.get_em_quote_full
2026-08-01 16:39:14,269 | WARNING | PUSH2 used: stock_common.sc_datasource.get_em_quote_full
2026-08-01 16:39:15,256 | WARNING | PUSH2 used: stock_common.sc_datasource.get_em_quote_full
2026-08-01 16:39:16,227 | WARNING | PUSH2 used: stock_common.sc_datasource.get_em_quote_full
2026-08-01 16:39:17,234 | WARNING | PUSH2 used: stock_common.sc_datasource.get_em_quote_full
2026-08-01 16:39:18,256 | WARNING | PUSH2 used: stock_common.sc_datasource.get_em_quote_full
2026-08-01 16:39:19,247 | WARNING | PUSH2 used: stock_common.sc_datasource.get_em_quote_full
2026-08-01 16:39:20,274 | WARNING | PUSH2 used: stock_common.sc_datasource.get_em_quote_full
2026-08-01 16:39:21,289 | WARNING | PUSH2 used: stock_common.sc_datasource.get_em_quote_full
2026-08-01 16:39:22,254 | WARNING | PUSH2 used: stock_common.sc_datasource.get_em_quote_full
2026-08-01 16:39:23,242 | WARNING | PUSH2 used: stock_common.sc_datasource.get_em_quote_full
2026-08-01 16:39:24,552 | WARNING | PUSH2 used: stock_common.sc_datasource.get_em_quote_full
2026-08-01 16:39:25,260 | WARNING | PUSH2 used: stock_common.sc_datasource.get_em_quote_full
2026-08-01 16:39:26,512 | WARNING | PUSH2 used: stock_common.sc_datasource.get_em_quote_full
2026-08-01 16:39:27,259 | WARNING | PUSH2 used: stock_common.sc_datasource.get_em_quote_full
2026-08-01 16:39:28,238 | WARNING | PUSH2 used: stock_common.sc_datasource.get_em_quote_full
2026-08-01 16:39:29,261 | WARNING | PUSH2 used: stock_common.sc_datasource.get_em_quote_full
2026-08-01 16:39:30,245 | WARNING | PUSH2 used: stock_common.sc_datasource.get_em_quote_full
2026-08-01 16:39:31,271 | WARNING | PUSH2 used: stock_common.sc_datasource.get_em_quote_full
2026-08-01 16:39:32,513 | WARNING | PUSH2 used: stock_common.sc_datasource.get_em_quote_full
2026-08-01 16:39:33,239 | WARNING | PUSH2 used: stock_common.sc_datasource.get_em_quote_full
2026-08-01 16:39:34,265 | WARNING | PUSH2 used: stock_common.sc_datasource.get_em_quote_full
2026-08-01 16:39:35,263 | WARNING | PUSH2 used: stock_common.sc_datasource.get_em_quote_full
2026-08-01 16:39:36,252 | WARNING | PUSH2 used: stock_common.sc_datasource.get_em_quote_full
2026-08-01 16:39:37,256 | WARNING | PUSH2 used: stock_common.sc_datasource.get_em_quote_full
2026-08-01 16:39:38,268 | WARNING | PUSH2 used: stock_common.sc_datasource.get_em_quote_full
2026-08-01 16:39:39,278 | WARNING | PUSH2 used: stock_common.sc_datasource.get_em_quote_full
2026-08-01 16:39:40,247 | WARNING | PUSH2 used: stock_common.sc_datasource.get_em_quote_full
2026-08-01 16:39:41,514 | WARNING | PUSH2 used: stock_common.sc_datasource.get_em_quote_full
2026-08-01 16:39:42,258 | WARNING | PUSH2 used: stock_common.sc_datasource.get_em_quote_full
2026-08-01 16:39:43,256 | WARNING | PUSH2 used: stock_common.sc_datasource.get_em_quote_full
2026-08-01 16:39:44,244 | WARNING | PUSH2 used: stock_common.sc_datasource.get_em_quote_full
2026-08-01 16:39:45,276 | WARNING | PUSH2 used: stock_common.sc_datasource.get_em_quote_full
2026-08-01 16:39:46,314 | WARNING | PUSH2 used: stock_common.sc_datasource.get_em_quote_full
2026-08-01 16:39:47,297 | WARNING | PUSH2 used: stock_common.sc_datasource.get_em_quote_full
2026-08-01 16:39:48,567 | WARNING | PUSH2 used: stock_common.sc_datasource.get_em_quote_full
2026-08-01 16:39:49,303 | WARNING | PUSH2 used: stock_common.sc_datasource.get_em_quote_full
2026-08-01 16:39:50,297 | WARNING | PUSH2 used: stock_common.sc_datasource.get_em_quote_full
2026-08-01 16:39:51,289 | WARNING | PUSH2 used: stock_common.sc_datasource.get_em_quote_full
2026-08-01 16:39:52,530 | WARNING | PUSH2 used: stock_common.sc_datasource.get_em_quote_full
2026-08-01 16:39:53,309 | WARNING | PUSH2 used: stock_common.sc_datasource.get_em_quote_full
2026-08-01 16:39:54,288 | WARNING | PUSH2 used: stock_common.sc_datasource.get_em_quote_full
2026-08-01 16:39:55,286 | WARNING | PUSH2 used: stock_common.sc_datasource.get_em_quote_full
2026-08-01 16:39:56,308 | WARNING | PUSH2 used: stock_common.sc_datasource.get_em_quote_full
2026-08-01 16:39:57,305 | WARNING | PUSH2 used: stock_common.sc_datasource.get_em_quote_full
2026-08-01 16:39:58,297 | WARNING | PUSH2 used: stock_common.sc_datasource.get_em_quote_full
2026-08-01 16:39:59,296 | WARNING | PUSH2 used: stock_common.sc_datasource.get_em_quote_full
2026-08-01 16:40:00,350 | WARNING | PUSH2 used: stock_common.sc_datasource.get_em_quote_full
2026-08-01 16:40:01,315 | WARNING | PUSH2 used: stock_common.sc_datasource.get_em_quote_full
2026-08-01 16:40:02,334 | WARNING | PUSH2 used: stock_common.sc_datasource.get_em_quote_full
2026-08-01 16:40:04,135 | WARNING | PUSH2 used: stock_common.sc_datasource.get_em_quote_full
2026-08-01 16:40:04,531 | WARNING | PUSH2 used: stock_common.sc_datasource.get_em_quote_full
2026-08-01 16:40:05,284 | WARNING | PUSH2 used: stock_common.sc_datasource.get_em_quote_full
2026-08-01 16:40:06,287 | WARNING | PUSH2 used: stock_common.sc_datasource.get_em_quote_full
2026-08-01 16:40:07,580 | WARNING | PUSH2 used: stock_common.sc_datasource.get_em_quote_full
2026-08-01 16:40:08,307 | WARNING | PUSH2 used: stock_common.sc_datasource.get_em_quote_full
2026-08-01 16:40:09,297 | WARNING | PUSH2 used: stock_common.sc_datasource.get_em_quote_full
2026-08-01 16:40:10,285 | WARNING | PUSH2 used: stock_common.sc_datasource.get_em_quote_full
2026-08-01 16:40:11,295 | WARNING | PUSH2 used: stock_common.sc_datasource.get_em_quote_full
2026-08-01 16:40:12,577 | WARNING | PUSH2 used: stock_common.sc_datasource.get_em_quote_full
2026-08-01 16:40:13,291 | WARNING | PUSH2 used: stock_common.sc_datasource.get_em_quote_full
2026-08-01 16:40:14,282 | WARNING | PUSH2 used: stock_common.sc_datasource.get_em_quote_full
2026-08-01 16:40:15,279 | WARNING | PUSH2 used: stock_common.sc_datasource.get_em_quote_full
2026-08-01 16:40:16,270 | WARNING | PUSH2 used: stock_common.sc_datasource.get_em_quote_full
2026-08-01 16:40:17,312 | WARNING | PUSH2 used: stock_common.sc_datasource.get_em_quote_full
2026-08-01 16:40:18,315 | WARNING | PUSH2 used: stock_common.sc_datasource.get_em_quote_full
2026-08-01 16:40:19,296 | WARNING | PUSH2 used: stock_common.sc_datasource.get_em_quote_full
2026-08-01 16:40:20,415 | WARNING | PUSH2 used: stock_common.sc_datasource.get_em_quote_full
2026-08-01 16:40:21,438 | WARNING | PUSH2 used: stock_common.sc_datasource.get_em_quote_full
2026-08-01 16:40:22,417 | WARNING | PUSH2 used: stock_common.sc_datasource.get_em_quote_full
2026-08-01 16:40:23,385 | WARNING | PUSH2 used: stock_common.sc_datasource.get_em_quote_full
2026-08-01 16:40:24,418 | WARNING | PUSH2 used: stock_common.sc_datasource.get_em_quote_full
2026-08-01 16:40:25,437 | WARNING | PUSH2 used: stock_common.sc_datasource.get_em_quote_full
2026-08-01 16:40:26,384 | WARNING | PUSH2 used: stock_common.sc_datasource.get_em_quote_full
2026-08-01 16:40:27,332 | WARNING | PUSH2 used: stock_common.sc_datasource.get_em_quote_full
2026-08-01 16:40:28,419 | WARNING | PUSH2 used: stock_common.sc_datasource.get_em_quote_full
2026-08-01 16:40:29,585 | WARNING | PUSH2 used: stock_common.sc_datasource.get_em_quote_full
2026-08-01 16:40:30,576 | WARNING | PUSH2 used: stock_common.sc_datasource.get_em_quote_full
2026-08-01 16:40:31,291 | WARNING | PUSH2 used: stock_common.sc_datasource.get_em_quote_full
2026-08-01 16:40:32,291 | WARNING | PUSH2 used: stock_common.sc_datasource.get_em_quote_full
2026-08-01 16:40:33,309 | WARNING | PUSH2 used: stock_common.sc_datasource.get_em_quote_full
2026-08-01 16:40:34,278 | WARNING | PUSH2 used: stock_common.sc_datasource.get_em_quote_full
2026-08-01 16:40:35,275 | WARNING | PUSH2 used: stock_common.sc_datasource.get_em_quote_full
2026-08-01 16:40:36,802 | WARNING | PUSH2 used: stock_common.sc_datasource.get_em_quote_full
2026-08-01 16:40:37,275 | WARNING | PUSH2 used: stock_common.sc_datasource.get_em_quote_full
2026-08-01 16:40:38,276 | WARNING | PUSH2 used: stock_common.sc_datasource.get_em_quote_full
2026-08-01 16:40:39,289 | WARNING | PUSH2 used: stock_common.sc_datasource.get_em_quote_full
2026-08-01 16:40:40,292 | WARNING | PUSH2 used: stock_common.sc_datasource.get_em_quote_full
2026-08-01 16:40:41,297 | WARNING | PUSH2 used: stock_common.sc_datasource.get_em_quote_full
2026-08-01 16:40:42,289 | WARNING | PUSH2 used: stock_common.sc_datasource.get_em_quote_full
2026-08-01 16:40:43,528 | WARNING | PUSH2 used: stock_common.sc_datasource.get_em_quote_full
2026-08-01 16:40:44,295 | WARNING | PUSH2 used: stock_common.sc_datasource.get_em_quote_full
2026-08-01 16:40:45,596 | WARNING | PUSH2 used: stock_common.sc_datasource.get_em_quote_full
2026-08-01 16:40:46,898 | WARNING | PUSH2 used: stock_common.sc_datasource.get_em_quote_full
2026-08-01 16:40:47,304 | WARNING | PUSH2 used: stock_common.sc_datasource.get_em_quote_full
2026-08-01 16:40:48,573 | WARNING | PUSH2 used: stock_common.sc_datasource.get_em_quote_full
2026-08-01 16:40:49,284 | WARNING | PUSH2 used: stock_common.sc_datasource.get_em_quote_full
2026-08-01 16:40:50,307 | WARNING | PUSH2 used: stock_common.sc_datasource.get_em_quote_full
2026-08-01 16:40:51,293 | WARNING | PUSH2 used: stock_common.sc_datasource.get_em_quote_full
2026-08-01 16:40:52,355 | WARNING | PUSH2 used: stock_common.sc_datasource.get_em_quote_full
2026-08-01 16:40:53,529 | WARNING | PUSH2 used: stock_common.sc_datasource.get_em_quote_full
2026-08-01 16:40:54,291 | WARNING | PUSH2 used: stock_common.sc_datasource.get_em_quote_full
2026-08-01 16:40:55,283 | WARNING | PUSH2 used: stock_common.sc_datasource.get_em_quote_full
2026-08-01 16:40:56,407 | WARNING | PUSH2 used: stock_common.sc_datasource.get_em_quote_full
2026-08-01 16:40:57,288 | WARNING | PUSH2 used: stock_common.sc_datasource.get_em_quote_full
2026-08-01 16:40:58,338 | WARNING | PUSH2 used: stock_common.sc_datasource.get_em_quote_full
2026-08-01 16:40:59,512 | WARNING | PUSH2 used: stock_common.sc_datasource.get_em_quote_full
2026-08-01 16:41:00,530 | WARNING | PUSH2 used: stock_common.sc_datasource.get_em_quote_full
2026-08-01 16:41:01,273 | WARNING | PUSH2 used: stock_common.sc_datasource.get_em_quote_full
2026-08-01 16:41:02,320 | WARNING | PUSH2 used: stock_common.sc_datasource.get_em_quote_full
2026-08-01 16:41:03,833 | WARNING | PUSH2 used: stock_common.sc_datasource.get_em_quote_full
2026-08-01 16:41:04,276 | WARNING | PUSH2 used: stock_common.sc_datasource.get_em_quote_full
2026-08-01 16:41:05,259 | WARNING | PUSH2 used: stock_common.sc_datasource.get_em_quote_full
2026-08-01 16:41:06,278 | WARNING | PUSH2 used: stock_common.sc_datasource.get_em_quote_full
2026-08-01 16:41:07,515 | WARNING | PUSH2 used: stock_common.sc_datasource.get_em_quote_full
2026-08-01 16:41:08,278 | WARNING | PUSH2 used: stock_common.sc_datasource.get_em_quote_full
2026-08-01 16:41:09,360 | WARNING | PUSH2 used: stock_common.sc_datasource.get_em_quote_full
2026-08-01 16:41:10,357 | WARNING | PUSH2 used: stock_common.sc_datasource.get_em_quote_full
2026-08-01 16:41:11,301 | WARNING | PUSH2 used: stock_common.sc_datasource.get_em_quote_full
2026-08-01 16:41:12,314 | WARNING | PUSH2 used: stock_common.sc_datasource.get_em_quote_full
2026-08-01 16:41:13,293 | WARNING | PUSH2 used: stock_common.sc_datasource.get_em_quote_full
2026-08-01 16:41:14,298 | WARNING | PUSH2 used: stock_common.sc_datasource.get_em_quote_full
2026-08-01 16:41:15,263 | WARNING | PUSH2 used: stock_common.sc_datasource.get_em_quote_full
2026-08-01 16:41:16,556 | WARNING | PUSH2 used: stock_common.sc_datasource.get_em_quote_full
2026-08-01 16:41:17,300 | WARNING | PUSH2 used: stock_common.sc_datasource.get_em_quote_full
2026-08-01 16:41:18,517 | WARNING | PUSH2 used: stock_common.sc_datasource.get_em_quote_full
2026-08-01 16:41:19,293 | WARNING | PUSH2 used: stock_common.sc_datasource.get_em_quote_full
2026-08-01 16:41:20,520 | WARNING | PUSH2 used: stock_common.sc_datasource.get_em_quote_full
2026-08-01 16:41:21,287 | WARNING | PUSH2 used: stock_common.sc_datasource.get_em_quote_full
2026-08-01 16:41:22,338 | WARNING | PUSH2 used: stock_common.sc_datasource.get_em_quote_full
2026-08-01 16:41:23,264 | WARNING | PUSH2 used: stock_common.sc_datasource.get_em_quote_full
2026-08-01 16:41:24,269 | WARNING | PUSH2 used: stock_common.sc_datasource.get_em_quote_full
2026-08-01 16:41:25,271 | WARNING | PUSH2 used: stock_common.sc_datasource.get_em_quote_full
2026-08-01 16:41:26,253 | WARNING | PUSH2 used: stock_common.sc_datasource.get_em_quote_full
2026-08-01 16:41:27,258 | WARNING | PUSH2 used: stock_common.sc_datasource.get_em_quote_full
2026-08-01 16:41:28,323 | WARNING | PUSH2 used: stock_common.sc_datasource.get_em_quote_full
2026-08-01 16:41:29,275 | WARNING | PUSH2 used: stock_common.sc_datasource.get_em_quote_full
2026-08-01 16:41:30,395 | WARNING | PUSH2 used: stock_common.sc_datasource.get_em_quote_full
2026-08-01 16:41:31,265 | WARNING | PUSH2 used: stock_common.sc_datasource.get_em_quote_full
2026-08-01 16:41:32,468 | WARNING | PUSH2 used: stock_common.sc_datasource.get_em_quote_full
2026-08-01 16:41:33,262 | WARNING | PUSH2 used: stock_common.sc_datasource.get_em_quote_full
2026-08-01 16:41:34,264 | WARNING | PUSH2 used: stock_common.sc_datasource.get_em_quote_full
2026-08-01 16:41:35,258 | WARNING | PUSH2 used: stock_common.sc_datasource.get_em_quote_full
2026-08-01 16:41:36,248 | WARNING | PUSH2 used: stock_common.sc_datasource.get_em_quote_full
2026-08-01 16:41:37,250 | WARNING | PUSH2 used: stock_common.sc_datasource.get_em_quote_full
2026-08-01 16:41:38,264 | WARNING | PUSH2 used: stock_common.sc_datasource.get_em_quote_full
2026-08-01 16:41:39,241 | WARNING | PUSH2 used: stock_common.sc_datasource.get_em_quote_full
2026-08-01 16:41:40,247 | WARNING | PUSH2 used: stock_common.sc_datasource.get_em_quote_full
2026-08-01 16:41:41,247 | WARNING | PUSH2 used: stock_common.sc_datasource.get_em_quote_full
2026-08-01 16:41:42,248 | WARNING | PUSH2 used: stock_common.sc_datasource.get_em_quote_full
2026-08-01 16:41:43,318 | WARNING | PUSH2 used: stock_common.sc_datasource.get_em_quote_full
2026-08-01 16:41:44,252 | WARNING | PUSH2 used: stock_common.sc_datasource.get_em_quote_full
2026-08-01 16:41:45,253 | WARNING | PUSH2 used: stock_common.sc_datasource.get_em_quote_full
2026-08-01 16:41:46,247 | WARNING | PUSH2 used: stock_common.sc_datasource.get_em_quote_full
2026-08-01 16:41:47,264 | WARNING | PUSH2 used: stock_common.sc_datasource.get_em_quote_full
2026-08-01 16:41:48,244 | WARNING | PUSH2 used: stock_common.sc_datasource.get_em_quote_full
2026-08-01 16:41:49,268 | WARNING | PUSH2 used: stock_common.sc_datasource.get_em_quote_full
2026-08-01 16:41:50,243 | WARNING | PUSH2 used: stock_common.sc_datasource.get_em_quote_full
2026-08-01 16:41:51,239 | WARNING | PUSH2 used: stock_common.sc_datasource.get_em_quote_full
2026-08-01 16:41:52,258 | WARNING | PUSH2 used: stock_common.sc_datasource.get_em_quote_full
2026-08-01 16:41:53,243 | WARNING | PUSH2 used: stock_common.sc_datasource.get_em_quote_full
2026-08-01 16:41:54,253 | WARNING | PUSH2 used: stock_common.sc_datasource.get_em_quote_full
2026-08-01 16:41:55,252 | WARNING | PUSH2 used: stock_common.sc_datasource.get_em_quote_full
2026-08-01 16:41:56,240 | WARNING | PUSH2 used: stock_common.sc_datasource.get_em_quote_full
2026-08-01 16:41:57,236 | WARNING | PUSH2 used: stock_common.sc_datasource.get_em_quote_full
2026-08-01 16:41:58,259 | WARNING | PUSH2 used: stock_common.sc_datasource.get_em_quote_full
2026-08-01 16:41:59,255 | WARNING | PUSH2 used: stock_common.sc_datasource.get_em_quote_full
2026-08-01 16:42:00,253 | WARNING | PUSH2 used: stock_common.sc_datasource.get_em_quote_full
2026-08-01 16:42:01,249 | WARNING | PUSH2 used: stock_common.sc_datasource.get_em_quote_full
2026-08-01 16:42:02,522 | WARNING | PUSH2 used: stock_common.sc_datasource.get_em_quote_full
2026-08-01 16:42:03,250 | WARNING | PUSH2 used: stock_common.sc_datasource.get_em_quote_full
2026-08-01 16:42:04,486 | WARNING | PUSH2 used: stock_common.sc_datasource.get_em_quote_full
2026-08-01 16:42:05,261 | WARNING | PUSH2 used: stock_common.sc_datasource.get_em_quote_full
2026-08-01 16:42:06,248 | WARNING | PUSH2 used: stock_common.sc_datasource.get_em_quote_full
2026-08-01 16:42:07,540 | WARNING | PUSH2 used: stock_common.sc_datasource.get_em_quote_full
2026-08-01 16:42:08,244 | WARNING | PUSH2 used: stock_common.sc_datasource.get_em_quote_full
2026-08-01 16:42:09,500 | WARNING | PUSH2 used: stock_common.sc_datasource.get_em_quote_full
2026-08-01 16:42:10,250 | WARNING | PUSH2 used: stock_common.sc_datasource.get_em_quote_full
2026-08-01 16:42:11,241 | WARNING | PUSH2 used: stock_common.sc_datasource.get_em_quote_full
2026-08-01 16:42:12,506 | WARNING | PUSH2 used: stock_common.sc_datasource.get_em_quote_full
2026-08-01 16:42:13,234 | WARNING | PUSH2 used: stock_common.sc_datasource.get_em_quote_full
2026-08-01 16:42:14,300 | WARNING | PUSH2 used: stock_common.sc_datasource.get_em_quote_full
2026-08-01 16:42:15,255 | WARNING | PUSH2 used: stock_common.sc_datasource.get_em_quote_full
2026-08-01 16:42:16,263 | WARNING | PUSH2 used: stock_common.sc_datasource.get_em_quote_full
2026-08-01 16:42:17,246 | WARNING | PUSH2 used: stock_common.sc_datasource.get_em_quote_full
2026-08-01 16:42:18,245 | WARNING | PUSH2 used: stock_common.sc_datasource.get_em_quote_full
2026-08-01 16:42:19,252 | WARNING | PUSH2 used: stock_common.sc_datasource.get_em_quote_full
2026-08-01 16:42:20,266 | WARNING | PUSH2 used: stock_common.sc_datasource.get_em_quote_full
2026-08-01 16:42:21,273 | WARNING | PUSH2 used: stock_common.sc_datasource.get_em_quote_full
2026-08-01 16:42:22,265 | WARNING | PUSH2 used: stock_common.sc_datasource.get_em_quote_full
2026-08-01 16:42:23,255 | WARNING | PUSH2 used: stock_common.sc_datasource.get_em_quote_full
2026-08-01 16:42:24,752 | WARNING | PUSH2 used: stock_common.sc_datasource.get_em_quote_full
2026-08-01 16:42:25,242 | WARNING | PUSH2 used: stock_common.sc_datasource.get_em_quote_full
2026-08-01 16:42:26,236 | WARNING | PUSH2 used: stock_common.sc_datasource.get_em_quote_full
2026-08-01 16:42:27,485 | WARNING | PUSH2 used: stock_common.sc_datasource.get_em_quote_full
2026-08-01 16:42:28,263 | WARNING | PUSH2 used: stock_common.sc_datasource.get_em_quote_full
2026-08-01 16:42:29,292 | WARNING | PUSH2 used: stock_common.sc_datasource.get_em_quote_full
2026-08-01 16:42:30,264 | WARNING | PUSH2 used: stock_common.sc_datasource.get_em_quote_full
2026-08-01 16:42:31,263 | WARNING | PUSH2 used: stock_common.sc_datasource.get_em_quote_full
2026-08-01 16:42:32,254 | WARNING | PUSH2 used: stock_common.sc_datasource.get_em_quote_full
2026-08-01 16:42:33,506 | WARNING | PUSH2 used: stock_common.sc_datasource.get_em_quote_full
2026-08-01 16:42:34,250 | WARNING | PUSH2 used: stock_common.sc_datasource.get_em_quote_full
2026-08-01 16:42:35,265 | WARNING | PUSH2 used: stock_common.sc_datasource.get_em_quote_full
2026-08-01 16:42:36,269 | WARNING | PUSH2 used: stock_common.sc_datasource.get_em_quote_full
2026-08-01 16:42:37,254 | WARNING | PUSH2 used: stock_common.sc_datasource.get_em_quote_full
2026-08-01 16:42:38,268 | WARNING | PUSH2 used: stock_common.sc_datasource.get_em_quote_full
2026-08-01 16:42:39,246 | WARNING | PUSH2 used: stock_common.sc_datasource.get_em_quote_full
2026-08-01 16:42:40,238 | WARNING | PUSH2 used: stock_common.sc_datasource.get_em_quote_full
2026-08-01 16:42:41,241 | WARNING | PUSH2 used: stock_common.sc_datasource.get_em_quote_full
2026-08-01 16:42:42,252 | WARNING | PUSH2 used: stock_common.sc_datasource.get_em_quote_full
2026-08-01 16:42:43,244 | WARNING | PUSH2 used: stock_common.sc_datasource.get_em_quote_full
2026-08-01 16:42:44,246 | WARNING | PUSH2 used: stock_common.sc_datasource.get_em_quote_full
2026-08-01 16:42:45,559 | WARNING | PUSH2 used: stock_common.sc_datasource.get_em_quote_full
2026-08-01 16:42:46,247 | WARNING | PUSH2 used: stock_common.sc_datasource.get_em_quote_full
2026-08-01 16:42:47,255 | WARNING | PUSH2 used: stock_common.sc_datasource.get_em_quote_full
2026-08-01 16:42:48,256 | WARNING | PUSH2 used: stock_common.sc_datasource.get_em_quote_full
2026-08-01 16:42:49,254 | WARNING | PUSH2 used: stock_common.sc_datasource.get_em_quote_full
2026-08-01 16:42:50,237 | WARNING | PUSH2 used: stock_common.sc_datasource.get_em_quote_full
2026-08-01 16:42:51,237 | WARNING | PUSH2 used: stock_common.sc_datasource.get_em_quote_full
2026-08-01 16:42:52,248 | WARNING | PUSH2 used: stock_common.sc_datasource.get_em_quote_full
2026-08-01 16:42:53,243 | WARNING | PUSH2 used: stock_common.sc_datasource.get_em_quote_full
2026-08-01 16:42:54,239 | WARNING | PUSH2 used: stock_common.sc_datasource.get_em_quote_full
2026-08-01 16:42:55,241 | WARNING | PUSH2 used: stock_common.sc_datasource.get_em_quote_full
2026-08-01 16:42:56,242 | WARNING | PUSH2 used: stock_common.sc_datasource.get_em_quote_full
2026-08-01 16:42:57,236 | WARNING | PUSH2 used: stock_common.sc_datasource.get_em_quote_full
2026-08-01 16:42:58,260 | WARNING | PUSH2 used: stock_common.sc_datasource.get_em_quote_full
2026-08-01 16:42:59,258 | WARNING | PUSH2 used: stock_common.sc_datasource.get_em_quote_full
2026-08-01 16:43:00,254 | WARNING | PUSH2 used: stock_common.sc_datasource.get_em_quote_full
2026-08-01 16:43:01,238 | WARNING | PUSH2 used: stock_common.sc_datasource.get_em_quote_full
2026-08-01 16:43:02,263 | WARNING | PUSH2 used: stock_common.sc_datasource.get_em_quote_full
2026-08-01 16:43:03,239 | WARNING | PUSH2 used: stock_common.sc_datasource.get_em_quote_full
2026-08-01 16:43:04,256 | WARNING | PUSH2 used: stock_common.sc_datasource.get_em_quote_full
2026-08-01 16:43:05,247 | WARNING | PUSH2 used: stock_common.sc_datasource.get_em_quote_full
2026-08-01 16:43:06,241 | WARNING | PUSH2 used: stock_common.sc_datasource.get_em_quote_full
2026-08-01 16:43:07,239 | WARNING | PUSH2 used: stock_common.sc_datasource.get_em_quote_full
2026-08-01 16:43:08,233 | WARNING | PUSH2 used: stock_common.sc_datasource.get_em_quote_full
2026-08-01 16:43:09,258 | WARNING | PUSH2 used: stock_common.sc_datasource.get_em_quote_full
2026-08-01 16:43:10,231 | WARNING | PUSH2 used: stock_common.sc_datasource.get_em_quote_full
2026-08-01 16:43:11,538 | WARNING | PUSH2 used: stock_common.sc_datasource.get_em_quote_full
2026-08-01 16:43:12,238 | WARNING | PUSH2 used: stock_common.sc_datasource.get_em_quote_full
2026-08-01 16:43:13,516 | WARNING | PUSH2 used: stock_common.sc_datasource.get_em_quote_full
2026-08-01 16:43:14,508 | WARNING | PUSH2 used: stock_common.sc_datasource.get_em_quote_full
2026-08-01 16:43:15,240 | WARNING | PUSH2 used: stock_common.sc_datasource.get_em_quote_full
2026-08-01 16:43:16,249 | WARNING | PUSH2 used: stock_common.sc_datasource.get_em_quote_full
2026-08-01 16:43:17,250 | WARNING | PUSH2 used: stock_common.sc_datasource.get_em_quote_full
2026-08-01 16:43:18,258 | WARNING | PUSH2 used: stock_common.sc_datasource.get_em_quote_full
2026-08-01 16:43:19,255 | WARNING | PUSH2 used: stock_common.sc_datasource.get_em_quote_full
2026-08-01 16:43:20,270 | WARNING | PUSH2 used: stock_common.sc_datasource.get_em_quote_full
2026-08-01 16:43:21,268 | WARNING | PUSH2 used: stock_common.sc_datasource.get_em_quote_full
2026-08-01 16:43:22,262 | WARNING | PUSH2 used: stock_common.sc_datasource.get_em_quote_full
2026-08-01 16:43:23,514 | WARNING | PUSH2 used: stock_common.sc_datasource.get_em_quote_full
2026-08-01 16:43:24,258 | WARNING | PUSH2 used: stock_common.sc_datasource.get_em_quote_full
2026-08-01 16:43:25,507 | WARNING | PUSH2 used: stock_common.sc_datasource.get_em_quote_full
2026-08-01 16:43:26,244 | WARNING | PUSH2 used: stock_common.sc_datasource.get_em_quote_full
2026-08-01 16:43:27,266 | WARNING | PUSH2 used: stock_common.sc_datasource.get_em_quote_full
2026-08-01 16:43:28,248 | WARNING | PUSH2 used: stock_common.sc_datasource.get_em_quote_full
2026-08-01 16:43:29,252 | WARNING | PUSH2 used: stock_common.sc_datasource.get_em_quote_full
2026-08-01 16:43:30,313 | WARNING | PUSH2 used: stock_common.sc_datasource.get_em_quote_full
2026-08-01 16:43:31,264 | WARNING | PUSH2 used: stock_common.sc_datasource.get_em_quote_full
2026-08-01 16:43:32,258 | WARNING | PUSH2 used: stock_common.sc_datasource.get_em_quote_full
2026-08-01 16:43:33,252 | WARNING | PUSH2 used: stock_common.sc_datasource.get_em_quote_full
2026-08-01 16:43:34,253 | WARNING | PUSH2 used: stock_common.sc_datasource.get_em_quote_full
2026-08-01 16:43:35,250 | WARNING | PUSH2 used: stock_common.sc_datasource.get_em_quote_full
2026-08-01 16:43:36,254 | WARNING | PUSH2 used: stock_common.sc_datasource.get_em_quote_full
2026-08-01 16:43:37,530 | WARNING | PUSH2 used: stock_common.sc_datasource.get_em_quote_full
2026-08-01 16:43:38,248 | WARNING | PUSH2 used: stock_common.sc_datasource.get_em_quote_full
2026-08-01 16:43:39,809 | WARNING | PUSH2 used: stock_common.sc_datasource.get_em_quote_full
2026-08-01 16:43:40,247 | WARNING | PUSH2 used: stock_common.sc_datasource.get_em_quote_full
2026-08-01 16:43:41,245 | WARNING | PUSH2 used: stock_common.sc_datasource.get_em_quote_full
2026-08-01 16:43:42,254 | WARNING | PUSH2 used: stock_common.sc_datasource.get_em_quote_full
2026-08-01 16:43:43,245 | WARNING | PUSH2 used: stock_common.sc_datasource.get_em_quote_full
2026-08-01 16:43:44,264 | WARNING | PUSH2 used: stock_common.sc_datasource.get_em_quote_full
2026-08-01 16:43:45,239 | WARNING | PUSH2 used: stock_common.sc_datasource.get_em_quote_full
2026-08-01 16:43:46,273 | WARNING | PUSH2 used: stock_common.sc_datasource.get_em_quote_full
2026-08-01 16:43:47,240 | WARNING | PUSH2 used: stock_common.sc_datasource.get_em_quote_full
2026-08-01 16:43:48,232 | WARNING | PUSH2 used: stock_common.sc_datasource.get_em_quote_full
2026-08-01 16:43:49,247 | WARNING | PUSH2 used: stock_common.sc_datasource.get_em_quote_full
2026-08-01 16:43:50,256 | WARNING | PUSH2 used: stock_common.sc_datasource.get_em_quote_full
2026-08-01 16:43:51,255 | WARNING | PUSH2 used: stock_common.sc_datasource.get_em_quote_full
2026-08-01 16:43:52,247 | WARNING | PUSH2 used: stock_common.sc_datasource.get_em_quote_full
2026-08-01 16:43:53,570 | WARNING | PUSH2 used: stock_common.sc_datasource.get_em_quote_full
2026-08-01 16:43:54,246 | WARNING | PUSH2 used: stock_common.sc_datasource.get_em_quote_full
2026-08-01 16:43:55,263 | WARNING | PUSH2 used: stock_common.sc_datasource.get_em_quote_full
2026-08-01 16:43:56,528 | WARNING | PUSH2 used: stock_common.sc_datasource.get_em_quote_full
2026-08-01 16:43:57,264 | WARNING | PUSH2 used: stock_common.sc_datasource.get_em_quote_full
2026-08-01 16:43:58,254 | WARNING | PUSH2 used: stock_common.sc_datasource.get_em_quote_full
2026-08-01 16:43:59,244 | WARNING | PUSH2 used: stock_common.sc_datasource.get_em_quote_full
2026-08-01 16:44:00,251 | WARNING | PUSH2 used: stock_common.sc_datasource.get_em_quote_full
2026-08-01 16:44:01,264 | WARNING | PUSH2 used: stock_common.sc_datasource.get_em_quote_full
2026-08-01 16:44:02,253 | WARNING | PUSH2 used: stock_common.sc_datasource.get_em_quote_full
2026-08-01 16:44:03,244 | WARNING | PUSH2 used: stock_common.sc_datasource.get_em_quote_full
2026-08-01 16:44:04,257 | WARNING | PUSH2 used: stock_common.sc_datasource.get_em_quote_full
2026-08-01 16:44:05,235 | WARNING | PUSH2 used: stock_common.sc_datasource.get_em_quote_full
2026-08-01 16:44:06,263 | WARNING | PUSH2 used: stock_common.sc_datasource.get_em_quote_full
2026-08-01 16:44:07,236 | WARNING | PUSH2 used: stock_common.sc_datasource.get_em_quote_full
2026-08-01 16:44:08,244 | WARNING | PUSH2 used: stock_common.sc_datasource.get_em_quote_full
2026-08-01 16:44:09,252 | WARNING | PUSH2 used: stock_common.sc_datasource.get_em_quote_full
2026-08-01 16:44:10,240 | WARNING | PUSH2 used: stock_common.sc_datasource.get_em_quote_full
2026-08-01 16:44:11,491 | WARNING | PUSH2 used: stock_common.sc_datasource.get_em_quote_full
2026-08-01 16:44:12,259 | WARNING | PUSH2 used: stock_common.sc_datasource.get_em_quote_full
2026-08-01 16:44:13,256 | WARNING | PUSH2 used: stock_common.sc_datasource.get_em_quote_full
2026-08-01 16:44:14,249 | WARNING | PUSH2 used: stock_common.sc_datasource.get_em_quote_full
2026-08-01 16:44:15,252 | WARNING | PUSH2 used: stock_common.sc_datasource.get_em_quote_full
2026-08-01 16:44:16,275 | WARNING | PUSH2 used: stock_common.sc_datasource.get_em_quote_full
2026-08-01 16:44:17,276 | WARNING | PUSH2 used: stock_common.sc_datasource.get_em_quote_full
2026-08-01 16:44:18,241 | WARNING | PUSH2 used: stock_common.sc_datasource.get_em_quote_full
2026-08-01 16:44:19,270 | WARNING | PUSH2 used: stock_common.sc_datasource.get_em_quote_full
2026-08-01 16:44:20,238 | WARNING | PUSH2 used: stock_common.sc_datasource.get_em_quote_full
2026-08-01 16:44:21,542 | WARNING | PUSH2 used: stock_common.sc_datasource.get_em_quote_full
2026-08-01 16:44:22,253 | WARNING | PUSH2 used: stock_common.sc_datasource.get_em_quote_full
2026-08-01 16:44:23,276 | WARNING | PUSH2 used: stock_common.sc_datasource.get_em_quote_full
2026-08-01 16:44:24,249 | WARNING | PUSH2 used: stock_common.sc_datasource.get_em_quote_full
2026-08-01 16:44:25,252 | WARNING | PUSH2 used: stock_common.sc_datasource.get_em_quote_full
2026-08-01 16:44:26,254 | WARNING | PUSH2 used: stock_common.sc_datasource.get_em_quote_full
2026-08-01 16:44:27,527 | WARNING | PUSH2 used: stock_common.sc_datasource.get_em_quote_full
2026-08-01 16:44:28,232 | WARNING | PUSH2 used: stock_common.sc_datasource.get_em_quote_full
2026-08-01 16:44:29,246 | WARNING | PUSH2 used: stock_common.sc_datasource.get_em_quote_full
2026-08-01 16:44:30,260 | WARNING | PUSH2 used: stock_common.sc_datasource.get_em_quote_full
2026-08-01 16:44:31,309 | WARNING | PUSH2 used: stock_common.sc_datasource.get_em_quote_full
2026-08-01 16:44:32,363 | WARNING | PUSH2 used: stock_common.sc_datasource.get_em_quote_full
2026-08-01 16:44:33,347 | WARNING | PUSH2 used: stock_common.sc_datasource.get_em_quote_full
2026-08-01 16:44:34,377 | WARNING | PUSH2 used: stock_common.sc_datasource.get_em_quote_full
2026-08-01 16:44:35,339 | WARNING | PUSH2 used: stock_common.sc_datasource.get_em_quote_full
2026-08-01 16:44:36,337 | WARNING | PUSH2 used: stock_common.sc_datasource.get_em_quote_full
2026-08-01 16:44:37,336 | WARNING | PUSH2 used: stock_common.sc_datasource.get_em_quote_full
2026-08-01 16:44:38,358 | WARNING | PUSH2 used: stock_common.sc_datasource.get_em_quote_full
2026-08-01 16:44:39,351 | WARNING | PUSH2 used: stock_common.sc_datasource.get_em_quote_full
2026-08-01 16:44:40,346 | WARNING | PUSH2 used: stock_common.sc_datasource.get_em_quote_full
2026-08-01 16:44:41,336 | WARNING | PUSH2 used: stock_common.sc_datasource.get_em_quote_full
2026-08-01 16:44:42,335 | WARNING | PUSH2 used: stock_common.sc_datasource.get_em_quote_full
2026-08-01 16:44:43,338 | WARNING | PUSH2 used: stock_common.sc_datasource.get_em_quote_full
2026-08-01 16:44:44,356 | WARNING | PUSH2 used: stock_common.sc_datasource.get_em_quote_full
2026-08-01 16:44:45,351 | WARNING | PUSH2 used: stock_common.sc_datasource.get_em_quote_full
2026-08-01 16:44:46,332 | WARNING | PUSH2 used: stock_common.sc_datasource.get_em_quote_full
2026-08-01 16:44:47,323 | WARNING | PUSH2 used: stock_common.sc_datasource.get_em_quote_full
2026-08-01 16:44:48,348 | WARNING | PUSH2 used: stock_common.sc_datasource.get_em_quote_full
2026-08-01 16:44:49,323 | WARNING | PUSH2 used: stock_common.sc_datasource.get_em_quote_full
2026-08-01 16:44:50,335 | WARNING | PUSH2 used: stock_common.sc_datasource.get_em_quote_full
2026-08-01 16:44:51,332 | WARNING | PUSH2 used: stock_common.sc_datasource.get_em_quote_full
2026-08-01 16:44:52,332 | WARNING | PUSH2 used: stock_common.sc_datasource.get_em_quote_full
2026-08-01 16:44:53,333 | WARNING | PUSH2 used: stock_common.sc_datasource.get_em_quote_full
2026-08-01 16:44:54,333 | WARNING | PUSH2 used: stock_common.sc_datasource.get_em_quote_full
2026-08-01 16:44:55,332 | WARNING | PUSH2 used: stock_common.sc_datasource.get_em_quote_full
2026-08-01 16:44:56,338 | WARNING | PUSH2 used: stock_common.sc_datasource.get_em_quote_full
2026-08-01 16:44:57,326 | WARNING | PUSH2 used: stock_common.sc_datasource.get_em_quote_full
2026-08-01 16:44:58,348 | WARNING | PUSH2 used: stock_common.sc_datasource.get_em_quote_full
2026-08-01 16:44:59,339 | WARNING | PUSH2 used: stock_common.sc_datasource.get_em_quote_full
2026-08-01 16:45:00,353 | WARNING | PUSH2 used: stock_common.sc_datasource.get_em_quote_full
2026-08-01 16:45:01,352 | WARNING | PUSH2 used: stock_common.sc_datasource.get_em_quote_full
2026-08-01 16:45:02,348 | WARNING | PUSH2 used: stock_common.sc_datasource.get_em_quote_full
2026-08-01 16:45:03,320 | WARNING | PUSH2 used: stock_common.sc_datasource.get_em_quote_full
2026-08-01 16:45:04,345 | WARNING | PUSH2 used: stock_common.sc_datasource.get_em_quote_full
2026-08-01 16:45:05,348 | WARNING | PUSH2 used: stock_common.sc_datasource.get_em_quote_full
2026-08-01 16:45:06,334 | WARNING | PUSH2 used: stock_common.sc_datasource.get_em_quote_full
2026-08-01 16:45:07,320 | WARNING | PUSH2 used: stock_common.sc_datasource.get_em_quote_full
2026-08-01 16:45:08,328 | WARNING | PUSH2 used: stock_common.sc_datasource.get_em_quote_full
2026-08-01 16:45:09,342 | WARNING | PUSH2 used: stock_common.sc_datasource.get_em_quote_full
2026-08-01 16:45:10,344 | WARNING | PUSH2 used: stock_common.sc_datasource.get_em_quote_full
2026-08-01 16:45:11,365 | WARNING | PUSH2 used: stock_common.sc_datasource.get_em_quote_full
2026-08-01 16:45:12,334 | WARNING | PUSH2 used: stock_common.sc_datasource.get_em_quote_full
2026-08-01 16:45:13,347 | WARNING | PUSH2 used: stock_common.sc_datasource.get_em_quote_full
2026-08-01 16:45:14,354 | WARNING | PUSH2 used: stock_common.sc_datasource.get_em_quote_full
2026-08-01 16:45:15,331 | WARNING | PUSH2 used: stock_common.sc_datasource.get_em_quote_full
2026-08-01 16:45:16,343 | WARNING | PUSH2 used: stock_common.sc_datasource.get_em_quote_full
2026-08-01 16:45:17,361 | WARNING | PUSH2 used: stock_common.sc_datasource.get_em_quote_full
2026-08-01 16:45:18,341 | WARNING | PUSH2 used: stock_common.sc_datasource.get_em_quote_full
2026-08-01 16:45:19,338 | WARNING | PUSH2 used: stock_common.sc_datasource.get_em_quote_full
2026-08-01 16:45:20,345 | WARNING | PUSH2 used: stock_common.sc_datasource.get_em_quote_full
2026-08-01 16:45:21,363 | WARNING | PUSH2 used: stock_common.sc_datasource.get_em_quote_full
2026-08-01 16:45:22,346 | WARNING | PUSH2 used: stock_common.sc_datasource.get_em_quote_full
2026-08-01 16:45:23,364 | WARNING | PUSH2 used: stock_common.sc_datasource.get_em_quote_full
2026-08-01 16:45:24,356 | WARNING | PUSH2 used: stock_common.sc_datasource.get_em_quote_full
2026-08-01 16:45:25,362 | WARNING | PUSH2 used: stock_common.sc_datasource.get_em_quote_full
2026-08-01 16:45:26,358 | WARNING | PUSH2 used: stock_common.sc_datasource.get_em_quote_full
2026-08-01 16:45:27,331 | WARNING | PUSH2 used: stock_common.sc_datasource.get_em_quote_full
2026-08-01 16:45:28,381 | WARNING | PUSH2 used: stock_common.sc_datasource.get_em_quote_full
2026-08-01 16:45:29,368 | WARNING | PUSH2 used: stock_common.sc_datasource.get_em_quote_full
2026-08-01 16:45:30,359 | WARNING | PUSH2 used: stock_common.sc_datasource.get_em_quote_full
2026-08-01 16:45:31,377 | WARNING | PUSH2 used: stock_common.sc_datasource.get_em_quote_full
2026-08-01 16:45:32,442 | WARNING | PUSH2 used: stock_common.sc_datasource.get_em_quote_full
2026-08-01 16:45:33,358 | WARNING | PUSH2 used: stock_common.sc_datasource.get_em_quote_full
2026-08-01 16:45:34,244 | WARNING | PUSH2 used: stock_common.sc_datasource.get_em_quote_full
2026-08-01 16:45:35,237 | WARNING | PUSH2 used: stock_common.sc_datasource.get_em_quote_full
2026-08-01 16:45:36,236 | WARNING | PUSH2 used: stock_common.sc_datasource.get_em_quote_full
2026-08-01 16:45:37,240 | WARNING | PUSH2 used: stock_common.sc_datasource.get_em_quote_full
2026-08-01 16:45:38,278 | WARNING | PUSH2 used: stock_common.sc_datasource.get_em_quote_full
2026-08-01 16:45:39,231 | WARNING | PUSH2 used: stock_common.sc_datasource.get_em_quote_full
2026-08-01 16:45:40,229 | WARNING | PUSH2 used: stock_common.sc_datasource.get_em_quote_full
2026-08-01 16:45:41,236 | WARNING | PUSH2 used: stock_common.sc_datasource.get_em_quote_full
2026-08-01 16:45:42,532 | WARNING | PUSH2 used: stock_common.sc_datasource.get_em_quote_full
2026-08-01 16:45:43,596 | WARNING | PUSH2 used: stock_common.sc_datasource.get_em_quote_full
2026-08-01 16:45:44,423 | WARNING | PUSH2 used: stock_common.sc_datasource.get_em_quote_full
2026-08-01 16:45:45,271 | WARNING | PUSH2 used: stock_common.sc_datasource.get_em_quote_full
2026-08-01 16:45:46,276 | WARNING | PUSH2 used: stock_common.sc_datasource.get_em_quote_full
2026-08-01 16:45:47,292 | WARNING | PUSH2 used: stock_common.sc_datasource.get_em_quote_full
2026-08-01 16:45:48,263 | WARNING | PUSH2 used: stock_common.sc_datasource.get_em_quote_full
2026-08-01 16:45:49,298 | WARNING | PUSH2 used: stock_common.sc_datasource.get_em_quote_full
2026-08-01 16:45:50,269 | WARNING | PUSH2 used: stock_common.sc_datasource.get_em_quote_full
2026-08-01 16:45:51,289 | WARNING | PUSH2 used: stock_common.sc_datasource.get_em_quote_full
2026-08-01 16:45:52,279 | WARNING | PUSH2 used: stock_common.sc_datasource.get_em_quote_full
2026-08-01 16:45:53,268 | WARNING | PUSH2 used: stock_common.sc_datasource.get_em_quote_full
2026-08-01 16:45:54,284 | WARNING | PUSH2 used: stock_common.sc_datasource.get_em_quote_full
2026-08-01 16:45:55,255 | WARNING | PUSH2 used: stock_common.sc_datasource.get_em_quote_full
2026-08-01 16:45:56,263 | WARNING | PUSH2 used: stock_common.sc_datasource.get_em_quote_full
2026-08-01 16:45:57,258 | WARNING | PUSH2 used: stock_common.sc_datasource.get_em_quote_full
2026-08-01 16:45:58,239 | WARNING | PUSH2 used: stock_common.sc_datasource.get_em_quote_full
2026-08-01 16:45:59,251 | WARNING | PUSH2 used: stock_common.sc_datasource.get_em_quote_full
2026-08-01 16:46:00,243 | WARNING | PUSH2 used: stock_common.sc_datasource.get_em_quote_full
2026-08-01 16:46:01,261 | WARNING | PUSH2 used: stock_common.sc_datasource.get_em_quote_full
2026-08-01 16:46:02,247 | WARNING | PUSH2 used: stock_common.sc_datasource.get_em_quote_full
2026-08-01 16:46:03,248 | WARNING | PUSH2 used: stock_common.sc_datasource.get_em_quote_full
2026-08-01 16:46:04,322 | WARNING | PUSH2 used: stock_common.sc_datasource.get_em_quote_full
2026-08-01 16:46:05,338 | WARNING | PUSH2 used: stock_common.sc_datasource.get_em_quote_full
2026-08-01 16:46:06,327 | WARNING | PUSH2 used: stock_common.sc_datasource.get_em_quote_full
2026-08-01 16:46:07,305 | WARNING | PUSH2 used: stock_common.sc_datasource.get_em_quote_full
2026-08-01 16:46:08,285 | WARNING | PUSH2 used: stock_common.sc_datasource.get_em_quote_full
2026-08-01 16:46:09,272 | WARNING | PUSH2 used: stock_common.sc_datasource.get_em_quote_full
2026-08-01 16:46:10,294 | WARNING | PUSH2 used: stock_common.sc_datasource.get_em_quote_full
2026-08-01 16:46:11,286 | WARNING | PUSH2 used: stock_common.sc_datasource.get_em_quote_full
2026-08-01 16:46:12,284 | WARNING | PUSH2 used: stock_common.sc_datasource.get_em_quote_full
2026-08-01 16:46:13,278 | WARNING | PUSH2 used: stock_common.sc_datasource.get_em_quote_full
2026-08-01 16:46:14,273 | WARNING | PUSH2 used: stock_common.sc_datasource.get_em_quote_full
2026-08-01 16:46:15,289 | WARNING | PUSH2 used: stock_common.sc_datasource.get_em_quote_full
2026-08-01 16:46:16,285 | WARNING | PUSH2 used: stock_common.sc_datasource.get_em_quote_full
2026-08-01 16:46:17,295 | WARNING | PUSH2 used: stock_common.sc_datasource.get_em_quote_full
2026-08-01 16:46:18,302 | WARNING | PUSH2 used: stock_common.sc_datasource.get_em_quote_full
2026-08-01 16:46:19,314 | WARNING | PUSH2 used: stock_common.sc_datasource.get_em_quote_full
2026-08-01 16:46:20,274 | WARNING | PUSH2 used: stock_common.sc_datasource.get_em_quote_full
2026-08-01 16:46:21,290 | WARNING | PUSH2 used: stock_common.sc_datasource.get_em_quote_full
2026-08-01 16:46:22,275 | WARNING | PUSH2 used: stock_common.sc_datasource.get_em_quote_full
2026-08-01 16:46:23,265 | WARNING | PUSH2 used: stock_common.sc_datasource.get_em_quote_full
2026-08-01 16:46:24,266 | WARNING | PUSH2 used: stock_common.sc_datasource.get_em_quote_full
2026-08-01 16:46:25,278 | WARNING | PUSH2 used: stock_common.sc_datasource.get_em_quote_full
2026-08-01 16:46:26,306 | WARNING | PUSH2 used: stock_common.sc_datasource.get_em_quote_full
2026-08-01 16:46:27,293 | WARNING | PUSH2 used: stock_common.sc_datasource.get_em_quote_full
2026-08-01 16:46:28,284 | WARNING | PUSH2 used: stock_common.sc_datasource.get_em_quote_full
2026-08-01 16:46:29,285 | WARNING | PUSH2 used: stock_common.sc_datasource.get_em_quote_full
2026-08-01 16:46:30,282 | WARNING | PUSH2 used: stock_common.sc_datasource.get_em_quote_full
2026-08-01 16:46:31,305 | WARNING | PUSH2 used: stock_common.sc_datasource.get_em_quote_full
2026-08-01 16:46:32,283 | WARNING | PUSH2 used: stock_common.sc_datasource.get_em_quote_full
2026-08-01 16:46:33,310 | WARNING | PUSH2 used: stock_common.sc_datasource.get_em_quote_full
2026-08-01 16:46:34,302 | WARNING | PUSH2 used: stock_common.sc_datasource.get_em_quote_full
2026-08-01 16:46:35,311 | WARNING | PUSH2 used: stock_common.sc_datasource.get_em_quote_full
2026-08-01 16:46:36,309 | WARNING | PUSH2 used: stock_common.sc_datasource.get_em_quote_full
2026-08-01 16:46:37,283 | WARNING | PUSH2 used: stock_common.sc_datasource.get_em_quote_full
2026-08-01 16:46:38,292 | WARNING | PUSH2 used: stock_common.sc_datasource.get_em_quote_full
2026-08-01 16:46:39,287 | WARNING | PUSH2 used: stock_common.sc_datasource.get_em_quote_full
2026-08-01 16:46:40,282 | WARNING | PUSH2 used: stock_common.sc_datasource.get_em_quote_full
2026-08-01 16:46:41,283 | WARNING | PUSH2 used: stock_common.sc_datasource.get_em_quote_full
2026-08-01 16:46:42,278 | WARNING | PUSH2 used: stock_common.sc_datasource.get_em_quote_full
2026-08-01 16:46:43,542 | WARNING | PUSH2 used: stock_common.sc_datasource.get_em_quote_full
2026-08-01 16:46:44,280 | WARNING | PUSH2 used: stock_common.sc_datasource.get_em_quote_full
2026-08-01 16:46:45,281 | WARNING | PUSH2 used: stock_common.sc_datasource.get_em_quote_full
2026-08-01 16:46:46,279 | WARNING | PUSH2 used: stock_common.sc_datasource.get_em_quote_full
2026-08-01 16:46:47,280 | WARNING | PUSH2 used: stock_common.sc_datasource.get_em_quote_full
2026-08-01 16:46:48,270 | WARNING | PUSH2 used: stock_common.sc_datasource.get_em_quote_full
2026-08-01 16:46:49,281 | WARNING | PUSH2 used: stock_common.sc_datasource.get_em_quote_full
2026-08-01 16:46:50,277 | WARNING | PUSH2 used: stock_common.sc_datasource.get_em_quote_full
2026-08-01 16:46:51,282 | WARNING | PUSH2 used: stock_common.sc_datasource.get_em_quote_full
2026-08-01 16:46:52,535 | WARNING | PUSH2 used: stock_common.sc_datasource.get_em_quote_full
2026-08-01 16:46:53,312 | WARNING | PUSH2 used: stock_common.sc_datasource.get_em_quote_full
2026-08-01 16:46:54,274 | WARNING | PUSH2 used: stock_common.sc_datasource.get_em_quote_full
2026-08-01 16:46:55,296 | WARNING | PUSH2 used: stock_common.sc_datasource.get_em_quote_full
2026-08-01 16:46:56,555 | WARNING | PUSH2 used: stock_common.sc_datasource.get_em_quote_full
2026-08-01 16:46:57,272 | WARNING | PUSH2 used: stock_common.sc_datasource.get_em_quote_full
2026-08-01 16:46:58,286 | WARNING | PUSH2 used: stock_common.sc_datasource.get_em_quote_full
2026-08-01 16:46:59,275 | WARNING | PUSH2 used: stock_common.sc_datasource.get_em_quote_full
2026-08-01 16:47:00,279 | WARNING | PUSH2 used: stock_common.sc_datasource.get_em_quote_full
2026-08-01 16:47:01,519 | WARNING | PUSH2 used: stock_common.sc_datasource.get_em_quote_full
2026-08-01 16:47:02,283 | WARNING | PUSH2 used: stock_common.sc_datasource.get_em_quote_full
2026-08-01 16:47:03,302 | WARNING | PUSH2 used: stock_common.sc_datasource.get_em_quote_full
2026-08-01 16:47:04,275 | WARNING | PUSH2 used: stock_common.sc_datasource.get_em_quote_full
2026-08-01 16:47:05,517 | WARNING | PUSH2 used: stock_common.sc_datasource.get_em_quote_full
2026-08-01 16:47:06,530 | WARNING | PUSH2 used: stock_common.sc_datasource.get_em_quote_full
2026-08-01 16:47:07,273 | WARNING | PUSH2 used: stock_common.sc_datasource.get_em_quote_full
2026-08-01 16:47:08,290 | WARNING | PUSH2 used: stock_common.sc_datasource.get_em_quote_full
2026-08-01 16:47:09,296 | WARNING | PUSH2 used: stock_common.sc_datasource.get_em_quote_full
2026-08-01 16:47:10,251 | WARNING | PUSH2 used: stock_common.sc_datasource.get_em_quote_full
2026-08-01 16:47:11,259 | WARNING | PUSH2 used: stock_common.sc_datasource.get_em_quote_full
2026-08-01 16:47:12,235 | WARNING | PUSH2 used: stock_common.sc_datasource.get_em_quote_full
2026-08-01 16:47:13,250 | WARNING | PUSH2 used: stock_common.sc_datasource.get_em_quote_full
2026-08-01 16:47:14,280 | WARNING | PUSH2 used: stock_common.sc_datasource.get_em_quote_full
2026-08-01 16:47:15,250 | WARNING | PUSH2 used: stock_common.sc_datasource.get_em_quote_full
2026-08-01 16:47:16,246 | WARNING | PUSH2 used: stock_common.sc_datasource.get_em_quote_full
2026-08-01 16:47:17,246 | WARNING | PUSH2 used: stock_common.sc_datasource.get_em_quote_full
2026-08-01 16:47:18,249 | WARNING | PUSH2 used: stock_common.sc_datasource.get_em_quote_full
2026-08-01 16:47:19,237 | WARNING | PUSH2 used: stock_common.sc_datasource.get_em_quote_full
2026-08-01 16:47:20,241 | WARNING | PUSH2 used: stock_common.sc_datasource.get_em_quote_full
2026-08-01 16:47:21,491 | WARNING | PUSH2 used: stock_common.sc_datasource.get_em_quote_full
2026-08-01 16:47:22,263 | WARNING | PUSH2 used: stock_common.sc_datasource.get_em_quote_full
2026-08-01 16:47:23,256 | WARNING | PUSH2 used: stock_common.sc_datasource.get_em_quote_full
2026-08-01 16:47:24,518 | WARNING | PUSH2 used: stock_common.sc_datasource.get_em_quote_full
2026-08-01 16:47:25,270 | WARNING | PUSH2 used: stock_common.sc_datasource.get_em_quote_full
2026-08-01 16:47:26,271 | WARNING | PUSH2 used: stock_common.sc_datasource.get_em_quote_full
2026-08-01 16:47:27,256 | WARNING | PUSH2 used: stock_common.sc_datasource.get_em_quote_full
2026-08-01 16:47:28,263 | WARNING | PUSH2 used: stock_common.sc_datasource.get_em_quote_full
2026-08-01 16:47:29,255 | WARNING | PUSH2 used: stock_common.sc_datasource.get_em_quote_full
2026-08-01 16:47:30,251 | WARNING | PUSH2 used: stock_common.sc_datasource.get_em_quote_full
2026-08-01 16:47:31,245 | WARNING | PUSH2 used: stock_common.sc_datasource.get_em_quote_full
2026-08-01 16:47:32,257 | WARNING | PUSH2 used: stock_common.sc_datasource.get_em_quote_full
2026-08-01 16:47:33,249 | WARNING | PUSH2 used: stock_common.sc_datasource.get_em_quote_full
2026-08-01 16:47:34,293 | WARNING | PUSH2 used: stock_common.sc_datasource.get_em_quote_full
2026-08-01 16:47:35,269 | WARNING | PUSH2 used: stock_common.sc_datasource.get_em_quote_full
2026-08-01 16:47:36,247 | WARNING | PUSH2 used: stock_common.sc_datasource.get_em_quote_full
2026-08-01 16:47:37,248 | WARNING | PUSH2 used: stock_common.sc_datasource.get_em_quote_full
2026-08-01 16:47:38,251 | WARNING | PUSH2 used: stock_common.sc_datasource.get_em_quote_full
2026-08-01 16:47:39,251 | WARNING | PUSH2 used: stock_common.sc_datasource.get_em_quote_full
2026-08-01 16:47:40,244 | WARNING | PUSH2 used: stock_common.sc_datasource.get_em_quote_full
2026-08-01 16:47:41,252 | WARNING | PUSH2 used: stock_common.sc_datasource.get_em_quote_full
2026-08-01 16:47:42,269 | WARNING | PUSH2 used: stock_common.sc_datasource.get_em_quote_full
2026-08-01 16:47:43,251 | WARNING | PUSH2 used: stock_common.sc_datasource.get_em_quote_full
2026-08-01 16:47:44,289 | WARNING | PUSH2 used: stock_common.sc_datasource.get_em_quote_full
2026-08-01 16:47:45,267 | WARNING | PUSH2 used: stock_common.sc_datasource.get_em_quote_full
2026-08-01 16:47:46,263 | WARNING | PUSH2 used: stock_common.sc_datasource.get_em_quote_full
2026-08-01 16:47:47,249 | WARNING | PUSH2 used: stock_common.sc_datasource.get_em_quote_full
2026-08-01 16:47:48,236 | WARNING | PUSH2 used: stock_common.sc_datasource.get_em_quote_full
2026-08-01 16:47:49,248 | WARNING | PUSH2 used: stock_common.sc_datasource.get_em_quote_full
2026-08-01 16:47:50,251 | WARNING | PUSH2 used: stock_common.sc_datasource.get_em_quote_full
2026-08-01 16:47:51,291 | WARNING | PUSH2 used: stock_common.sc_datasource.get_em_quote_full
2026-08-01 16:47:52,268 | WARNING | PUSH2 used: stock_common.sc_datasource.get_em_quote_full
2026-08-01 16:47:53,555 | WARNING | PUSH2 used: stock_common.sc_datasource.get_em_quote_full
2026-08-01 16:47:54,249 | WARNING | PUSH2 used: stock_common.sc_datasource.get_em_quote_full
2026-08-01 16:47:55,279 | WARNING | PUSH2 used: stock_common.sc_datasource.get_em_quote_full
2026-08-01 16:47:56,555 | WARNING | PUSH2 used: stock_common.sc_datasource.get_em_quote_full
2026-08-01 16:47:57,256 | WARNING | PUSH2 used: stock_common.sc_datasource.get_em_quote_full
2026-08-01 16:47:58,270 | WARNING | PUSH2 used: stock_common.sc_datasource.get_em_quote_full
2026-08-01 16:47:59,250 | WARNING | PUSH2 used: stock_common.sc_datasource.get_em_quote_full
2026-08-01 16:48:00,238 | WARNING | PUSH2 used: stock_common.sc_datasource.get_em_quote_full
2026-08-01 16:48:01,512 | WARNING | PUSH2 used: stock_common.sc_datasource.get_em_quote_full
2026-08-01 16:48:02,528 | WARNING | PUSH2 used: stock_common.sc_datasource.get_em_quote_full
2026-08-01 16:48:03,250 | WARNING | PUSH2 used: stock_common.sc_datasource.get_em_quote_full
2026-08-01 16:48:04,493 | WARNING | PUSH2 used: stock_common.sc_datasource.get_em_quote_full
2026-08-01 16:48:05,235 | WARNING | PUSH2 used: stock_common.sc_datasource.get_em_quote_full
2026-08-01 16:48:06,245 | WARNING | PUSH2 used: stock_common.sc_datasource.get_em_quote_full
2026-08-01 16:48:07,267 | WARNING | PUSH2 used: stock_common.sc_datasource.get_em_quote_full
2026-08-01 16:48:08,251 | WARNING | PUSH2 used: stock_common.sc_datasource.get_em_quote_full
2026-08-01 16:48:09,259 | WARNING | PUSH2 used: stock_common.sc_datasource.get_em_quote_full
2026-08-01 16:48:10,269 | WARNING | PUSH2 used: stock_common.sc_datasource.get_em_quote_full
2026-08-01 16:48:11,251 | WARNING | PUSH2 used: stock_common.sc_datasource.get_em_quote_full
2026-08-01 16:48:12,243 | WARNING | PUSH2 used: stock_common.sc_datasource.get_em_quote_full
2026-08-01 16:48:13,249 | WARNING | PUSH2 used: stock_common.sc_datasource.get_em_quote_full
2026-08-01 16:48:14,253 | WARNING | PUSH2 used: stock_common.sc_datasource.get_em_quote_full
2026-08-01 16:48:15,288 | WARNING | PUSH2 used: stock_common.sc_datasource.get_em_quote_full
2026-08-01 16:48:16,259 | WARNING | PUSH2 used: stock_common.sc_datasource.get_em_quote_full
2026-08-01 16:48:17,255 | WARNING | PUSH2 used: stock_common.sc_datasource.get_em_quote_full
2026-08-01 16:48:18,274 | WARNING | PUSH2 used: stock_common.sc_datasource.get_em_quote_full
2026-08-01 16:48:19,230 | WARNING | PUSH2 used: stock_common.sc_datasource.get_em_quote_full
2026-08-01 16:48:20,252 | WARNING | PUSH2 used: stock_common.sc_datasource.get_em_quote_full
2026-08-01 16:48:21,253 | WARNING | PUSH2 used: stock_common.sc_datasource.get_em_quote_full
2026-08-01 16:48:22,250 | WARNING | PUSH2 used: stock_common.sc_datasource.get_em_quote_full
2026-08-01 16:48:23,244 | WARNING | PUSH2 used: stock_common.sc_datasource.get_em_quote_full
2026-08-01 16:48:24,243 | WARNING | PUSH2 used: stock_common.sc_datasource.get_em_quote_full
2026-08-01 16:48:25,249 | WARNING | PUSH2 used: stock_common.sc_datasource.get_em_quote_full
2026-08-01 16:48:26,233 | WARNING | PUSH2 used: stock_common.sc_datasource.get_em_quote_full
2026-08-01 16:48:27,268 | WARNING | PUSH2 used: stock_common.sc_datasource.get_em_quote_full
2026-08-01 16:48:28,255 | WARNING | PUSH2 used: stock_common.sc_datasource.get_em_quote_full
2026-08-01 16:48:29,275 | WARNING | PUSH2 used: stock_common.sc_datasource.get_em_quote_full
2026-08-01 16:48:30,268 | WARNING | PUSH2 used: stock_common.sc_datasource.get_em_quote_full
2026-08-01 16:48:31,442 | WARNING | PUSH2 used: stock_common.sc_datasource.get_em_quote_full
2026-08-01 16:48:32,115 | WARNING | PUSH2 used: stock_common.sc_datasource.get_em_quote_full
2026-08-01 16:48:32,915 | WARNING | PUSH2 used: stock_common.sc_datasource.get_em_quote_full
2026-08-01 16:48:34,240 | WARNING | PUSH2 used: stock_common.sc_datasource.get_em_quote_full
2026-08-01 16:48:35,232 | WARNING | PUSH2 used: stock_common.sc_datasource.get_em_quote_full
2026-08-01 16:48:36,246 | WARNING | PUSH2 used: stock_common.sc_datasource.get_em_quote_full
2026-08-01 16:48:37,268 | WARNING | PUSH2 used: stock_common.sc_datasource.get_em_quote_full
2026-08-01 16:48:38,253 | WARNING | PUSH2 used: stock_common.sc_datasource.get_em_quote_full
2026-08-01 16:48:39,262 | WARNING | PUSH2 used: stock_common.sc_datasource.get_em_quote_full
2026-08-01 16:48:40,392 | WARNING | PUSH2 used: stock_common.sc_datasource.get_em_quote_full
2026-08-01 16:48:41,339 | WARNING | PUSH2 used: stock_common.sc_datasource.get_em_quote_full
2026-08-01 16:48:42,344 | WARNING | PUSH2 used: stock_common.sc_datasource.get_em_quote_full
2026-08-01 16:48:43,339 | WARNING | PUSH2 used: stock_common.sc_datasource.get_em_quote_full
2026-08-01 16:48:44,333 | WARNING | PUSH2 used: stock_common.sc_datasource.get_em_quote_full
2026-08-01 16:48:45,331 | WARNING | PUSH2 used: stock_common.sc_datasource.get_em_quote_full
2026-08-01 16:48:46,351 | WARNING | PUSH2 used: stock_common.sc_datasource.get_em_quote_full
2026-08-01 16:48:47,327 | WARNING | PUSH2 used: stock_common.sc_datasource.get_em_quote_full
2026-08-01 16:48:48,333 | WARNING | PUSH2 used: stock_common.sc_datasource.get_em_quote_full
2026-08-01 16:48:49,330 | WARNING | PUSH2 used: stock_common.sc_datasource.get_em_quote_full
2026-08-01 16:48:50,336 | WARNING | PUSH2 used: stock_common.sc_datasource.get_em_quote_full
2026-08-01 16:48:51,321 | WARNING | PUSH2 used: stock_common.sc_datasource.get_em_quote_full
2026-08-01 16:48:52,340 | WARNING | PUSH2 used: stock_common.sc_datasource.get_em_quote_full
2026-08-01 16:48:53,344 | WARNING | PUSH2 used: stock_common.sc_datasource.get_em_quote_full
2026-08-01 16:48:54,329 | WARNING | PUSH2 used: stock_common.sc_datasource.get_em_quote_full
2026-08-01 16:48:55,328 | WARNING | PUSH2 used: stock_common.sc_datasource.get_em_quote_full
2026-08-01 16:48:56,333 | WARNING | PUSH2 used: stock_common.sc_datasource.get_em_quote_full
2026-08-01 16:48:57,342 | WARNING | PUSH2 used: stock_common.sc_datasource.get_em_quote_full
2026-08-01 16:48:58,395 | WARNING | PUSH2 used: stock_common.sc_datasource.get_em_quote_full
2026-08-01 16:48:59,362 | WARNING | PUSH2 used: stock_common.sc_datasource.get_em_quote_full
2026-08-01 16:49:00,367 | WARNING | PUSH2 used: stock_common.sc_datasource.get_em_quote_full
2026-08-01 16:49:01,368 | WARNING | PUSH2 used: stock_common.sc_datasource.get_em_quote_full
2026-08-01 16:49:02,356 | WARNING | PUSH2 used: stock_common.sc_datasource.get_em_quote_full
2026-08-01 16:49:03,372 | WARNING | PUSH2 used: stock_common.sc_datasource.get_em_quote_full
2026-08-01 16:49:04,357 | WARNING | PUSH2 used: stock_common.sc_datasource.get_em_quote_full
2026-08-01 16:49:05,365 | WARNING | PUSH2 used: stock_common.sc_datasource.get_em_quote_full
2026-08-01 16:49:06,348 | WARNING | PUSH2 used: stock_common.sc_datasource.get_em_quote_full
2026-08-01 16:49:07,352 | WARNING | PUSH2 used: stock_common.sc_datasource.get_em_quote_full
2026-08-01 16:49:08,358 | WARNING | PUSH2 used: stock_common.sc_datasource.get_em_quote_full
2026-08-01 16:49:09,366 | WARNING | PUSH2 used: stock_common.sc_datasource.get_em_quote_full
2026-08-01 16:49:10,364 | WARNING | PUSH2 used: stock_common.sc_datasource.get_em_quote_full
2026-08-01 16:49:11,364 | WARNING | PUSH2 used: stock_common.sc_datasource.get_em_quote_full
2026-08-01 16:49:12,351 | WARNING | PUSH2 used: stock_common.sc_datasource.get_em_quote_full
2026-08-01 16:49:13,365 | WARNING | PUSH2 used: stock_common.sc_datasource.get_em_quote_full
2026-08-01 16:49:14,352 | WARNING | PUSH2 used: stock_common.sc_datasource.get_em_quote_full
2026-08-01 16:49:15,361 | WARNING | PUSH2 used: stock_common.sc_datasource.get_em_quote_full
2026-08-01 16:49:16,358 | WARNING | PUSH2 used: stock_common.sc_datasource.get_em_quote_full
2026-08-01 16:49:17,371 | WARNING | PUSH2 used: stock_common.sc_datasource.get_em_quote_full
2026-08-01 16:49:18,371 | WARNING | PUSH2 used: stock_common.sc_datasource.get_em_quote_full
2026-08-01 16:49:19,366 | WARNING | PUSH2 used: stock_common.sc_datasource.get_em_quote_full
2026-08-01 16:49:20,355 | WARNING | PUSH2 used: stock_common.sc_datasource.get_em_quote_full
2026-08-01 16:49:21,340 | WARNING | PUSH2 used: stock_common.sc_datasource.get_em_quote_full
2026-08-01 16:49:22,394 | WARNING | PUSH2 used: stock_common.sc_datasource.get_em_quote_full
2026-08-01 16:49:23,420 | WARNING | PUSH2 used: stock_common.sc_datasource.get_em_quote_full
2026-08-01 16:49:24,435 | WARNING | PUSH2 used: stock_common.sc_datasource.get_em_quote_full
2026-08-01 16:49:25,416 | WARNING | PUSH2 used: stock_common.sc_datasource.get_em_quote_full
2026-08-01 16:49:26,418 | WARNING | PUSH2 used: stock_common.sc_datasource.get_em_quote_full
2026-08-01 16:49:27,402 | WARNING | PUSH2 used: stock_common.sc_datasource.get_em_quote_full
2026-08-01 16:49:28,406 | WARNING | PUSH2 used: stock_common.sc_datasource.get_em_quote_full
2026-08-01 16:49:29,425 | WARNING | PUSH2 used: stock_common.sc_datasource.get_em_quote_full
2026-08-01 16:49:30,431 | WARNING | PUSH2 used: stock_common.sc_datasource.get_em_quote_full
2026-08-01 16:49:31,391 | WARNING | PUSH2 used: stock_common.sc_datasource.get_em_quote_full
2026-08-01 16:49:32,446 | WARNING | PUSH2 used: stock_common.sc_datasource.get_em_quote_full
2026-08-01 16:49:33,419 | WARNING | PUSH2 used: stock_common.sc_datasource.get_em_quote_full
2026-08-01 16:49:34,428 | WARNING | PUSH2 used: stock_common.sc_datasource.get_em_quote_full
2026-08-01 16:49:35,638 | WARNING | PUSH2 used: stock_common.sc_datasource.get_em_quote_full
2026-08-01 16:49:36,453 | WARNING | PUSH2 used: stock_common.sc_datasource.get_em_quote_full
2026-08-01 16:49:37,418 | WARNING | PUSH2 used: stock_common.sc_datasource.get_em_quote_full
2026-08-01 16:49:38,420 | WARNING | PUSH2 used: stock_common.sc_datasource.get_em_quote_full
2026-08-01 16:49:39,433 | WARNING | PUSH2 used: stock_common.sc_datasource.get_em_quote_full
2026-08-01 16:49:40,430 | WARNING | PUSH2 used: stock_common.sc_datasource.get_em_quote_full
2026-08-01 16:49:41,460 | WARNING | PUSH2 used: stock_common.sc_datasource.get_em_quote_full
2026-08-01 16:49:42,421 | WARNING | PUSH2 used: stock_common.sc_datasource.get_em_quote_full
2026-08-01 16:49:43,475 | WARNING | PUSH2 used: stock_common.sc_datasource.get_em_quote_full
2026-08-01 16:49:44,433 | WARNING | PUSH2 used: stock_common.sc_datasource.get_em_quote_full
2026-08-01 16:49:45,472 | WARNING | PUSH2 used: stock_common.sc_datasource.get_em_quote_full
2026-08-01 16:49:46,421 | WARNING | PUSH2 used: stock_common.sc_datasource.get_em_quote_full
2026-08-01 16:49:47,416 | WARNING | PUSH2 used: stock_common.sc_datasource.get_em_quote_full
2026-08-01 16:49:48,410 | WARNING | PUSH2 used: stock_common.sc_datasource.get_em_quote_full
2026-08-01 16:49:49,453 | WARNING | PUSH2 used: stock_common.sc_datasource.get_em_quote_full
2026-08-01 16:49:50,404 | WARNING | PUSH2 used: stock_common.sc_datasource.get_em_quote_full
2026-08-01 16:49:51,413 | WARNING | PUSH2 used: stock_common.sc_datasource.get_em_quote_full
2026-08-01 16:49:52,398 | WARNING | PUSH2 used: stock_common.sc_datasource.get_em_quote_full
2026-08-01 16:49:53,401 | WARNING | PUSH2 used: stock_common.sc_datasource.get_em_quote_full
2026-08-01 16:49:54,451 | WARNING | PUSH2 used: stock_common.sc_datasource.get_em_quote_full
2026-08-01 16:49:55,457 | WARNING | PUSH2 used: stock_common.sc_datasource.get_em_quote_full
2026-08-01 16:49:56,459 | WARNING | PUSH2 used: stock_common.sc_datasource.get_em_quote_full
2026-08-01 16:49:57,453 | WARNING | PUSH2 used: stock_common.sc_datasource.get_em_quote_full
2026-08-01 16:49:58,391 | WARNING | PUSH2 used: stock_common.sc_datasource.get_em_quote_full
2026-08-01 16:49:59,433 | WARNING | PUSH2 used: stock_common.sc_datasource.get_em_quote_full
2026-08-01 16:50:00,307 | WARNING | PUSH2 used: stock_common.sc_datasource.get_em_quote_full
2026-08-01 16:50:01,291 | WARNING | PUSH2 used: stock_common.sc_datasource.get_em_quote_full
2026-08-01 16:50:02,288 | WARNING | PUSH2 used: stock_common.sc_datasource.get_em_quote_full
2026-08-01 16:50:03,285 | WARNING | PUSH2 used: stock_common.sc_datasource.get_em_quote_full
2026-08-01 16:50:04,240 | WARNING | PUSH2 used: stock_common.sc_datasource.get_em_quote_full
2026-08-01 16:50:05,251 | WARNING | PUSH2 used: stock_common.sc_datasource.get_em_quote_full
2026-08-01 16:50:06,244 | WARNING | PUSH2 used: stock_common.sc_datasource.get_em_quote_full
2026-08-01 16:50:07,260 | WARNING | PUSH2 used: stock_common.sc_datasource.get_em_quote_full
2026-08-01 16:50:08,242 | WARNING | PUSH2 used: stock_common.sc_datasource.get_em_quote_full
2026-08-01 16:50:09,258 | WARNING | PUSH2 used: stock_common.sc_datasource.get_em_quote_full
2026-08-01 16:50:10,249 | WARNING | PUSH2 used: stock_common.sc_datasource.get_em_quote_full
2026-08-01 16:50:11,240 | WARNING | PUSH2 used: stock_common.sc_datasource.get_em_quote_full
2026-08-01 16:50:12,242 | WARNING | PUSH2 used: stock_common.sc_datasource.get_em_quote_full
2026-08-01 16:50:13,227 | WARNING | PUSH2 used: stock_common.sc_datasource.get_em_quote_full
2026-08-01 16:50:14,242 | WARNING | PUSH2 used: stock_common.sc_datasource.get_em_quote_full
2026-08-01 16:50:15,285 | WARNING | PUSH2 used: stock_common.sc_datasource.get_em_quote_full
2026-08-01 16:50:16,241 | WARNING | PUSH2 used: stock_common.sc_datasource.get_em_quote_full
2026-08-01 16:50:17,253 | WARNING | PUSH2 used: stock_common.sc_datasource.get_em_quote_full
2026-08-01 16:50:18,235 | WARNING | PUSH2 used: stock_common.sc_datasource.get_em_quote_full
2026-08-01 16:50:19,245 | WARNING | PUSH2 used: stock_common.sc_datasource.get_em_quote_full
2026-08-01 16:50:20,239 | WARNING | PUSH2 used: stock_common.sc_datasource.get_em_quote_full
2026-08-01 16:50:21,246 | WARNING | PUSH2 used: stock_common.sc_datasource.get_em_quote_full
2026-08-01 16:50:22,261 | WARNING | PUSH2 used: stock_common.sc_datasource.get_em_quote_full
2026-08-01 16:50:23,250 | WARNING | PUSH2 used: stock_common.sc_datasource.get_em_quote_full
2026-08-01 16:50:24,244 | WARNING | PUSH2 used: stock_common.sc_datasource.get_em_quote_full
2026-08-01 16:50:25,526 | WARNING | PUSH2 used: stock_common.sc_datasource.get_em_quote_full
2026-08-01 16:50:26,250 | WARNING | PUSH2 used: stock_common.sc_datasource.get_em_quote_full
2026-08-01 16:50:27,244 | WARNING | PUSH2 used: stock_common.sc_datasource.get_em_quote_full
2026-08-01 16:50:28,250 | WARNING | PUSH2 used: stock_common.sc_datasource.get_em_quote_full
2026-08-01 16:50:29,279 | WARNING | PUSH2 used: stock_common.sc_datasource.get_em_quote_full
2026-08-01 16:50:30,540 | WARNING | PUSH2 used: stock_common.sc_datasource.get_em_quote_full
2026-08-01 16:50:31,260 | WARNING | PUSH2 used: stock_common.sc_datasource.get_em_quote_full
2026-08-01 16:50:32,499 | WARNING | PUSH2 used: stock_common.sc_datasource.get_em_quote_full
2026-08-01 16:50:33,243 | WARNING | PUSH2 used: stock_common.sc_datasource.get_em_quote_full
2026-08-01 16:50:34,239 | WARNING | PUSH2 used: stock_common.sc_datasource.get_em_quote_full
2026-08-01 16:50:35,259 | WARNING | PUSH2 used: stock_common.sc_datasource.get_em_quote_full
2026-08-01 16:50:36,236 | WARNING | PUSH2 used: stock_common.sc_datasource.get_em_quote_full
2026-08-01 16:50:37,257 | WARNING | PUSH2 used: stock_common.sc_datasource.get_em_quote_full
2026-08-01 16:50:38,258 | WARNING | PUSH2 used: stock_common.sc_datasource.get_em_quote_full
2026-08-01 16:50:39,324 | WARNING | PUSH2 used: stock_common.sc_datasource.get_em_quote_full
2026-08-01 16:50:40,248 | WARNING | PUSH2 used: stock_common.sc_datasource.get_em_quote_full
2026-08-01 16:50:41,268 | WARNING | PUSH2 used: stock_common.sc_datasource.get_em_quote_full
2026-08-01 16:50:42,248 | WARNING | PUSH2 used: stock_common.sc_datasource.get_em_quote_full
2026-08-01 16:50:43,264 | WARNING | PUSH2 used: stock_common.sc_datasource.get_em_quote_full
2026-08-01 16:50:44,253 | WARNING | PUSH2 used: stock_common.sc_datasource.get_em_quote_full
2026-08-01 16:50:45,273 | WARNING | PUSH2 used: stock_common.sc_datasource.get_em_quote_full
2026-08-01 16:50:46,505 | WARNING | PUSH2 used: stock_common.sc_datasource.get_em_quote_full
2026-08-01 16:50:47,240 | WARNING | PUSH2 used: stock_common.sc_datasource.get_em_quote_full
2026-08-01 16:50:48,245 | WARNING | PUSH2 used: stock_common.sc_datasource.get_em_quote_full
2026-08-01 16:50:49,261 | WARNING | PUSH2 used: stock_common.sc_datasource.get_em_quote_full
2026-08-01 16:50:50,259 | WARNING | PUSH2 used: stock_common.sc_datasource.get_em_quote_full
2026-08-01 16:50:51,250 | WARNING | PUSH2 used: stock_common.sc_datasource.get_em_quote_full
2026-08-01 16:50:52,267 | WARNING | PUSH2 used: stock_common.sc_datasource.get_em_quote_full
2026-08-01 16:50:53,249 | WARNING | PUSH2 used: stock_common.sc_datasource.get_em_quote_full
2026-08-01 16:50:54,506 | WARNING | PUSH2 used: stock_common.sc_datasource.get_em_quote_full
2026-08-01 16:50:55,251 | WARNING | PUSH2 used: stock_common.sc_datasource.get_em_quote_full
2026-08-01 16:50:56,289 | WARNING | PUSH2 used: stock_common.sc_datasource.get_em_quote_full
2026-08-01 16:50:57,260 | WARNING | PUSH2 used: stock_common.sc_datasource.get_em_quote_full
2026-08-01 16:50:58,253 | WARNING | PUSH2 used: stock_common.sc_datasource.get_em_quote_full
2026-08-01 16:50:59,282 | WARNING | PUSH2 used: stock_common.sc_datasource.get_em_quote_full
2026-08-01 16:51:00,257 | WARNING | PUSH2 used: stock_common.sc_datasource.get_em_quote_full
2026-08-01 16:51:01,554 | WARNING | PUSH2 used: stock_common.sc_datasource.get_em_quote_full
2026-08-01 16:51:02,242 | WARNING | PUSH2 used: stock_common.sc_datasource.get_em_quote_full
2026-08-01 16:51:03,258 | WARNING | PUSH2 used: stock_common.sc_datasource.get_em_quote_full
2026-08-01 16:51:04,241 | WARNING | PUSH2 used: stock_common.sc_datasource.get_em_quote_full
2026-08-01 16:51:05,252 | WARNING | PUSH2 used: stock_common.sc_datasource.get_em_quote_full
2026-08-01 16:51:06,250 | WARNING | PUSH2 used: stock_common.sc_datasource.get_em_quote_full
2026-08-01 16:51:07,248 | WARNING | PUSH2 used: stock_common.sc_datasource.get_em_quote_full
2026-08-01 16:51:08,244 | WARNING | PUSH2 used: stock_common.sc_datasource.get_em_quote_full
2026-08-01 16:51:09,254 | WARNING | PUSH2 used: stock_common.sc_datasource.get_em_quote_full
2026-08-01 16:51:10,249 | WARNING | PUSH2 used: stock_common.sc_datasource.get_em_quote_full
2026-08-01 16:51:11,290 | WARNING | PUSH2 used: stock_common.sc_datasource.get_em_quote_full
2026-08-01 16:51:12,231 | WARNING | PUSH2 used: stock_common.sc_datasource.get_em_quote_full
2026-08-01 16:51:13,236 | WARNING | PUSH2 used: stock_common.sc_datasource.get_em_quote_full
2026-08-01 16:51:14,235 | WARNING | PUSH2 used: stock_common.sc_datasource.get_em_quote_full
2026-08-01 16:51:15,285 | WARNING | PUSH2 used: stock_common.sc_datasource.get_em_quote_full
2026-08-01 16:51:16,244 | WARNING | PUSH2 used: stock_common.sc_datasource.get_em_quote_full
2026-08-01 16:51:17,261 | WARNING | PUSH2 used: stock_common.sc_datasource.get_em_quote_full
2026-08-01 16:51:18,242 | WARNING | PUSH2 used: stock_common.sc_datasource.get_em_quote_full
2026-08-01 16:51:19,248 | WARNING | PUSH2 used: stock_common.sc_datasource.get_em_quote_full
2026-08-01 16:51:20,255 | WARNING | PUSH2 used: stock_common.sc_datasource.get_em_quote_full
2026-08-01 16:51:21,265 | WARNING | PUSH2 used: stock_common.sc_datasource.get_em_quote_full
2026-08-01 16:51:22,525 | WARNING | PUSH2 used: stock_common.sc_datasource.get_em_quote_full
2026-08-01 16:51:23,254 | WARNING | PUSH2 used: stock_common.sc_datasource.get_em_quote_full
2026-08-01 16:51:24,275 | WARNING | PUSH2 used: stock_common.sc_datasource.get_em_quote_full
2026-08-01 16:51:25,239 | WARNING | PUSH2 used: stock_common.sc_datasource.get_em_quote_full
2026-08-01 16:51:26,245 | WARNING | PUSH2 used: stock_common.sc_datasource.get_em_quote_full
2026-08-01 16:51:27,228 | WARNING | PUSH2 used: stock_common.sc_datasource.get_em_quote_full
2026-08-01 16:51:28,258 | WARNING | PUSH2 used: stock_common.sc_datasource.get_em_quote_full
2026-08-01 16:51:29,252 | WARNING | PUSH2 used: stock_common.sc_datasource.get_em_quote_full
2026-08-01 16:51:30,520 | WARNING | PUSH2 used: stock_common.sc_datasource.get_em_quote_full
2026-08-01 16:51:31,253 | WARNING | PUSH2 used: stock_common.sc_datasource.get_em_quote_full
2026-08-01 16:51:32,252 | WARNING | PUSH2 used: stock_common.sc_datasource.get_em_quote_full
2026-08-01 16:51:33,228 | WARNING | PUSH2 used: stock_common.sc_datasource.get_em_quote_full
2026-08-01 16:51:34,251 | WARNING | PUSH2 used: stock_common.sc_datasource.get_em_quote_full
2026-08-01 16:51:35,231 | WARNING | PUSH2 used: stock_common.sc_datasource.get_em_quote_full
2026-08-01 16:51:36,240 | WARNING | PUSH2 used: stock_common.sc_datasource.get_em_quote_full
2026-08-01 16:51:37,235 | WARNING | PUSH2 used: stock_common.sc_datasource.get_em_quote_full
2026-08-01 16:51:38,237 | WARNING | PUSH2 used: stock_common.sc_datasource.get_em_quote_full
2026-08-01 16:51:39,245 | WARNING | PUSH2 used: stock_common.sc_datasource.get_em_quote_full
2026-08-01 16:51:40,240 | WARNING | PUSH2 used: stock_common.sc_datasource.get_em_quote_full
2026-08-01 16:51:41,248 | WARNING | PUSH2 used: stock_common.sc_datasource.get_em_quote_full
2026-08-01 16:51:42,240 | WARNING | PUSH2 used: stock_common.sc_datasource.get_em_quote_full
2026-08-01 16:51:43,237 | WARNING | PUSH2 used: stock_common.sc_datasource.get_em_quote_full
2026-08-01 16:51:44,486 | WARNING | PUSH2 used: stock_common.sc_datasource.get_em_quote_full
2026-08-01 16:51:45,228 | WARNING | PUSH2 used: stock_common.sc_datasource.get_em_quote_full
2026-08-01 16:51:46,234 | WARNING | PUSH2 used: stock_common.sc_datasource.get_em_quote_full
2026-08-01 16:51:47,224 | WARNING | PUSH2 used: stock_common.sc_datasource.get_em_quote_full
2026-08-01 16:51:48,231 | WARNING | PUSH2 used: stock_common.sc_datasource.get_em_quote_full
2026-08-01 16:51:49,239 | WARNING | PUSH2 used: stock_common.sc_datasource.get_em_quote_full
2026-08-01 16:51:50,232 | WARNING | PUSH2 used: stock_common.sc_datasource.get_em_quote_full
2026-08-01 16:51:51,232 | WARNING | PUSH2 used: stock_common.sc_datasource.get_em_quote_full
2026-08-01 16:51:52,229 | WARNING | PUSH2 used: stock_common.sc_datasource.get_em_quote_full
2026-08-01 16:51:53,245 | WARNING | PUSH2 used: stock_common.sc_datasource.get_em_quote_full
2026-08-01 16:51:54,240 | WARNING | PUSH2 used: stock_common.sc_datasource.get_em_quote_full
2026-08-01 16:51:55,232 | WARNING | PUSH2 used: stock_common.sc_datasource.get_em_quote_full
2026-08-01 16:51:56,483 | WARNING | PUSH2 used: stock_common.sc_datasource.get_em_quote_full
2026-08-01 16:51:57,223 | WARNING | PUSH2 used: stock_common.sc_datasource.get_em_quote_full
2026-08-01 16:51:58,240 | WARNING | PUSH2 used: stock_common.sc_datasource.get_em_quote_full
2026-08-01 16:51:59,279 | WARNING | PUSH2 used: stock_common.sc_datasource.get_em_quote_full
2026-08-01 16:52:00,253 | WARNING | PUSH2 used: stock_common.sc_datasource.get_em_quote_full
2026-08-01 16:52:01,239 | WARNING | PUSH2 used: stock_common.sc_datasource.get_em_quote_full
2026-08-01 16:52:02,243 | WARNING | PUSH2 used: stock_common.sc_datasource.get_em_quote_full
2026-08-01 16:52:03,254 | WARNING | PUSH2 used: stock_common.sc_datasource.get_em_quote_full
2026-08-01 16:52:04,227 | WARNING | PUSH2 used: stock_common.sc_datasource.get_em_quote_full
2026-08-01 16:52:05,235 | WARNING | PUSH2 used: stock_common.sc_datasource.get_em_quote_full
2026-08-01 16:52:06,239 | WARNING | PUSH2 used: stock_common.sc_datasource.get_em_quote_full
2026-08-01 16:52:07,238 | WARNING | PUSH2 used: stock_common.sc_datasource.get_em_quote_full
2026-08-01 16:52:08,243 | WARNING | PUSH2 used: stock_common.sc_datasource.get_em_quote_full
2026-08-01 16:52:09,535 | WARNING | PUSH2 used: stock_common.sc_datasource.get_em_quote_full
2026-08-01 16:52:10,240 | WARNING | PUSH2 used: stock_common.sc_datasource.get_em_quote_full
2026-08-01 16:52:11,232 | WARNING | PUSH2 used: stock_common.sc_datasource.get_em_quote_full
2026-08-01 16:52:12,218 | WARNING | PUSH2 used: stock_common.sc_datasource.get_em_quote_full
2026-08-01 16:52:13,240 | WARNING | PUSH2 used: stock_common.sc_datasource.get_em_quote_full
2026-08-01 16:52:14,238 | WARNING | PUSH2 used: stock_common.sc_datasource.get_em_quote_full
2026-08-01 16:52:15,781 | WARNING | PUSH2 used: stock_common.sc_datasource.get_em_quote_full
2026-08-01 16:52:16,232 | WARNING | PUSH2 used: stock_common.sc_datasource.get_em_quote_full
2026-08-01 16:52:17,249 | WARNING | PUSH2 used: stock_common.sc_datasource.get_em_quote_full
2026-08-01 16:52:18,240 | WARNING | PUSH2 used: stock_common.sc_datasource.get_em_quote_full
2026-08-01 16:52:19,245 | WARNING | PUSH2 used: stock_common.sc_datasource.get_em_quote_full
2026-08-01 16:52:20,250 | WARNING | PUSH2 used: stock_common.sc_datasource.get_em_quote_full
2026-08-01 16:52:21,241 | WARNING | PUSH2 used: stock_common.sc_datasource.get_em_quote_full
2026-08-01 16:52:22,240 | WARNING | PUSH2 used: stock_common.sc_datasource.get_em_quote_full
2026-08-01 16:52:23,306 | WARNING | PUSH2 used: stock_common.sc_datasource.get_em_quote_full
2026-08-01 16:52:24,277 | WARNING | PUSH2 used: stock_common.sc_datasource.get_em_quote_full
2026-08-01 16:52:25,282 | WARNING | PUSH2 used: stock_common.sc_datasource.get_em_quote_full
2026-08-01 16:52:26,261 | WARNING | PUSH2 used: stock_common.sc_datasource.get_em_quote_full
2026-08-01 16:52:27,263 | WARNING | PUSH2 used: stock_common.sc_datasource.get_em_quote_full
2026-08-01 16:52:28,291 | WARNING | PUSH2 used: stock_common.sc_datasource.get_em_quote_full
2026-08-01 16:52:29,259 | WARNING | PUSH2 used: stock_common.sc_datasource.get_em_quote_full
2026-08-01 16:52:30,269 | WARNING | PUSH2 used: stock_common.sc_datasource.get_em_quote_full
2026-08-01 16:52:31,275 | WARNING | PUSH2 used: stock_common.sc_datasource.get_em_quote_full
2026-08-01 16:52:32,284 | WARNING | PUSH2 used: stock_common.sc_datasource.get_em_quote_full
2026-08-01 16:52:33,288 | WARNING | PUSH2 used: stock_common.sc_datasource.get_em_quote_full
2026-08-01 16:52:34,271 | WARNING | PUSH2 used: stock_common.sc_datasource.get_em_quote_full
2026-08-01 16:52:35,280 | WARNING | PUSH2 used: stock_common.sc_datasource.get_em_quote_full
2026-08-01 16:52:36,263 | WARNING | PUSH2 used: stock_common.sc_datasource.get_em_quote_full
2026-08-01 16:52:37,238 | WARNING | PUSH2 used: stock_common.sc_datasource.get_em_quote_full
2026-08-01 16:52:38,268 | WARNING | PUSH2 used: stock_common.sc_datasource.get_em_quote_full
2026-08-03 09:21:21,924 | WARNING | PUSH2 used: stock_common.sc_datasource._fetch_batch
2026-08-03 09:21:22,529 | WARNING | PUSH2 used: stock_common.sc_datasource._fetch_batch
2026-08-03 09:21:22,760 | WARNING | PUSH2 used: stock_common.sc_datasource._fetch_batch
2026-08-03 09:21:22,802 | WARNING | PUSH2 used: stock_common.sc_datasource._fetch_batch
2026-08-03 09:21:22,956 | WARNING | PUSH2 used: stock_common.sc_datasource._fetch_batch
2026-08-03 09:21:23,959 | WARNING | PUSH2 used: stock_common.sc_datasource._fetch_batch
2026-08-03 09:21:24,956 | WARNING | PUSH2 used: stock_common.sc_datasource._fetch_batch
2026-08-03 09:21:25,956 | WARNING | PUSH2 used: stock_common.sc_datasource._fetch_batch
2026-08-03 09:21:27,015 | WARNING | PUSH2 used: stock_common.sc_datasource._fetch_batch
2026-08-03 09:21:27,960 | WARNING | PUSH2 used: stock_common.sc_datasource._fetch_batch
2026-08-03 09:21:28,958 | WARNING | PUSH2 used: stock_common.sc_datasource._fetch_batch
2026-08-03 09:21:29,960 | WARNING | PUSH2 used: stock_common.sc_datasource._fetch_batch
2026-08-03 09:21:30,956 | WARNING | PUSH2 used: stock_common.sc_datasource._fetch_batch
2026-08-03 09:21:31,956 | WARNING | PUSH2 used: stock_common.sc_datasource._fetch_batch
2026-08-03 09:21:32,960 | WARNING | PUSH2 used: stock_common.sc_datasource._fetch_batch
2026-08-03 09:21:33,957 | WARNING | PUSH2 used: stock_common.sc_datasource._fetch_batch
2026-08-03 09:21:34,955 | WARNING | PUSH2 used: stock_common.sc_datasource._fetch_batch
2026-08-03 09:21:35,957 | WARNING | PUSH2 used: stock_common.sc_datasource._fetch_batch
2026-08-03 09:21:36,955 | WARNING | PUSH2 used: stock_common.sc_datasource._fetch_batch
2026-08-03 09:21:37,955 | WARNING | PUSH2 used: stock_common.sc_datasource._fetch_batch
2026-08-03 09:21:39,339 | WARNING | PUSH2 used: stock_common.sc_datasource._fetch_batch
2026-08-03 09:21:40,310 | WARNING | PUSH2 used: stock_common.sc_datasource._fetch_batch
2026-08-03 09:21:41,279 | WARNING | PUSH2 used: stock_common.sc_datasource._fetch_batch
2026-08-03 09:21:42,267 | WARNING | PUSH2 used: stock_common.sc_datasource._fetch_batch
2026-08-03 09:21:43,270 | WARNING | PUSH2 used: stock_common.sc_datasource._fetch_batch
2026-08-03 09:21:44,410 | WARNING | PUSH2 used: stock_common.sc_datasource._fetch_batch
2026-08-03 09:21:44,975 | WARNING | PUSH2 used: stock_common.sc_datasource._fetch_batch
2026-08-03 09:21:45,972 | WARNING | PUSH2 used: stock_common.sc_datasource.get_em_quote_full
2026-08-03 09:21:47,006 | WARNING | PUSH2 used: stock_common.sc_datasource.get_em_quote_full
2026-08-03 09:21:48,402 | WARNING | PUSH2 used: stock_common.sc_datasource.get_em_quote_full
2026-08-03 09:21:49,402 | WARNING | PUSH2 used: stock_common.sc_datasource.get_em_quote_full
2026-08-03 09:21:50,409 | WARNING | PUSH2 used: stock_common.sc_datasource.get_em_quote_full
2026-08-03 09:21:51,390 | WARNING | PUSH2 used: stock_common.sc_datasource.get_em_quote_full
2026-08-03 09:21:52,388 | WARNING | PUSH2 used: stock_common.sc_datasource.get_em_quote_full
2026-08-03 09:21:53,394 | WARNING | PUSH2 used: stock_common.sc_datasource.get_em_quote_full
2026-08-03 09:21:54,391 | WARNING | PUSH2 used: stock_common.sc_datasource.get_em_quote_full
2026-08-03 09:21:55,381 | WARNING | PUSH2 used: stock_common.sc_datasource.get_em_quote_full
2026-08-03 09:21:56,393 | WARNING | PUSH2 used: stock_common.sc_datasource.get_em_quote_full
2026-08-03 09:21:57,383 | WARNING | PUSH2 used: stock_common.sc_datasource.get_em_quote_full
2026-08-03 09:21:58,387 | WARNING | PUSH2 used: stock_common.sc_datasource.get_em_quote_full
2026-08-03 09:21:59,387 | WARNING | PUSH2 used: stock_common.sc_datasource.get_em_quote_full
2026-08-03 09:22:00,384 | WARNING | PUSH2 used: stock_common.sc_datasource.get_em_quote_full
2026-08-03 09:22:01,381 | WARNING | PUSH2 used: stock_common.sc_datasource.get_em_quote_full
2026-08-03 09:22:02,383 | WARNING | PUSH2 used: stock_common.sc_datasource.get_em_quote_full
2026-08-03 09:22:03,412 | WARNING | PUSH2 used: stock_common.sc_datasource.get_em_quote_full
2026-08-03 09:22:04,391 | WARNING | PUSH2 used: stock_common.sc_datasource.get_em_quote_full
2026-08-03 09:22:05,386 | WARNING | PUSH2 used: stock_common.sc_datasource.get_em_quote_full
2026-08-03 09:22:06,387 | WARNING | PUSH2 used: stock_common.sc_datasource.get_em_quote_full
2026-08-03 09:22:07,396 | WARNING | PUSH2 used: stock_common.sc_datasource.get_em_quote_full
2026-08-03 09:22:08,401 | WARNING | PUSH2 used: stock_common.sc_datasource.get_em_quote_full
2026-08-03 09:22:09,386 | WARNING | PUSH2 used: stock_common.sc_datasource.get_em_quote_full
2026-08-03 09:22:10,404 | WARNING | PUSH2 used: stock_common.sc_datasource.get_em_quote_full
2026-08-03 09:22:11,391 | WARNING | PUSH2 used: stock_common.sc_datasource.get_em_quote_full
2026-08-03 09:22:12,387 | WARNING | PUSH2 used: stock_common.sc_datasource.get_em_quote_full
2026-08-03 09:22:13,406 | WARNING | PUSH2 used: stock_common.sc_datasource.get_em_quote_full
2026-08-03 09:22:14,376 | WARNING | PUSH2 used: stock_common.sc_datasource.get_em_quote_full
2026-08-03 09:22:15,382 | WARNING | PUSH2 used: stock_common.sc_datasource.get_em_quote_full
2026-08-03 09:22:16,398 | WARNING | PUSH2 used: stock_common.sc_datasource.get_em_quote_full
2026-08-03 09:22:17,419 | WARNING | PUSH2 used: stock_common.sc_datasource.get_em_quote_full
2026-08-03 09:22:18,418 | WARNING | PUSH2 used: stock_common.sc_datasource.get_em_quote_full
2026-08-03 09:22:19,391 | WARNING | PUSH2 used: stock_common.sc_datasource.get_em_quote_full
2026-08-03 09:22:20,399 | WARNING | PUSH2 used: stock_common.sc_datasource.get_em_quote_full
2026-08-03 09:22:21,402 | WARNING | PUSH2 used: stock_common.sc_datasource.get_em_quote_full
2026-08-03 09:22:22,443 | WARNING | PUSH2 used: stock_common.sc_datasource.get_em_quote_full
2026-08-03 09:22:23,407 | WARNING | PUSH2 used: stock_common.sc_datasource.get_em_quote_full
2026-08-03 09:22:24,428 | WARNING | PUSH2 used: stock_common.sc_datasource.get_em_quote_full
2026-08-03 09:22:25,396 | WARNING | PUSH2 used: stock_common.sc_datasource.get_em_quote_full
2026-08-03 09:22:26,400 | WARNING | PUSH2 used: stock_common.sc_datasource.get_em_quote_full
2026-08-03 09:22:27,391 | WARNING | PUSH2 used: stock_common.sc_datasource.get_em_quote_full
2026-08-03 09:22:28,395 | WARNING | PUSH2 used: stock_common.sc_datasource.get_em_quote_full
2026-08-03 09:22:29,412 | WARNING | PUSH2 used: stock_common.sc_datasource.get_em_quote_full
2026-08-03 09:22:30,431 | WARNING | PUSH2 used: stock_common.sc_datasource.get_em_quote_full
2026-08-03 09:22:31,429 | WARNING | PUSH2 used: stock_common.sc_datasource.get_em_quote_full
2026-08-03 09:22:32,409 | WARNING | PUSH2 used: stock_common.sc_datasource.get_em_quote_full
2026-08-03 09:22:33,432 | WARNING | PUSH2 used: stock_common.sc_datasource.get_em_quote_full
2026-08-03 09:22:34,412 | WARNING | PUSH2 used: stock_common.sc_datasource.get_em_quote_full
2026-08-03 09:22:35,402 | WARNING | PUSH2 used: stock_common.sc_datasource.get_em_quote_full
2026-08-03 09:22:36,392 | WARNING | PUSH2 used: stock_common.sc_datasource.get_em_quote_full
2026-08-03 09:22:37,456 | WARNING | PUSH2 used: stock_common.sc_datasource.get_em_quote_full
2026-08-03 09:22:38,447 | WARNING | PUSH2 used: stock_common.sc_datasource.get_em_quote_full
2026-08-03 09:22:39,299 | WARNING | PUSH2 used: stock_common.sc_datasource.get_em_quote_full
2026-08-03 09:22:40,362 | WARNING | PUSH2 used: stock_common.sc_datasource.get_em_quote_full
2026-08-03 09:22:41,359 | WARNING | PUSH2 used: stock_common.sc_datasource.get_em_quote_full
2026-08-03 09:22:42,475 | WARNING | PUSH2 used: stock_common.sc_datasource.get_em_quote_full
2026-08-03 09:22:42,967 | WARNING | PUSH2 used: stock_common.sc_datasource.get_em_quote_full
2026-08-03 09:22:44,407 | WARNING | PUSH2 used: stock_common.sc_datasource.get_em_quote_full
2026-08-03 09:22:45,466 | WARNING | PUSH2 used: stock_common.sc_datasource.get_em_quote_full
2026-08-03 09:22:46,028 | WARNING | PUSH2 used: stock_common.sc_datasource.get_em_quote_full
2026-08-03 09:22:47,305 | WARNING | PUSH2 used: stock_common.sc_datasource.get_em_quote_full
2026-08-03 09:22:48,296 | WARNING | PUSH2 used: stock_common.sc_datasource.get_em_quote_full
2026-08-03 09:22:49,285 | WARNING | PUSH2 used: stock_common.sc_datasource.get_em_quote_full
2026-08-03 09:22:50,418 | WARNING | PUSH2 used: stock_common.sc_datasource.get_em_quote_full
2026-08-03 09:22:51,401 | WARNING | PUSH2 used: stock_common.sc_datasource.get_em_quote_full
2026-08-03 09:22:52,403 | WARNING | PUSH2 used: stock_common.sc_datasource.get_em_quote_full
2026-08-03 09:22:53,392 | WARNING | PUSH2 used: stock_common.sc_datasource.get_em_quote_full
2026-08-03 09:22:54,404 | WARNING | PUSH2 used: stock_common.sc_datasource.get_em_quote_full
2026-08-03 09:22:55,383 | WARNING | PUSH2 used: stock_common.sc_datasource.get_em_quote_full
2026-08-03 09:22:56,399 | WARNING | PUSH2 used: stock_common.sc_datasource.get_em_quote_full
2026-08-03 09:22:57,411 | WARNING | PUSH2 used: stock_common.sc_datasource.get_em_quote_full
2026-08-03 09:22:58,408 | WARNING | PUSH2 used: stock_common.sc_datasource.get_em_quote_full
2026-08-03 09:22:59,406 | WARNING | PUSH2 used: stock_common.sc_datasource.get_em_quote_full
2026-08-03 09:23:00,410 | WARNING | PUSH2 used: stock_common.sc_datasource.get_em_quote_full
2026-08-03 09:23:01,401 | WARNING | PUSH2 used: stock_common.sc_datasource.get_em_quote_full
2026-08-03 09:23:02,387 | WARNING | PUSH2 used: stock_common.sc_datasource.get_em_quote_full
2026-08-03 09:23:03,421 | WARNING | PUSH2 used: stock_common.sc_datasource.get_em_quote_full
2026-08-03 09:23:04,423 | WARNING | PUSH2 used: stock_common.sc_datasource.get_em_quote_full
2026-08-03 09:23:05,401 | WARNING | PUSH2 used: stock_common.sc_datasource.get_em_quote_full
2026-08-03 09:23:06,412 | WARNING | PUSH2 used: stock_common.sc_datasource.get_em_quote_full
2026-08-03 09:23:07,424 | WARNING | PUSH2 used: stock_common.sc_datasource.get_em_quote_full
2026-08-03 09:23:08,404 | WARNING | PUSH2 used: stock_common.sc_datasource.get_em_quote_full
2026-08-03 09:23:09,411 | WARNING | PUSH2 used: stock_common.sc_datasource.get_em_quote_full
2026-08-03 09:23:10,428 | WARNING | PUSH2 used: stock_common.sc_datasource.get_em_quote_full
2026-08-03 09:23:11,399 | WARNING | PUSH2 used: stock_common.sc_datasource.get_em_quote_full
2026-08-03 09:23:12,414 | WARNING | PUSH2 used: stock_common.sc_datasource.get_em_quote_full
2026-08-03 09:23:13,438 | WARNING | PUSH2 used: stock_common.sc_datasource.get_em_quote_full
2026-08-03 09:23:14,404 | WARNING | PUSH2 used: stock_common.sc_datasource.get_em_quote_full
2026-08-03 09:23:15,386 | WARNING | PUSH2 used: stock_common.sc_datasource.get_em_quote_full
2026-08-03 09:23:16,398 | WARNING | PUSH2 used: stock_common.sc_datasource.get_em_quote_full
2026-08-03 09:23:17,387 | WARNING | PUSH2 used: stock_common.sc_datasource.get_em_quote_full
2026-08-03 09:23:18,431 | WARNING | PUSH2 used: stock_common.sc_datasource.get_em_quote_full
2026-08-03 09:23:19,433 | WARNING | PUSH2 used: stock_common.sc_datasource.get_em_quote_full
2026-08-03 09:23:20,412 | WARNING | PUSH2 used: stock_common.sc_datasource.get_em_quote_full
2026-08-03 09:23:21,436 | WARNING | PUSH2 used: stock_common.sc_datasource.get_em_quote_full
2026-08-03 09:23:22,461 | WARNING | PUSH2 used: stock_common.sc_datasource.get_em_quote_full
2026-08-03 09:23:23,432 | WARNING | PUSH2 used: stock_common.sc_datasource.get_em_quote_full
2026-08-03 09:23:24,416 | WARNING | PUSH2 used: stock_common.sc_datasource.get_em_quote_full
2026-08-03 09:23:25,423 | WARNING | PUSH2 used: stock_common.sc_datasource.get_em_quote_full
2026-08-03 09:23:26,397 | WARNING | PUSH2 used: stock_common.sc_datasource.get_em_quote_full
2026-08-03 09:23:27,404 | WARNING | PUSH2 used: stock_common.sc_datasource.get_em_quote_full
2026-08-03 09:23:28,389 | WARNING | PUSH2 used: stock_common.sc_datasource.get_em_quote_full
2026-08-03 09:23:29,414 | WARNING | PUSH2 used: stock_common.sc_datasource.get_em_quote_full
2026-08-03 09:23:30,428 | WARNING | PUSH2 used: stock_common.sc_datasource.get_em_quote_full
2026-08-03 09:23:31,384 | WARNING | PUSH2 used: stock_common.sc_datasource.get_em_quote_full
2026-08-03 09:23:32,391 | WARNING | PUSH2 used: stock_common.sc_datasource.get_em_quote_full
2026-08-03 09:23:33,433 | WARNING | PUSH2 used: stock_common.sc_datasource.get_em_quote_full
2026-08-03 09:23:34,416 | WARNING | PUSH2 used: stock_common.sc_datasource.get_em_quote_full
2026-08-03 09:23:35,385 | WARNING | PUSH2 used: stock_common.sc_datasource.get_em_quote_full
2026-08-03 09:23:36,393 | WARNING | PUSH2 used: stock_common.sc_datasource.get_em_quote_full
2026-08-03 09:23:37,397 | WARNING | PUSH2 used: stock_common.sc_datasource.get_em_quote_full
2026-08-03 09:23:38,420 | WARNING | PUSH2 used: stock_common.sc_datasource.get_em_quote_full
2026-08-03 09:23:39,471 | WARNING | PUSH2 used: stock_common.sc_datasource.get_em_quote_full
2026-08-03 09:23:40,420 | WARNING | PUSH2 used: stock_common.sc_datasource.get_em_quote_full
2026-08-03 09:23:41,402 | WARNING | PUSH2 used: stock_common.sc_datasource.get_em_quote_full
2026-08-03 09:23:42,434 | WARNING | PUSH2 used: stock_common.sc_datasource.get_em_quote_full
2026-08-03 09:23:43,450 | WARNING | PUSH2 used: stock_common.sc_datasource.get_em_quote_full
2026-08-03 09:23:44,411 | WARNING | PUSH2 used: stock_common.sc_datasource.get_em_quote_full
2026-08-03 09:23:45,463 | WARNING | PUSH2 used: stock_common.sc_datasource.get_em_quote_full
2026-08-03 09:23:46,402 | WARNING | PUSH2 used: stock_common.sc_datasource.get_em_quote_full
2026-08-03 09:23:47,441 | WARNING | PUSH2 used: stock_common.sc_datasource.get_em_quote_full
2026-08-03 09:23:48,435 | WARNING | PUSH2 used: stock_common.sc_datasource.get_em_quote_full
2026-08-03 09:23:49,414 | WARNING | PUSH2 used: stock_common.sc_datasource.get_em_quote_full
2026-08-03 09:23:50,398 | WARNING | PUSH2 used: stock_common.sc_datasource.get_em_quote_full
2026-08-03 09:23:51,421 | WARNING | PUSH2 used: stock_common.sc_datasource.get_em_quote_full
2026-08-03 09:23:52,402 | WARNING | PUSH2 used: stock_common.sc_datasource.get_em_quote_full
2026-08-03 09:23:53,437 | WARNING | PUSH2 used: stock_common.sc_datasource.get_em_quote_full
2026-08-03 09:23:54,433 | WARNING | PUSH2 used: stock_common.sc_datasource.get_em_quote_full
2026-08-03 09:23:55,404 | WARNING | PUSH2 used: stock_common.sc_datasource.get_em_quote_full
2026-08-03 09:23:56,601 | WARNING | PUSH2 used: stock_common.sc_datasource.get_em_quote_full
2026-08-03 09:23:57,175 | WARNING | PUSH2 used: stock_common.sc_datasource.get_em_quote_full
2026-08-03 09:23:58,044 | WARNING | PUSH2 used: stock_common.sc_datasource.get_em_quote_full
2026-08-03 09:23:59,436 | WARNING | PUSH2 used: stock_common.sc_datasource.get_em_quote_full
2026-08-03 09:24:00,593 | WARNING | PUSH2 used: stock_common.sc_datasource.get_em_quote_full
2026-08-03 09:24:01,128 | WARNING | PUSH2 used: stock_common.sc_datasource.get_em_quote_full
2026-08-03 09:24:02,405 | WARNING | PUSH2 used: stock_common.sc_datasource.get_em_quote_full
2026-08-03 09:24:03,427 | WARNING | PUSH2 used: stock_common.sc_datasource.get_em_quote_full
2026-08-03 09:24:04,398 | WARNING | PUSH2 used: stock_common.sc_datasource.get_em_quote_full
2026-08-03 09:24:05,419 | WARNING | PUSH2 used: stock_common.sc_datasource.get_em_quote_full
2026-08-03 09:24:06,440 | WARNING | PUSH2 used: stock_common.sc_datasource.get_em_quote_full
2026-08-03 09:24:07,422 | WARNING | PUSH2 used: stock_common.sc_datasource.get_em_quote_full
2026-08-03 09:24:08,417 | WARNING | PUSH2 used: stock_common.sc_datasource.get_em_quote_full
2026-08-03 09:24:09,425 | WARNING | PUSH2 used: stock_common.sc_datasource.get_em_quote_full
2026-08-03 09:24:10,386 | WARNING | PUSH2 used: stock_common.sc_datasource.get_em_quote_full
2026-08-03 09:24:11,427 | WARNING | PUSH2 used: stock_common.sc_datasource.get_em_quote_full
2026-08-03 09:24:12,420 | WARNING | PUSH2 used: stock_common.sc_datasource.get_em_quote_full
2026-08-03 09:24:13,416 | WARNING | PUSH2 used: stock_common.sc_datasource.get_em_quote_full
2026-08-03 09:24:14,448 | WARNING | PUSH2 used: stock_common.sc_datasource.get_em_quote_full
2026-08-03 09:24:15,421 | WARNING | PUSH2 used: stock_common.sc_datasource.get_em_quote_full
2026-08-03 09:24:16,439 | WARNING | PUSH2 used: stock_common.sc_datasource.get_em_quote_full
2026-08-03 09:24:17,432 | WARNING | PUSH2 used: stock_common.sc_datasource.get_em_quote_full
2026-08-03 09:24:18,405 | WARNING | PUSH2 used: stock_common.sc_datasource.get_em_quote_full
2026-08-03 09:24:19,450 | WARNING | PUSH2 used: stock_common.sc_datasource.get_em_quote_full
2026-08-03 09:24:20,415 | WARNING | PUSH2 used: stock_common.sc_datasource.get_em_quote_full
2026-08-03 09:24:21,428 | WARNING | PUSH2 used: stock_common.sc_datasource.get_em_quote_full
2026-08-03 09:24:22,426 | WARNING | PUSH2 used: stock_common.sc_datasource.get_em_quote_full
2026-08-03 09:24:23,420 | WARNING | PUSH2 used: stock_common.sc_datasource.get_em_quote_full
2026-08-03 09:24:24,403 | WARNING | PUSH2 used: stock_common.sc_datasource.get_em_quote_full
2026-08-03 09:24:25,414 | WARNING | PUSH2 used: stock_common.sc_datasource.get_em_quote_full
2026-08-03 09:24:26,423 | WARNING | PUSH2 used: stock_common.sc_datasource.get_em_quote_full
2026-08-03 09:24:27,395 | WARNING | PUSH2 used: stock_common.sc_datasource.get_em_quote_full
2026-08-03 09:24:28,513 | WARNING | PUSH2 used: stock_common.sc_datasource.get_em_quote_full
2026-08-03 09:24:29,472 | WARNING | PUSH2 used: stock_common.sc_datasource.get_em_quote_full
2026-08-03 09:24:30,464 | WARNING | PUSH2 used: stock_common.sc_datasource.get_em_quote_full
2026-08-03 09:24:31,449 | WARNING | PUSH2 used: stock_common.sc_datasource.get_em_quote_full
2026-08-03 09:24:32,460 | WARNING | PUSH2 used: stock_common.sc_datasource.get_em_quote_full
2026-08-03 09:24:33,504 | WARNING | PUSH2 used: stock_common.sc_datasource.get_em_quote_full
2026-08-03 09:24:34,449 | WARNING | PUSH2 used: stock_common.sc_datasource.get_em_quote_full
2026-08-03 09:24:35,643 | WARNING | PUSH2 used: stock_common.sc_datasource.get_em_quote_full
2026-08-03 09:24:36,904 | WARNING | PUSH2 used: stock_common.sc_datasource.get_em_quote_full
2026-08-03 09:24:37,977 | WARNING | PUSH2 used: stock_common.sc_datasource.get_em_quote_full
2026-08-03 09:24:39,029 | WARNING | PUSH2 used: stock_common.sc_datasource.get_em_quote_full
2026-08-03 09:24:40,154 | WARNING | PUSH2 used: stock_common.sc_datasource.get_em_quote_full
2026-08-03 09:24:40,988 | WARNING | PUSH2 used: stock_common.sc_datasource.get_em_quote_full
2026-08-03 09:24:41,497 | WARNING | PUSH2 used: stock_common.sc_datasource.get_em_quote_full
2026-08-03 09:24:42,415 | WARNING | PUSH2 used: stock_common.sc_datasource.get_em_quote_full
2026-08-03 09:24:43,434 | WARNING | PUSH2 used: stock_common.sc_datasource.get_em_quote_full
2026-08-03 09:24:44,423 | WARNING | PUSH2 used: stock_common.sc_datasource.get_em_quote_full
2026-08-03 09:24:45,413 | WARNING | PUSH2 used: stock_common.sc_datasource.get_em_quote_full
2026-08-03 09:24:46,402 | WARNING | PUSH2 used: stock_common.sc_datasource.get_em_quote_full
2026-08-03 09:24:47,381 | WARNING | PUSH2 used: stock_common.sc_datasource.get_em_quote_full
2026-08-03 09:24:48,395 | WARNING | PUSH2 used: stock_common.sc_datasource.get_em_quote_full
2026-08-03 09:24:49,378 | WARNING | PUSH2 used: stock_common.sc_datasource.get_em_quote_full
2026-08-03 09:24:50,391 | WARNING | PUSH2 used: stock_common.sc_datasource.get_em_quote_full
2026-08-03 09:24:51,384 | WARNING | PUSH2 used: stock_common.sc_datasource.get_em_quote_full
2026-08-03 09:24:52,446 | WARNING | PUSH2 used: stock_common.sc_datasource.get_em_quote_full
2026-08-03 09:24:53,430 | WARNING | PUSH2 used: stock_common.sc_datasource.get_em_quote_full
2026-08-03 09:24:54,404 | WARNING | PUSH2 used: stock_common.sc_datasource.get_em_quote_full
2026-08-03 09:24:55,403 | WARNING | PUSH2 used: stock_common.sc_datasource.get_em_quote_full
2026-08-03 09:24:56,422 | WARNING | PUSH2 used: stock_common.sc_datasource.get_em_quote_full
2026-08-03 09:24:57,379 | WARNING | PUSH2 used: stock_common.sc_datasource.get_em_quote_full
2026-08-03 09:24:58,382 | WARNING | PUSH2 used: stock_common.sc_datasource.get_em_quote_full
2026-08-03 09:24:59,397 | WARNING | PUSH2 used: stock_common.sc_datasource.get_em_quote_full
2026-08-03 09:25:00,383 | WARNING | PUSH2 used: stock_common.sc_datasource.get_em_quote_full
2026-08-03 09:25:01,404 | WARNING | PUSH2 used: stock_common.sc_datasource.get_em_quote_full
2026-08-03 09:25:02,555 | WARNING | PUSH2 used: stock_common.sc_datasource.get_em_quote_full
2026-08-03 09:25:03,185 | WARNING | PUSH2 used: stock_common.sc_datasource.get_em_quote_full
2026-08-03 09:25:04,007 | WARNING | PUSH2 used: stock_common.sc_datasource.get_em_quote_full
2026-08-03 09:25:05,562 | WARNING | PUSH2 used: stock_common.sc_datasource.get_em_quote_full
2026-08-03 09:25:06,178 | WARNING | PUSH2 used: stock_common.sc_datasource.get_em_quote_full
2026-08-03 09:25:07,184 | WARNING | PUSH2 used: stock_common.sc_datasource.get_em_quote_full
2026-08-03 09:25:08,182 | WARNING | PUSH2 used: stock_common.sc_datasource.get_em_quote_full
2026-08-03 09:25:09,184 | WARNING | PUSH2 used: stock_common.sc_datasource.get_em_quote_full
2026-08-03 09:25:10,007 | WARNING | PUSH2 used: stock_common.sc_datasource.get_em_quote_full
2026-08-03 09:25:11,757 | WARNING | PUSH2 used: stock_common.sc_datasource.get_em_quote_full
2026-08-03 09:25:12,183 | WARNING | PUSH2 used: stock_common.sc_datasource.get_em_quote_full
2026-08-03 09:25:13,182 | WARNING | PUSH2 used: stock_common.sc_datasource.get_em_quote_full
2026-08-03 09:25:14,185 | WARNING | PUSH2 used: stock_common.sc_datasource.get_em_quote_full
2026-08-03 09:25:15,009 | WARNING | PUSH2 used: stock_common.sc_datasource.get_em_quote_full
2026-08-03 09:25:16,424 | WARNING | PUSH2 used: stock_common.sc_datasource.get_em_quote_full
2026-08-03 09:25:17,416 | WARNING | PUSH2 used: stock_common.sc_datasource.get_em_quote_full
2026-08-03 09:25:18,400 | WARNING | PUSH2 used: stock_common.sc_datasource.get_em_quote_full
2026-08-03 09:25:19,430 | WARNING | PUSH2 used: stock_common.sc_datasource.get_em_quote_full
2026-08-03 09:25:20,381 | WARNING | PUSH2 used: stock_common.sc_datasource.get_em_quote_full
2026-08-03 09:25:21,396 | WARNING | PUSH2 used: stock_common.sc_datasource.get_em_quote_full
2026-08-03 09:25:22,400 | WARNING | PUSH2 used: stock_common.sc_datasource.get_em_quote_full
2026-08-03 09:25:23,403 | WARNING | PUSH2 used: stock_common.sc_datasource.get_em_quote_full
2026-08-03 09:25:24,404 | WARNING | PUSH2 used: stock_common.sc_datasource.get_em_quote_full
2026-08-03 09:25:25,405 | WARNING | PUSH2 used: stock_common.sc_datasource.get_em_quote_full
2026-08-03 09:25:26,402 | WARNING | PUSH2 used: stock_common.sc_datasource.get_em_quote_full
2026-08-03 09:25:27,434 | WARNING | PUSH2 used: stock_common.sc_datasource.get_em_quote_full
2026-08-03 09:25:28,429 | WARNING | PUSH2 used: stock_common.sc_datasource.get_em_quote_full
2026-08-03 09:25:29,439 | WARNING | PUSH2 used: stock_common.sc_datasource.get_em_quote_full
2026-08-03 09:25:30,398 | WARNING | PUSH2 used: stock_common.sc_datasource.get_em_quote_full
2026-08-03 09:25:31,391 | WARNING | PUSH2 used: stock_common.sc_datasource.get_em_quote_full
2026-08-03 09:25:32,379 | WARNING | PUSH2 used: stock_common.sc_datasource.get_em_quote_full
2026-08-03 09:25:33,420 | WARNING | PUSH2 used: stock_common.sc_datasource.get_em_quote_full
2026-08-03 09:25:34,517 | WARNING | PUSH2 used: stock_common.sc_datasource.get_em_quote_full
2026-08-03 09:25:35,382 | WARNING | PUSH2 used: stock_common.sc_datasource.get_em_quote_full
2026-08-03 09:25:36,400 | WARNING | PUSH2 used: stock_common.sc_datasource.get_em_quote_full
2026-08-03 09:25:37,416 | WARNING | PUSH2 used: stock_common.sc_datasource.get_em_quote_full
2026-08-03 09:25:38,424 | WARNING | PUSH2 used: stock_common.sc_datasource.get_em_quote_full
2026-08-03 09:25:39,407 | WARNING | PUSH2 used: stock_common.sc_datasource.get_em_quote_full
2026-08-03 09:25:40,388 | WARNING | PUSH2 used: stock_common.sc_datasource.get_em_quote_full
2026-08-03 09:25:41,402 | WARNING | PUSH2 used: stock_common.sc_datasource.get_em_quote_full
2026-08-03 09:25:42,396 | WARNING | PUSH2 used: stock_common.sc_datasource.get_em_quote_full
2026-08-03 09:25:43,400 | WARNING | PUSH2 used: stock_common.sc_datasource.get_em_quote_full
2026-08-03 09:25:44,391 | WARNING | PUSH2 used: stock_common.sc_datasource.get_em_quote_full
2026-08-03 09:25:45,428 | WARNING | PUSH2 used: stock_common.sc_datasource.get_em_quote_full
2026-08-03 09:25:46,424 | WARNING | PUSH2 used: stock_common.sc_datasource.get_em_quote_full
2026-08-03 09:25:47,403 | WARNING | PUSH2 used: stock_common.sc_datasource.get_em_quote_full
2026-08-03 09:25:48,391 | WARNING | PUSH2 used: stock_common.sc_datasource.get_em_quote_full
2026-08-03 09:25:49,379 | WARNING | PUSH2 used: stock_common.sc_datasource.get_em_quote_full
2026-08-03 09:25:50,402 | WARNING | PUSH2 used: stock_common.sc_datasource.get_em_quote_full
2026-08-03 09:25:51,387 | WARNING | PUSH2 used: stock_common.sc_datasource.get_em_quote_full
2026-08-03 09:25:52,389 | WARNING | PUSH2 used: stock_common.sc_datasource.get_em_quote_full
2026-08-03 09:25:53,402 | WARNING | PUSH2 used: stock_common.sc_datasource.get_em_quote_full
2026-08-03 09:25:54,390 | WARNING | PUSH2 used: stock_common.sc_datasource.get_em_quote_full
2026-08-03 09:25:55,391 | WARNING | PUSH2 used: stock_common.sc_datasource.get_em_quote_full
2026-08-03 09:25:56,379 | WARNING | PUSH2 used: stock_common.sc_datasource.get_em_quote_full
2026-08-03 09:25:57,390 | WARNING | PUSH2 used: stock_common.sc_datasource.get_em_quote_full
2026-08-03 09:25:58,391 | WARNING | PUSH2 used: stock_common.sc_datasource.get_em_quote_full
2026-08-03 09:25:59,457 | WARNING | PUSH2 used: stock_common.sc_datasource.get_em_quote_full
2026-08-03 09:26:00,432 | WARNING | PUSH2 used: stock_common.sc_datasource.get_em_quote_full
2026-08-03 09:26:01,566 | WARNING | PUSH2 used: stock_common.sc_datasource.get_em_quote_full
2026-08-03 09:26:02,166 | WARNING | PUSH2 used: stock_common.sc_datasource.get_em_quote_full
2026-08-03 09:26:03,566 | WARNING | PUSH2 used: stock_common.sc_datasource.get_em_quote_full
2026-08-03 09:26:04,435 | WARNING | PUSH2 used: stock_common.sc_datasource.get_em_quote_full
2026-08-03 09:26:05,411 | WARNING | PUSH2 used: stock_common.sc_datasource.get_em_quote_full
2026-08-03 09:26:06,400 | WARNING | PUSH2 used: stock_common.sc_datasource.get_em_quote_full
2026-08-03 09:26:07,408 | WARNING | PUSH2 used: stock_common.sc_datasource.get_em_quote_full
2026-08-03 09:26:08,431 | WARNING | PUSH2 used: stock_common.sc_datasource.get_em_quote_full
2026-08-03 09:26:09,575 | WARNING | PUSH2 used: stock_common.sc_datasource.get_em_quote_full
2026-08-03 09:26:10,565 | WARNING | PUSH2 used: stock_common.sc_datasource.get_em_quote_full
2026-08-03 09:26:11,009 | WARNING | PUSH2 used: stock_common.sc_datasource.get_em_quote_full
2026-08-03 09:26:12,556 | WARNING | PUSH2 used: stock_common.sc_datasource.get_em_quote_full
2026-08-03 09:26:13,178 | WARNING | PUSH2 used: stock_common.sc_datasource.get_em_quote_full
2026-08-03 09:26:14,177 | WARNING | PUSH2 used: stock_common.sc_datasource.get_em_quote_full
2026-08-03 09:26:15,037 | WARNING | PUSH2 used: stock_common.sc_datasource.get_em_quote_full
2026-08-03 09:26:16,574 | WARNING | PUSH2 used: stock_common.sc_datasource.get_em_quote_full
2026-08-03 09:26:17,178 | WARNING | PUSH2 used: stock_common.sc_datasource.get_em_quote_full
2026-08-03 09:26:18,176 | WARNING | PUSH2 used: stock_common.sc_datasource.get_em_quote_full
2026-08-03 09:26:19,052 | WARNING | PUSH2 used: stock_common.sc_datasource.get_em_quote_full
2026-08-03 09:26:20,418 | WARNING | PUSH2 used: stock_common.sc_datasource.get_em_quote_full
2026-08-03 09:26:21,385 | WARNING | PUSH2 used: stock_common.sc_datasource.get_em_quote_full
2026-08-03 09:26:22,392 | WARNING | PUSH2 used: stock_common.sc_datasource.get_em_quote_full
2026-08-03 09:26:23,394 | WARNING | PUSH2 used: stock_common.sc_datasource.get_em_quote_full
2026-08-03 09:26:24,403 | WARNING | PUSH2 used: stock_common.sc_datasource.get_em_quote_full
2026-08-03 09:26:25,404 | WARNING | PUSH2 used: stock_common.sc_datasource.get_em_quote_full
2026-08-03 09:26:26,393 | WARNING | PUSH2 used: stock_common.sc_datasource.get_em_quote_full
2026-08-03 09:26:27,407 | WARNING | PUSH2 used: stock_common.sc_datasource.get_em_quote_full
2026-08-03 09:26:28,401 | WARNING | PUSH2 used: stock_common.sc_datasource.get_em_quote_full
2026-08-03 09:26:29,432 | WARNING | PUSH2 used: stock_common.sc_datasource.get_em_quote_full
2026-08-03 09:26:30,430 | WARNING | PUSH2 used: stock_common.sc_datasource.get_em_quote_full
2026-08-03 09:26:31,381 | WARNING | PUSH2 used: stock_common.sc_datasource.get_em_quote_full
2026-08-03 09:26:32,409 | WARNING | PUSH2 used: stock_common.sc_datasource.get_em_quote_full
2026-08-03 09:26:33,443 | WARNING | PUSH2 used: stock_common.sc_datasource.get_em_quote_full
2026-08-03 09:26:34,403 | WARNING | PUSH2 used: stock_common.sc_datasource.get_em_quote_full
2026-08-03 09:26:35,453 | WARNING | PUSH2 used: stock_common.sc_datasource.get_em_quote_full
2026-08-03 09:26:36,370 | WARNING | PUSH2 used: stock_common.sc_datasource.get_em_quote_full
2026-08-03 09:26:37,373 | WARNING | PUSH2 used: stock_common.sc_datasource.get_em_quote_full
2026-08-03 09:26:38,378 | WARNING | PUSH2 used: stock_common.sc_datasource.get_em_quote_full
2026-08-03 09:26:39,369 | WARNING | PUSH2 used: stock_common.sc_datasource.get_em_quote_full
2026-08-03 09:26:40,396 | WARNING | PUSH2 used: stock_common.sc_datasource.get_em_quote_full
2026-08-03 09:26:41,383 | WARNING | PUSH2 used: stock_common.sc_datasource.get_em_quote_full
2026-08-03 09:26:42,375 | WARNING | PUSH2 used: stock_common.sc_datasource.get_em_quote_full
2026-08-03 09:26:43,400 | WARNING | PUSH2 used: stock_common.sc_datasource.get_em_quote_full
2026-08-03 09:26:44,359 | WARNING | PUSH2 used: stock_common.sc_datasource.get_em_quote_full
2026-08-03 09:26:45,376 | WARNING | PUSH2 used: stock_common.sc_datasource.get_em_quote_full
2026-08-03 09:26:46,419 | WARNING | PUSH2 used: stock_common.sc_datasource.get_em_quote_full
2026-08-03 09:26:47,417 | WARNING | PUSH2 used: stock_common.sc_datasource.get_em_quote_full
2026-08-03 09:26:48,481 | WARNING | PUSH2 used: stock_common.sc_datasource.get_em_quote_full
2026-08-03 09:26:49,417 | WARNING | PUSH2 used: stock_common.sc_datasource.get_em_quote_full
2026-08-03 09:26:50,417 | WARNING | PUSH2 used: stock_common.sc_datasource.get_em_quote_full
2026-08-03 09:26:51,433 | WARNING | PUSH2 used: stock_common.sc_datasource.get_em_quote_full
2026-08-03 09:26:52,409 | WARNING | PUSH2 used: stock_common.sc_datasource.get_em_quote_full
2026-08-03 09:26:53,418 | WARNING | PUSH2 used: stock_common.sc_datasource.get_em_quote_full
2026-08-03 09:26:54,428 | WARNING | PUSH2 used: stock_common.sc_datasource.get_em_quote_full
2026-08-03 09:26:55,423 | WARNING | PUSH2 used: stock_common.sc_datasource.get_em_quote_full
2026-08-03 09:26:56,425 | WARNING | PUSH2 used: stock_common.sc_datasource.get_em_quote_full
2026-08-03 09:26:57,411 | WARNING | PUSH2 used: stock_common.sc_datasource.get_em_quote_full
2026-08-03 09:26:58,425 | WARNING | PUSH2 used: stock_common.sc_datasource.get_em_quote_full
2026-08-03 09:26:59,473 | WARNING | PUSH2 used: stock_common.sc_datasource.get_em_quote_full
2026-08-03 09:27:00,508 | WARNING | PUSH2 used: stock_common.sc_datasource.get_em_quote_full
2026-08-03 09:27:01,311 | WARNING | PUSH2 used: stock_common.sc_datasource.get_em_quote_full
2026-08-03 09:27:02,292 | WARNING | PUSH2 used: stock_common.sc_datasource.get_em_quote_full
2026-08-03 09:27:03,320 | WARNING | PUSH2 used: stock_common.sc_datasource.get_em_quote_full
2026-08-03 09:27:04,301 | WARNING | PUSH2 used: stock_common.sc_datasource.get_em_quote_full
2026-08-03 09:27:05,371 | WARNING | PUSH2 used: stock_common.sc_datasource.get_em_quote_full
2026-08-03 09:27:06,521 | WARNING | PUSH2 used: stock_common.sc_datasource.get_em_quote_full
2026-08-03 09:27:07,062 | WARNING | PUSH2 used: stock_common.sc_datasource.get_em_quote_full
2026-08-03 09:27:08,306 | WARNING | PUSH2 used: stock_common.sc_datasource.get_em_quote_full
2026-08-03 09:27:09,340 | WARNING | PUSH2 used: stock_common.sc_datasource.get_em_quote_full
2026-08-03 09:27:10,298 | WARNING | PUSH2 used: stock_common.sc_datasource.get_em_quote_full
2026-08-03 09:27:11,552 | WARNING | PUSH2 used: stock_common.sc_datasource.get_em_quote_full
2026-08-03 09:27:11,988 | WARNING | PUSH2 used: stock_common.sc_datasource.get_em_quote_full
2026-08-03 09:27:13,507 | WARNING | PUSH2 used: stock_common.sc_datasource.get_em_quote_full
2026-08-03 09:27:14,152 | WARNING | PUSH2 used: stock_common.sc_datasource.get_em_quote_full
2026-08-03 09:27:15,152 | WARNING | PUSH2 used: stock_common.sc_datasource.get_em_quote_full
2026-08-03 09:27:16,151 | WARNING | PUSH2 used: stock_common.sc_datasource.get_em_quote_full
2026-08-03 09:27:17,151 | WARNING | PUSH2 used: stock_common.sc_datasource.get_em_quote_full
2026-08-03 09:27:18,150 | WARNING | PUSH2 used: stock_common.sc_datasource.get_em_quote_full
2026-08-03 09:27:19,152 | WARNING | PUSH2 used: stock_common.sc_datasource.get_em_quote_full
2026-08-03 09:27:20,151 | WARNING | PUSH2 used: stock_common.sc_datasource.get_em_quote_full
2026-08-03 09:27:21,020 | WARNING | PUSH2 used: stock_common.sc_datasource.get_em_quote_full
2026-08-03 09:27:22,314 | WARNING | PUSH2 used: stock_common.sc_datasource.get_em_quote_full
2026-08-03 09:27:23,317 | WARNING | PUSH2 used: stock_common.sc_datasource.get_em_quote_full
2026-08-03 09:27:24,287 | WARNING | PUSH2 used: stock_common.sc_datasource.get_em_quote_full
2026-08-03 09:27:25,280 | WARNING | PUSH2 used: stock_common.sc_datasource.get_em_quote_full
2026-08-03 09:27:26,279 | WARNING | PUSH2 used: stock_common.sc_datasource.get_em_quote_full
2026-08-03 09:27:27,296 | WARNING | PUSH2 used: stock_common.sc_datasource.get_em_quote_full
2026-08-03 09:27:28,297 | WARNING | PUSH2 used: stock_common.sc_datasource.get_em_quote_full
2026-08-03 09:27:29,339 | WARNING | PUSH2 used: stock_common.sc_datasource.get_em_quote_full
2026-08-03 09:27:30,422 | WARNING | PUSH2 used: stock_common.sc_datasource.get_em_quote_full
2026-08-03 09:27:31,306 | WARNING | PUSH2 used: stock_common.sc_datasource.get_em_quote_full
2026-08-03 09:27:32,300 | WARNING | PUSH2 used: stock_common.sc_datasource.get_em_quote_full
2026-08-03 09:27:33,305 | WARNING | PUSH2 used: stock_common.sc_datasource.get_em_quote_full
2026-08-03 09:27:34,279 | WARNING | PUSH2 used: stock_common.sc_datasource.get_em_quote_full
2026-08-03 09:27:35,300 | WARNING | PUSH2 used: stock_common.sc_datasource.get_em_quote_full
2026-08-03 09:27:36,290 | WARNING | PUSH2 used: stock_common.sc_datasource.get_em_quote_full
2026-08-03 09:27:37,283 | WARNING | PUSH2 used: stock_common.sc_datasource.get_em_quote_full
2026-08-03 09:27:38,280 | WARNING | PUSH2 used: stock_common.sc_datasource.get_em_quote_full
2026-08-03 09:27:39,302 | WARNING | PUSH2 used: stock_common.sc_datasource.get_em_quote_full
2026-08-03 09:27:40,322 | WARNING | PUSH2 used: stock_common.sc_datasource.get_em_quote_full
2026-08-03 09:27:41,305 | WARNING | PUSH2 used: stock_common.sc_datasource.get_em_quote_full
2026-08-03 09:27:42,298 | WARNING | PUSH2 used: stock_common.sc_datasource.get_em_quote_full
2026-08-03 09:27:43,426 | WARNING | PUSH2 used: stock_common.sc_datasource.get_em_quote_full
2026-08-03 09:27:44,294 | WARNING | PUSH2 used: stock_common.sc_datasource.get_em_quote_full
2026-08-03 09:27:45,313 | WARNING | PUSH2 used: stock_common.sc_datasource.get_em_quote_full
2026-08-03 09:27:46,293 | WARNING | PUSH2 used: stock_common.sc_datasource.get_em_quote_full
2026-08-03 09:27:47,302 | WARNING | PUSH2 used: stock_common.sc_datasource.get_em_quote_full
2026-08-03 09:27:48,493 | WARNING | PUSH2 used: stock_common.sc_datasource.get_em_quote_full
2026-08-03 09:27:49,434 | WARNING | PUSH2 used: stock_common.sc_datasource.get_em_quote_full
2026-08-03 09:27:50,434 | WARNING | PUSH2 used: stock_common.sc_datasource.get_em_quote_full
2026-08-03 09:27:51,432 | WARNING | PUSH2 used: stock_common.sc_datasource.get_em_quote_full
2026-08-03 09:27:52,516 | WARNING | PUSH2 used: stock_common.sc_datasource.get_em_quote_full
2026-08-03 09:27:53,434 | WARNING | PUSH2 used: stock_common.sc_datasource.get_em_quote_full
2026-08-03 09:27:54,432 | WARNING | PUSH2 used: stock_common.sc_datasource.get_em_quote_full
2026-08-03 09:27:55,449 | WARNING | PUSH2 used: stock_common.sc_datasource.get_em_quote_full
2026-08-03 09:27:56,461 | WARNING | PUSH2 used: stock_common.sc_datasource.get_em_quote_full
2026-08-03 09:27:57,445 | WARNING | PUSH2 used: stock_common.sc_datasource.get_em_quote_full
2026-08-03 09:27:58,451 | WARNING | PUSH2 used: stock_common.sc_datasource.get_em_quote_full
2026-08-03 09:27:59,464 | WARNING | PUSH2 used: stock_common.sc_datasource.get_em_quote_full
2026-08-03 09:28:00,645 | WARNING | PUSH2 used: stock_common.sc_datasource.get_em_quote_full
2026-08-03 09:28:01,174 | WARNING | PUSH2 used: stock_common.sc_datasource.get_em_quote_full
2026-08-03 09:28:02,174 | WARNING | PUSH2 used: stock_common.sc_datasource.get_em_quote_full
2026-08-03 09:28:03,038 | WARNING | PUSH2 used: stock_common.sc_datasource.get_em_quote_full
2026-08-03 09:28:04,490 | WARNING | PUSH2 used: stock_common.sc_datasource.get_em_quote_full
2026-08-03 09:28:05,440 | WARNING | PUSH2 used: stock_common.sc_datasource.get_em_quote_full
2026-08-03 09:28:06,391 | WARNING | PUSH2 used: stock_common.sc_datasource.get_em_quote_full
2026-08-03 09:28:07,504 | WARNING | PUSH2 used: stock_common.sc_datasource.get_em_quote_full
2026-08-03 09:28:08,152 | WARNING | PUSH2 used: stock_common.sc_datasource.get_em_quote_full
2026-08-03 09:28:09,151 | WARNING | PUSH2 used: stock_common.sc_datasource.get_em_quote_full
2026-08-03 09:28:10,153 | WARNING | PUSH2 used: stock_common.sc_datasource.get_em_quote_full
2026-08-03 09:28:11,152 | WARNING | PUSH2 used: stock_common.sc_datasource.get_em_quote_full
2026-08-03 09:28:12,153 | WARNING | PUSH2 used: stock_common.sc_datasource.get_em_quote_full
2026-08-03 09:28:12,997 | WARNING | PUSH2 used: stock_common.sc_datasource.get_em_quote_full
2026-08-03 09:28:14,482 | WARNING | PUSH2 used: stock_common.sc_datasource.get_em_quote_full
2026-08-03 09:28:15,151 | WARNING | PUSH2 used: stock_common.sc_datasource.get_em_quote_full
2026-08-03 09:28:16,153 | WARNING | PUSH2 used: stock_common.sc_datasource.get_em_quote_full
2026-08-03 09:28:17,152 | WARNING | PUSH2 used: stock_common.sc_datasource.get_em_quote_full
2026-08-03 09:28:18,153 | WARNING | PUSH2 used: stock_common.sc_datasource.get_em_quote_full
2026-08-03 09:28:19,153 | WARNING | PUSH2 used: stock_common.sc_datasource.get_em_quote_full
2026-08-03 09:28:20,154 | WARNING | PUSH2 used: stock_common.sc_datasource.get_em_quote_full
2026-08-03 09:28:21,024 | WARNING | PUSH2 used: stock_common.sc_datasource.get_em_quote_full
2026-08-03 09:28:22,282 | WARNING | PUSH2 used: stock_common.sc_datasource.get_em_quote_full
2026-08-03 09:28:23,280 | WARNING | PUSH2 used: stock_common.sc_datasource.get_em_quote_full
2026-08-03 09:28:24,275 | WARNING | PUSH2 used: stock_common.sc_datasource.get_em_quote_full
2026-08-03 09:28:25,292 | WARNING | PUSH2 used: stock_common.sc_datasource.get_em_quote_full
2026-08-03 09:28:26,377 | WARNING | PUSH2 used: stock_common.sc_datasource.get_em_quote_full
2026-08-03 09:28:27,289 | WARNING | PUSH2 used: stock_common.sc_datasource.get_em_quote_full
2026-08-03 09:28:28,311 | WARNING | PUSH2 used: stock_common.sc_datasource.get_em_quote_full
2026-08-03 09:28:29,299 | WARNING | PUSH2 used: stock_common.sc_datasource.get_em_quote_full
2026-08-03 09:28:30,289 | WARNING | PUSH2 used: stock_common.sc_datasource.get_em_quote_full
2026-08-03 09:28:31,280 | WARNING | PUSH2 used: stock_common.sc_datasource.get_em_quote_full
2026-08-03 09:28:32,290 | WARNING | PUSH2 used: stock_common.sc_datasource.get_em_quote_full
2026-08-03 09:28:33,311 | WARNING | PUSH2 used: stock_common.sc_datasource.get_em_quote_full
2026-08-03 09:28:34,295 | WARNING | PUSH2 used: stock_common.sc_datasource.get_em_quote_full
2026-08-03 09:28:35,280 | WARNING | PUSH2 used: stock_common.sc_datasource.get_em_quote_full
2026-08-03 09:28:36,286 | WARNING | PUSH2 used: stock_common.sc_datasource.get_em_quote_full
2026-08-03 09:28:37,314 | WARNING | PUSH2 used: stock_common.sc_datasource.get_em_quote_full
2026-08-03 09:28:38,286 | WARNING | PUSH2 used: stock_common.sc_datasource.get_em_quote_full
2026-08-03 09:28:39,319 | WARNING | PUSH2 used: stock_common.sc_datasource.get_em_quote_full
2026-08-03 09:28:40,321 | WARNING | PUSH2 used: stock_common.sc_datasource.get_em_quote_full
2026-08-03 09:28:41,288 | WARNING | PUSH2 used: stock_common.sc_datasource.get_em_quote_full
2026-08-03 09:28:42,311 | WARNING | PUSH2 used: stock_common.sc_datasource.get_em_quote_full
2026-08-03 09:28:43,316 | WARNING | PUSH2 used: stock_common.sc_datasource.get_em_quote_full
2026-08-03 09:28:44,303 | WARNING | PUSH2 used: stock_common.sc_datasource.get_em_quote_full
2026-08-03 09:28:45,294 | WARNING | PUSH2 used: stock_common.sc_datasource.get_em_quote_full
2026-08-03 09:28:46,282 | WARNING | PUSH2 used: stock_common.sc_datasource.get_em_quote_full
2026-08-03 09:28:47,282 | WARNING | PUSH2 used: stock_common.sc_datasource.get_em_quote_full
2026-08-03 09:28:48,301 | WARNING | PUSH2 used: stock_common.sc_datasource.get_em_quote_full
2026-08-03 09:28:49,298 | WARNING | PUSH2 used: stock_common.sc_datasource.get_em_quote_full
2026-08-03 09:28:50,283 | WARNING | PUSH2 used: stock_common.sc_datasource.get_em_quote_full
2026-08-03 09:28:51,316 | WARNING | PUSH2 used: stock_common.sc_datasource.get_em_quote_full
2026-08-03 09:28:52,294 | WARNING | PUSH2 used: stock_common.sc_datasource.get_em_quote_full
2026-08-03 09:28:53,278 | WARNING | PUSH2 used: stock_common.sc_datasource.get_em_quote_full
2026-08-03 09:28:54,396 | WARNING | PUSH2 used: stock_common.sc_datasource.get_em_quote_full
2026-08-03 09:28:55,390 | WARNING | PUSH2 used: stock_common.sc_datasource.get_em_quote_full
2026-08-03 09:28:56,395 | WARNING | PUSH2 used: stock_common.sc_datasource.get_em_quote_full
2026-08-03 09:28:57,395 | WARNING | PUSH2 used: stock_common.sc_datasource.get_em_quote_full
2026-08-03 09:28:58,479 | WARNING | PUSH2 used: stock_common.sc_datasource.get_em_quote_full
2026-08-03 09:28:59,568 | WARNING | PUSH2 used: stock_common.sc_datasource.get_em_quote_full
2026-08-03 09:29:00,016 | WARNING | PUSH2 used: stock_common.sc_datasource.get_em_quote_full
2026-08-03 09:29:01,638 | WARNING | PUSH2 used: stock_common.sc_datasource.get_em_quote_full
2026-08-03 09:29:02,026 | WARNING | PUSH2 used: stock_common.sc_datasource.get_em_quote_full
2026-08-03 09:29:03,579 | WARNING | PUSH2 used: stock_common.sc_datasource.get_em_quote_full
2026-08-03 09:29:04,179 | WARNING | PUSH2 used: stock_common.sc_datasource.get_em_quote_full
2026-08-03 09:29:05,181 | WARNING | PUSH2 used: stock_common.sc_datasource.get_em_quote_full
2026-08-03 09:29:06,182 | WARNING | PUSH2 used: stock_common.sc_datasource.get_em_quote_full
2026-08-03 09:29:07,024 | WARNING | PUSH2 used: stock_common.sc_datasource.get_em_quote_full
2026-08-03 09:29:08,577 | WARNING | PUSH2 used: stock_common.sc_datasource.get_em_quote_full
2026-08-03 09:29:09,180 | WARNING | PUSH2 used: stock_common.sc_datasource.get_em_quote_full
2026-08-03 09:29:10,180 | WARNING | PUSH2 used: stock_common.sc_datasource.get_em_quote_full
2026-08-03 09:29:11,182 | WARNING | PUSH2 used: stock_common.sc_datasource.get_em_quote_full
2026-08-03 09:29:12,180 | WARNING | PUSH2 used: stock_common.sc_datasource.get_em_quote_full
2026-08-03 09:29:13,182 | WARNING | PUSH2 used: stock_common.sc_datasource.get_em_quote_full
2026-08-03 09:29:14,181 | WARNING | PUSH2 used: stock_common.sc_datasource.get_em_quote_full
2026-08-03 09:29:15,180 | WARNING | PUSH2 used: stock_common.sc_datasource.get_em_quote_full
2026-08-03 09:29:16,181 | WARNING | PUSH2 used: stock_common.sc_datasource.get_em_quote_full
2026-08-03 09:29:17,183 | WARNING | PUSH2 used: stock_common.sc_datasource.get_em_quote_full
2026-08-03 09:29:18,103 | WARNING | PUSH2 used: stock_common.sc_datasource.get_em_quote_full
2026-08-03 09:29:19,436 | WARNING | PUSH2 used: stock_common.sc_datasource.get_em_quote_full
2026-08-03 09:29:20,394 | WARNING | PUSH2 used: stock_common.sc_datasource.get_em_quote_full
2026-08-03 09:29:21,401 | WARNING | PUSH2 used: stock_common.sc_datasource.get_em_quote_full
2026-08-03 09:29:22,416 | WARNING | PUSH2 used: stock_common.sc_datasource.get_em_quote_full
2026-08-03 09:29:23,420 | WARNING | PUSH2 used: stock_common.sc_datasource.get_em_quote_full
2026-08-03 09:29:24,396 | WARNING | PUSH2 used: stock_common.sc_datasource.get_em_quote_full
2026-08-03 09:29:25,387 | WARNING | PUSH2 used: stock_common.sc_datasource.get_em_quote_full
2026-08-03 09:29:26,397 | WARNING | PUSH2 used: stock_common.sc_datasource.get_em_quote_full
2026-08-03 09:29:27,397 | WARNING | PUSH2 used: stock_common.sc_datasource.get_em_quote_full
2026-08-03 09:29:28,405 | WARNING | PUSH2 used: stock_common.sc_datasource.get_em_quote_full
2026-08-03 09:29:29,402 | WARNING | PUSH2 used: stock_common.sc_datasource.get_em_quote_full
2026-08-03 09:29:30,410 | WARNING | PUSH2 used: stock_common.sc_datasource.get_em_quote_full
2026-08-03 09:29:31,420 | WARNING | PUSH2 used: stock_common.sc_datasource.get_em_quote_full
2026-08-03 09:29:32,410 | WARNING | PUSH2 used: stock_common.sc_datasource.get_em_quote_full
2026-08-03 09:29:33,443 | WARNING | PUSH2 used: stock_common.sc_datasource.get_em_quote_full
2026-08-03 09:29:34,424 | WARNING | PUSH2 used: stock_common.sc_datasource.get_em_quote_full
2026-08-03 09:29:35,409 | WARNING | PUSH2 used: stock_common.sc_datasource.get_em_quote_full
2026-08-03 09:29:36,419 | WARNING | PUSH2 used: stock_common.sc_datasource.get_em_quote_full
2026-08-03 09:29:37,446 | WARNING | PUSH2 used: stock_common.sc_datasource.get_em_quote_full
2026-08-03 09:29:38,413 | WARNING | PUSH2 used: stock_common.sc_datasource.get_em_quote_full
2026-08-03 09:29:39,422 | WARNING | PUSH2 used: stock_common.sc_datasource.get_em_quote_full
2026-08-03 09:29:40,629 | WARNING | PUSH2 used: stock_common.sc_datasource.get_em_quote_full
2026-08-03 09:29:41,177 | WARNING | PUSH2 used: stock_common.sc_datasource.get_em_quote_full
2026-08-03 09:29:42,014 | WARNING | PUSH2 used: stock_common.sc_datasource.get_em_quote_full
2026-08-03 09:29:43,444 | WARNING | PUSH2 used: stock_common.sc_datasource.get_em_quote_full
2026-08-03 09:29:44,423 | WARNING | PUSH2 used: stock_common.sc_datasource.get_em_quote_full
2026-08-03 09:29:45,431 | WARNING | PUSH2 used: stock_common.sc_datasource.get_em_quote_full
2026-08-03 09:29:46,439 | WARNING | PUSH2 used: stock_common.sc_datasource.get_em_quote_full
2026-08-03 09:29:47,429 | WARNING | PUSH2 used: stock_common.sc_datasource.get_em_quote_full
2026-08-03 09:29:48,391 | WARNING | PUSH2 used: stock_common.sc_datasource.get_em_quote_full
2026-08-03 09:29:49,403 | WARNING | PUSH2 used: stock_common.sc_datasource.get_em_quote_full
2026-08-03 09:29:50,419 | WARNING | PUSH2 used: stock_common.sc_datasource.get_em_quote_full
2026-08-03 09:29:51,418 | WARNING | PUSH2 used: stock_common.sc_datasource.get_em_quote_full
2026-08-03 09:29:52,386 | WARNING | PUSH2 used: stock_common.sc_datasource.get_em_quote_full
2026-08-03 09:29:53,470 | WARNING | PUSH2 used: stock_common.sc_datasource.get_em_quote_full
2026-08-03 09:29:54,449 | WARNING | PUSH2 used: stock_common.sc_datasource.get_em_quote_full
2026-08-03 09:29:55,447 | WARNING | PUSH2 used: stock_common.sc_datasource.get_em_quote_full
2026-08-03 09:29:56,403 | WARNING | PUSH2 used: stock_common.sc_datasource.get_em_quote_full
2026-08-03 09:29:57,376 | WARNING | PUSH2 used: stock_common.sc_datasource.get_em_quote_full
2026-08-03 09:29:58,425 | WARNING | PUSH2 used: stock_common.sc_datasource.get_em_quote_full
2026-08-03 09:29:59,391 | WARNING | PUSH2 used: stock_common.sc_datasource.get_em_quote_full
2026-08-03 09:30:00,590 | WARNING | PUSH2 used: stock_common.sc_datasource.get_em_quote_full
2026-08-03 09:30:01,154 | WARNING | PUSH2 used: stock_common.sc_datasource.get_em_quote_full
2026-08-03 09:30:02,593 | WARNING | PUSH2 used: stock_common.sc_datasource.get_em_quote_full
2026-08-03 09:30:03,173 | WARNING | PUSH2 used: stock_common.sc_datasource.get_em_quote_full
2026-08-03 09:30:04,172 | WARNING | PUSH2 used: stock_common.sc_datasource.get_em_quote_full
2026-08-03 09:30:05,174 | WARNING | PUSH2 used: stock_common.sc_datasource.get_em_quote_full
2026-08-03 09:30:06,173 | WARNING | PUSH2 used: stock_common.sc_datasource.get_em_quote_full
2026-08-03 09:30:07,173 | WARNING | PUSH2 used: stock_common.sc_datasource.get_em_quote_full
2026-08-03 09:30:08,175 | WARNING | PUSH2 used: stock_common.sc_datasource.get_em_quote_full
2026-08-03 09:30:09,172 | WARNING | PUSH2 used: stock_common.sc_datasource.get_em_quote_full
2026-08-03 09:30:10,175 | WARNING | PUSH2 used: stock_common.sc_datasource.get_em_quote_full
2026-08-03 09:30:11,175 | WARNING | PUSH2 used: stock_common.sc_datasource.get_em_quote_full
2026-08-03 09:30:12,176 | WARNING | PUSH2 used: stock_common.sc_datasource.get_em_quote_full
2026-08-03 09:30:13,173 | WARNING | PUSH2 used: stock_common.sc_datasource.get_em_quote_full
2026-08-03 09:30:14,174 | WARNING | PUSH2 used: stock_common.sc_datasource.get_em_quote_full
2026-08-03 09:30:15,122 | WARNING | PUSH2 used: stock_common.sc_datasource.get_em_quote_full
2026-08-03 09:30:16,579 | WARNING | PUSH2 used: stock_common.sc_datasource.get_em_quote_full
2026-08-03 09:30:17,019 | WARNING | PUSH2 used: stock_common.sc_datasource.get_em_quote_full
2026-08-03 09:30:18,401 | WARNING | PUSH2 used: stock_common.sc_datasource.get_em_quote_full
2026-08-03 09:30:19,407 | WARNING | PUSH2 used: stock_common.sc_datasource.get_em_quote_full
2026-08-03 09:30:20,395 | WARNING | PUSH2 used: stock_common.sc_datasource.get_em_quote_full
2026-08-03 09:30:21,398 | WARNING | PUSH2 used: stock_common.sc_datasource.get_em_quote_full
2026-08-03 09:30:22,396 | WARNING | PUSH2 used: stock_common.sc_datasource.get_em_quote_full
2026-08-03 09:30:23,380 | WARNING | PUSH2 used: stock_common.sc_datasource.get_em_quote_full
2026-08-03 09:30:24,395 | WARNING | PUSH2 used: stock_common.sc_datasource.get_em_quote_full
2026-08-03 09:30:25,407 | WARNING | PUSH2 used: stock_common.sc_datasource.get_em_quote_full
2026-08-03 09:30:26,421 | WARNING | PUSH2 used: stock_common.sc_datasource.get_em_quote_full
2026-08-03 09:30:27,378 | WARNING | PUSH2 used: stock_common.sc_datasource.get_em_quote_full
2026-08-03 09:30:28,408 | WARNING | PUSH2 used: stock_common.sc_datasource.get_em_quote_full
2026-08-03 09:30:29,392 | WARNING | PUSH2 used: stock_common.sc_datasource.get_em_quote_full
2026-08-03 09:30:30,388 | WARNING | PUSH2 used: stock_common.sc_datasource.get_em_quote_full
2026-08-03 09:30:31,389 | WARNING | PUSH2 used: stock_common.sc_datasource.get_em_quote_full
2026-08-03 09:30:32,401 | WARNING | PUSH2 used: stock_common.sc_datasource.get_em_quote_full
2026-08-03 09:30:33,442 | WARNING | PUSH2 used: stock_common.sc_datasource.get_em_quote_full
2026-08-03 09:30:34,382 | WARNING | PUSH2 used: stock_common.sc_datasource.get_em_quote_full
2026-08-03 09:30:35,391 | WARNING | PUSH2 used: stock_common.sc_datasource.get_em_quote_full
2026-08-03 09:30:36,406 | WARNING | PUSH2 used: stock_common.sc_datasource.get_em_quote_full
2026-08-03 09:30:37,387 | WARNING | PUSH2 used: stock_common.sc_datasource.get_em_quote_full
2026-08-03 09:30:38,415 | WARNING | PUSH2 used: stock_common.sc_datasource.get_em_quote_full
2026-08-03 09:30:39,393 | WARNING | PUSH2 used: stock_common.sc_datasource.get_em_quote_full
2026-08-03 09:30:40,398 | WARNING | PUSH2 used: stock_common.sc_datasource.get_em_quote_full
2026-08-03 09:30:41,391 | WARNING | PUSH2 used: stock_common.sc_datasource.get_em_quote_full
2026-08-03 09:30:42,431 | WARNING | PUSH2 used: stock_common.sc_datasource.get_em_quote_full
2026-08-03 09:30:43,425 | WARNING | PUSH2 used: stock_common.sc_datasource.get_em_quote_full
2026-08-03 09:30:44,398 | WARNING | PUSH2 used: stock_common.sc_datasource.get_em_quote_full
2026-08-03 09:30:45,509 | WARNING | PUSH2 used: stock_common.sc_datasource.get_em_quote_full
2026-08-03 09:30:46,460 | WARNING | PUSH2 used: stock_common.sc_datasource.get_em_quote_full
2026-08-03 09:30:47,446 | WARNING | PUSH2 used: stock_common.sc_datasource.get_em_quote_full
2026-08-03 09:30:48,563 | WARNING | PUSH2 used: stock_common.sc_datasource.get_em_quote_full
2026-08-03 09:30:49,181 | WARNING | PUSH2 used: stock_common.sc_datasource.get_em_quote_full
2026-08-03 09:30:50,177 | WARNING | PUSH2 used: stock_common.sc_datasource.get_em_quote_full
2026-08-03 09:30:51,179 | WARNING | PUSH2 used: stock_common.sc_datasource.get_em_quote_full
2026-08-03 09:30:52,179 | WARNING | PUSH2 used: stock_common.sc_datasource.get_em_quote_full
2026-08-03 09:30:53,179 | WARNING | PUSH2 used: stock_common.sc_datasource.get_em_quote_full
2026-08-03 09:30:54,180 | WARNING | PUSH2 used: stock_common.sc_datasource.get_em_quote_full
2026-08-03 09:30:55,183 | WARNING | PUSH2 used: stock_common.sc_datasource.get_em_quote_full
2026-08-03 09:30:56,181 | WARNING | PUSH2 used: stock_common.sc_datasource.get_em_quote_full
2026-08-03 09:30:57,190 | WARNING | PUSH2 used: stock_common.sc_datasource.get_em_quote_full
2026-08-03 09:30:58,184 | WARNING | PUSH2 used: stock_common.sc_datasource.get_em_quote_full
2026-08-03 09:30:59,182 | WARNING | PUSH2 used: stock_common.sc_datasource.get_em_quote_full
2026-08-03 09:31:00,182 | WARNING | PUSH2 used: stock_common.sc_datasource.get_em_quote_full
2026-08-03 09:31:01,179 | WARNING | PUSH2 used: stock_common.sc_datasource.get_em_quote_full
2026-08-03 09:31:02,186 | WARNING | PUSH2 used: stock_common.sc_datasource.get_em_quote_full
2026-08-03 09:31:03,179 | WARNING | PUSH2 used: stock_common.sc_datasource.get_em_quote_full
2026-08-03 09:31:04,169 | WARNING | PUSH2 used: stock_common.sc_datasource.get_em_quote_full
2026-08-03 09:31:05,354 | WARNING | PUSH2 used: stock_common.sc_datasource.get_em_quote_full
2026-08-03 09:31:06,336 | WARNING | PUSH2 used: stock_common.sc_datasource.get_em_quote_full
2026-08-03 09:31:07,306 | WARNING | PUSH2 used: stock_common.sc_datasource.get_em_quote_full
2026-08-03 09:31:08,310 | WARNING | PUSH2 used: stock_common.sc_datasource.get_em_quote_full
2026-08-03 09:31:09,381 | WARNING | PUSH2 used: stock_common.sc_datasource.get_em_quote_full
2026-08-03 09:31:10,366 | WARNING | PUSH2 used: stock_common.sc_datasource.get_em_quote_full
2026-08-03 09:31:11,358 | WARNING | PUSH2 used: stock_common.sc_datasource.get_em_quote_full
2026-08-03 09:31:12,375 | WARNING | PUSH2 used: stock_common.sc_datasource.get_em_quote_full
2026-08-03 09:31:13,382 | WARNING | PUSH2 used: stock_common.sc_datasource.get_em_quote_full
2026-08-03 09:31:14,408 | WARNING | PUSH2 used: stock_common.sc_datasource.get_em_quote_full
2026-08-03 09:31:15,362 | WARNING | PUSH2 used: stock_common.sc_datasource.get_em_quote_full
2026-08-03 09:31:16,375 | WARNING | PUSH2 used: stock_common.sc_datasource.get_em_quote_full
2026-08-03 09:31:17,331 | WARNING | PUSH2 used: stock_common.sc_datasource.get_em_quote_full
2026-08-03 09:31:18,334 | WARNING | PUSH2 used: stock_common.sc_datasource.get_em_quote_full
2026-08-03 09:31:19,357 | WARNING | PUSH2 used: stock_common.sc_datasource.get_em_quote_full
2026-08-03 09:31:20,340 | WARNING | PUSH2 used: stock_common.sc_datasource.get_em_quote_full
2026-08-03 09:31:21,377 | WARNING | PUSH2 used: stock_common.sc_datasource.get_em_quote_full
2026-08-03 09:31:22,393 | WARNING | PUSH2 used: stock_common.sc_datasource.get_em_quote_full
2026-08-03 09:31:23,415 | WARNING | PUSH2 used: stock_common.sc_datasource.get_em_quote_full
2026-08-03 09:31:24,334 | WARNING | PUSH2 used: stock_common.sc_datasource.get_em_quote_full
2026-08-03 09:31:25,315 | WARNING | PUSH2 used: stock_common.sc_datasource.get_em_quote_full
2026-08-03 09:31:26,350 | WARNING | PUSH2 used: stock_common.sc_datasource.get_em_quote_full
2026-08-03 09:31:27,321 | WARNING | PUSH2 used: stock_common.sc_datasource.get_em_quote_full
2026-08-03 09:31:28,333 | WARNING | PUSH2 used: stock_common.sc_datasource.get_em_quote_full
2026-08-03 09:31:29,344 | WARNING | PUSH2 used: stock_common.sc_datasource.get_em_quote_full
2026-08-03 09:31:30,304 | WARNING | PUSH2 used: stock_common.sc_datasource.get_em_quote_full
2026-08-03 09:31:31,303 | WARNING | PUSH2 used: stock_common.sc_datasource.get_em_quote_full
2026-08-03 09:31:32,478 | WARNING | PUSH2 used: stock_common.sc_datasource.get_em_quote_full
2026-08-03 09:31:33,563 | WARNING | PUSH2 used: stock_common.sc_datasource.get_em_quote_full
2026-08-03 09:31:34,160 | WARNING | PUSH2 used: stock_common.sc_datasource.get_em_quote_full
2026-08-03 09:31:35,054 | WARNING | PUSH2 used: stock_common.sc_datasource.get_em_quote_full
2026-08-03 09:31:36,447 | WARNING | PUSH2 used: stock_common.sc_datasource.get_em_quote_full
2026-08-03 09:31:37,575 | WARNING | PUSH2 used: stock_common.sc_datasource.get_em_quote_full
2026-08-03 09:31:38,161 | WARNING | PUSH2 used: stock_common.sc_datasource.get_em_quote_full
2026-08-03 09:31:39,084 | WARNING | PUSH2 used: stock_common.sc_datasource.get_em_quote_full
2026-08-03 09:31:40,543 | WARNING | PUSH2 used: stock_common.sc_datasource.get_em_quote_full
2026-08-03 09:31:41,160 | WARNING | PUSH2 used: stock_common.sc_datasource.get_em_quote_full
2026-08-03 09:31:42,413 | WARNING | PUSH2 used: stock_common.sc_datasource.get_em_quote_full
2026-08-03 09:31:43,065 | WARNING | PUSH2 used: stock_common.sc_datasource.get_em_quote_full
2026-08-03 09:31:44,554 | WARNING | PUSH2 used: stock_common.sc_datasource.get_em_quote_full
2026-08-03 09:31:45,646 | WARNING | PUSH2 used: stock_common.sc_datasource.get_em_quote_full
2026-08-03 09:31:46,162 | WARNING | PUSH2 used: stock_common.sc_datasource.get_em_quote_full
2026-08-03 09:31:47,157 | WARNING | PUSH2 used: stock_common.sc_datasource.get_em_quote_full
2026-08-03 09:31:48,161 | WARNING | PUSH2 used: stock_common.sc_datasource.get_em_quote_full
2026-08-03 09:31:49,164 | WARNING | PUSH2 used: stock_common.sc_datasource.get_em_quote_full
2026-08-03 09:31:50,162 | WARNING | PUSH2 used: stock_common.sc_datasource.get_em_quote_full
2026-08-03 09:31:51,159 | WARNING | PUSH2 used: stock_common.sc_datasource.get_em_quote_full
2026-08-03 09:31:52,015 | WARNING | PUSH2 used: stock_common.sc_datasource.get_em_quote_full
2026-08-03 09:31:53,418 | WARNING | PUSH2 used: stock_common.sc_datasource.get_em_quote_full
2026-08-03 09:31:54,320 | WARNING | PUSH2 used: stock_common.sc_datasource.get_em_quote_full
2026-08-03 09:31:55,328 | WARNING | PUSH2 used: stock_common.sc_datasource.get_em_quote_full
2026-08-03 09:31:56,365 | WARNING | PUSH2 used: stock_common.sc_datasource.get_em_quote_full
2026-08-03 09:31:57,320 | WARNING | PUSH2 used: stock_common.sc_datasource.get_em_quote_full
2026-08-03 09:31:58,343 | WARNING | PUSH2 used: stock_common.sc_datasource.get_em_quote_full
2026-08-03 09:31:59,331 | WARNING | PUSH2 used: stock_common.sc_datasource.get_em_quote_full
2026-08-03 09:32:00,389 | WARNING | PUSH2 used: stock_common.sc_datasource.get_em_quote_full
2026-08-03 09:32:01,318 | WARNING | PUSH2 used: stock_common.sc_datasource.get_em_quote_full
2026-08-03 09:32:02,348 | WARNING | PUSH2 used: stock_common.sc_datasource.get_em_quote_full
2026-08-03 09:32:03,379 | WARNING | PUSH2 used: stock_common.sc_datasource.get_em_quote_full
2026-08-03 09:32:04,346 | WARNING | PUSH2 used: stock_common.sc_datasource.get_em_quote_full
2026-08-03 09:32:05,299 | WARNING | PUSH2 used: stock_common.sc_datasource.get_em_quote_full
2026-08-03 09:32:06,299 | WARNING | PUSH2 used: stock_common.sc_datasource.get_em_quote_full
2026-08-03 09:32:07,324 | WARNING | PUSH2 used: stock_common.sc_datasource.get_em_quote_full
2026-08-03 09:32:08,291 | WARNING | PUSH2 used: stock_common.sc_datasource.get_em_quote_full
2026-08-03 09:32:09,296 | WARNING | PUSH2 used: stock_common.sc_datasource.get_em_quote_full
2026-08-03 09:32:10,302 | WARNING | PUSH2 used: stock_common.sc_datasource.get_em_quote_full
2026-08-03 09:32:11,325 | WARNING | PUSH2 used: stock_common.sc_datasource.get_em_quote_full
2026-08-03 09:32:12,298 | WARNING | PUSH2 used: stock_common.sc_datasource.get_em_quote_full
2026-08-03 09:32:13,294 | WARNING | PUSH2 used: stock_common.sc_datasource.get_em_quote_full
2026-08-03 09:32:14,319 | WARNING | PUSH2 used: stock_common.sc_datasource.get_em_quote_full
2026-08-03 09:32:15,335 | WARNING | PUSH2 used: stock_common.sc_datasource.get_em_quote_full
2026-08-03 09:32:16,327 | WARNING | PUSH2 used: stock_common.sc_datasource.get_em_quote_full
2026-08-03 09:32:17,292 | WARNING | PUSH2 used: stock_common.sc_datasource.get_em_quote_full
2026-08-03 09:32:18,302 | WARNING | PUSH2 used: stock_common.sc_datasource.get_em_quote_full
2026-08-03 09:32:19,288 | WARNING | PUSH2 used: stock_common.sc_datasource.get_em_quote_full
2026-08-03 09:32:20,288 | WARNING | PUSH2 used: stock_common.sc_datasource.get_em_quote_full
2026-08-03 09:32:21,316 | WARNING | PUSH2 used: stock_common.sc_datasource.get_em_quote_full
2026-08-03 09:32:22,392 | WARNING | PUSH2 used: stock_common.sc_datasource.get_em_quote_full
2026-08-03 09:32:23,300 | WARNING | PUSH2 used: stock_common.sc_datasource.get_em_quote_full
2026-08-03 09:32:24,311 | WARNING | PUSH2 used: stock_common.sc_datasource.get_em_quote_full
2026-08-03 09:32:25,448 | WARNING | PUSH2 used: stock_common.sc_datasource.get_em_quote_full
2026-08-03 09:32:26,310 | WARNING | PUSH2 used: stock_common.sc_datasource.get_em_quote_full
2026-08-03 09:32:27,310 | WARNING | PUSH2 used: stock_common.sc_datasource.get_em_quote_full
2026-08-03 09:32:28,303 | WARNING | PUSH2 used: stock_common.sc_datasource.get_em_quote_full
2026-08-03 09:32:29,488 | WARNING | PUSH2 used: stock_common.sc_datasource.get_em_quote_full
2026-08-03 09:32:30,061 | WARNING | PUSH2 used: stock_common.sc_datasource.get_em_quote_full
2026-08-03 09:32:31,523 | WARNING | PUSH2 used: stock_common.sc_datasource.get_em_quote_full
2026-08-03 09:32:32,153 | WARNING | PUSH2 used: stock_common.sc_datasource.get_em_quote_full
2026-08-03 09:32:33,165 | WARNING | PUSH2 used: stock_common.sc_datasource.get_em_quote_full
2026-08-03 09:32:34,150 | WARNING | PUSH2 used: stock_common.sc_datasource.get_em_quote_full
2026-08-03 09:32:35,150 | WARNING | PUSH2 used: stock_common.sc_datasource.get_em_quote_full
2026-08-03 09:32:36,150 | WARNING | PUSH2 used: stock_common.sc_datasource.get_em_quote_full
2026-08-03 09:32:37,163 | WARNING | PUSH2 used: stock_common.sc_datasource.get_em_quote_full
2026-08-03 09:32:38,152 | WARNING | PUSH2 used: stock_common.sc_datasource.get_em_quote_full
2026-08-03 09:32:39,151 | WARNING | PUSH2 used: stock_common.sc_datasource.get_em_quote_full
2026-08-03 09:32:40,151 | WARNING | PUSH2 used: stock_common.sc_datasource.get_em_quote_full
2026-08-03 09:32:41,151 | WARNING | PUSH2 used: stock_common.sc_datasource.get_em_quote_full
2026-08-03 09:32:41,956 | WARNING | PUSH2 used: stock_common.sc_datasource.get_em_quote_full
2026-08-03 09:32:43,495 | WARNING | PUSH2 used: stock_common.sc_datasource.get_em_quote_full
2026-08-03 09:32:43,960 | WARNING | PUSH2 used: stock_common.sc_datasource.get_em_quote_full
2026-08-03 09:32:45,315 | WARNING | PUSH2 used: stock_common.sc_datasource.get_em_quote_full
2026-08-03 09:32:46,308 | WARNING | PUSH2 used: stock_common.sc_datasource.get_em_quote_full
2026-08-03 09:32:47,287 | WARNING | PUSH2 used: stock_common.sc_datasource.get_em_quote_full
2026-08-03 09:32:48,295 | WARNING | PUSH2 used: stock_common.sc_datasource.get_em_quote_full
2026-08-03 09:32:49,287 | WARNING | PUSH2 used: stock_common.sc_datasource.get_em_quote_full
2026-08-03 09:32:50,284 | WARNING | PUSH2 used: stock_common.sc_datasource.get_em_quote_full
2026-08-03 09:32:51,290 | WARNING | PUSH2 used: stock_common.sc_datasource.get_em_quote_full
2026-08-03 09:32:52,294 | WARNING | PUSH2 used: stock_common.sc_datasource.get_em_quote_full
2026-08-03 09:32:53,294 | WARNING | PUSH2 used: stock_common.sc_datasource.get_em_quote_full
2026-08-03 09:32:54,302 | WARNING | PUSH2 used: stock_common.sc_datasource.get_em_quote_full
2026-08-03 09:32:55,288 | WARNING | PUSH2 used: stock_common.sc_datasource.get_em_quote_full
2026-08-03 09:32:56,279 | WARNING | PUSH2 used: stock_common.sc_datasource.get_em_quote_full
2026-08-03 09:32:57,296 | WARNING | PUSH2 used: stock_common.sc_datasource.get_em_quote_full
2026-08-03 09:32:58,290 | WARNING | PUSH2 used: stock_common.sc_datasource.get_em_quote_full
2026-08-03 09:32:59,291 | WARNING | PUSH2 used: stock_common.sc_datasource.get_em_quote_full
2026-08-03 09:33:00,299 | WARNING | PUSH2 used: stock_common.sc_datasource.get_em_quote_full
2026-08-03 09:33:01,286 | WARNING | PUSH2 used: stock_common.sc_datasource.get_em_quote_full
2026-08-03 09:33:02,284 | WARNING | PUSH2 used: stock_common.sc_datasource.get_em_quote_full
2026-08-03 09:33:03,310 | WARNING | PUSH2 used: stock_common.sc_datasource.get_em_quote_full
2026-08-03 09:33:04,288 | WARNING | PUSH2 used: stock_common.sc_datasource.get_em_quote_full
2026-08-03 09:33:05,322 | WARNING | PUSH2 used: stock_common.sc_datasource.get_em_quote_full
2026-08-03 09:33:06,291 | WARNING | PUSH2 used: stock_common.sc_datasource.get_em_quote_full
2026-08-03 09:33:07,349 | WARNING | PUSH2 used: stock_common.sc_datasource.get_em_quote_full
2026-08-03 09:33:08,294 | WARNING | PUSH2 used: stock_common.sc_datasource.get_em_quote_full
2026-08-03 09:33:09,304 | WARNING | PUSH2 used: stock_common.sc_datasource.get_em_quote_full
2026-08-03 09:33:10,522 | WARNING | PUSH2 used: stock_common.sc_datasource.get_em_quote_full
2026-08-03 09:33:11,157 | WARNING | PUSH2 used: stock_common.sc_datasource.get_em_quote_full
2026-08-03 09:33:11,971 | WARNING | PUSH2 used: stock_common.sc_datasource.get_em_quote_full
2026-08-03 09:33:13,518 | WARNING | PUSH2 used: stock_common.sc_datasource.get_em_quote_full
2026-08-03 09:33:13,969 | WARNING | PUSH2 used: stock_common.sc_datasource.get_em_quote_full
2026-08-03 09:33:15,545 | WARNING | PUSH2 used: stock_common.sc_datasource.get_em_quote_full
2026-08-03 09:33:16,556 | WARNING | PUSH2 used: stock_common.sc_datasource.get_em_quote_full
2026-08-03 09:33:17,179 | WARNING | PUSH2 used: stock_common.sc_datasource.get_em_quote_full
2026-08-03 09:33:18,013 | WARNING | PUSH2 used: stock_common.sc_datasource.get_em_quote_full
2026-08-03 09:33:19,544 | WARNING | PUSH2 used: stock_common.sc_datasource.get_em_quote_full
2026-08-03 09:33:20,176 | WARNING | PUSH2 used: stock_common.sc_datasource.get_em_quote_full
2026-08-03 09:33:21,176 | WARNING | PUSH2 used: stock_common.sc_datasource.get_em_quote_full
2026-08-03 09:33:22,174 | WARNING | PUSH2 used: stock_common.sc_datasource.get_em_quote_full
2026-08-03 09:33:23,174 | WARNING | PUSH2 used: stock_common.sc_datasource.get_em_quote_full
2026-08-03 09:33:24,174 | WARNING | PUSH2 used: stock_common.sc_datasource.get_em_quote_full
2026-08-03 09:33:25,176 | WARNING | PUSH2 used: stock_common.sc_datasource.get_em_quote_full
2026-08-03 09:33:26,173 | WARNING | PUSH2 used: stock_common.sc_datasource.get_em_quote_full
2026-08-03 09:33:27,187 | WARNING | PUSH2 used: stock_common.sc_datasource.get_em_quote_full
2026-08-03 09:33:28,174 | WARNING | PUSH2 used: stock_common.sc_datasource.get_em_quote_full
2026-08-03 09:33:29,173 | WARNING | PUSH2 used: stock_common.sc_datasource.get_em_quote_full
2026-08-03 09:33:30,176 | WARNING | PUSH2 used: stock_common.sc_datasource.get_em_quote_full
2026-08-03 09:33:31,175 | WARNING | PUSH2 used: stock_common.sc_datasource.get_em_quote_full
2026-08-03 09:33:32,165 | WARNING | PUSH2 used: stock_common.sc_datasource.get_em_quote_full
2026-08-03 09:33:33,390 | WARNING | PUSH2 used: stock_common.sc_datasource.get_em_quote_full
2026-08-03 09:33:34,405 | WARNING | PUSH2 used: stock_common.sc_datasource.get_em_quote_full
2026-08-03 09:33:35,385 | WARNING | PUSH2 used: stock_common.sc_datasource.get_em_quote_full
2026-08-03 09:33:36,401 | WARNING | PUSH2 used: stock_common.sc_datasource.get_em_quote_full
2026-08-03 09:33:37,381 | WARNING | PUSH2 used: stock_common.sc_datasource.get_em_quote_full
2026-08-03 09:33:38,390 | WARNING | PUSH2 used: stock_common.sc_datasource.get_em_quote_full
2026-08-03 09:33:39,399 | WARNING | PUSH2 used: stock_common.sc_datasource.get_em_quote_full
2026-08-03 09:33:40,397 | WARNING | PUSH2 used: stock_common.sc_datasource.get_em_quote_full
2026-08-03 09:33:41,392 | WARNING | PUSH2 used: stock_common.sc_datasource.get_em_quote_full
2026-08-03 09:33:42,401 | WARNING | PUSH2 used: stock_common.sc_datasource.get_em_quote_full
2026-08-03 09:33:43,416 | WARNING | PUSH2 used: stock_common.sc_datasource.get_em_quote_full
2026-08-03 09:33:44,392 | WARNING | PUSH2 used: stock_common.sc_datasource.get_em_quote_full
2026-08-03 09:33:45,567 | WARNING | PUSH2 used: stock_common.sc_datasource.get_em_quote_full
2026-08-03 09:33:46,009 | WARNING | PUSH2 used: stock_common.sc_datasource.get_em_quote_full
2026-08-03 09:33:47,388 | WARNING | PUSH2 used: stock_common.sc_datasource.get_em_quote_full
2026-08-03 09:33:48,385 | WARNING | PUSH2 used: stock_common.sc_datasource.get_em_quote_full
2026-08-03 09:33:49,405 | WARNING | PUSH2 used: stock_common.sc_datasource.get_em_quote_full
2026-08-03 09:33:50,388 | WARNING | PUSH2 used: stock_common.sc_datasource.get_em_quote_full
2026-08-03 09:33:51,382 | WARNING | PUSH2 used: stock_common.sc_datasource.get_em_quote_full
2026-08-03 09:33:52,389 | WARNING | PUSH2 used: stock_common.sc_datasource.get_em_quote_full
2026-08-03 09:33:53,376 | WARNING | PUSH2 used: stock_common.sc_datasource.get_em_quote_full
2026-08-03 09:33:54,385 | WARNING | PUSH2 used: stock_common.sc_datasource.get_em_quote_full
2026-08-03 09:33:55,379 | WARNING | PUSH2 used: stock_common.sc_datasource.get_em_quote_full
2026-08-03 09:33:56,414 | WARNING | PUSH2 used: stock_common.sc_datasource.get_em_quote_full
2026-08-03 09:33:57,395 | WARNING | PUSH2 used: stock_common.sc_datasource.get_em_quote_full
2026-08-03 09:33:58,562 | WARNING | PUSH2 used: stock_common.sc_datasource.get_em_quote_full
2026-08-03 09:33:59,180 | WARNING | PUSH2 used: stock_common.sc_datasource.get_em_quote_full
2026-08-03 09:34:00,016 | WARNING | PUSH2 used: stock_common.sc_datasource.get_em_quote_full
2026-08-03 09:34:01,476 | WARNING | PUSH2 used: stock_common.sc_datasource.get_em_quote_full
2026-08-03 09:34:02,524 | WARNING | PUSH2 used: stock_common.sc_datasource.get_em_quote_full
2026-08-03 09:34:03,444 | WARNING | PUSH2 used: stock_common.sc_datasource.get_em_quote_full
2026-08-03 09:34:04,568 | WARNING | PUSH2 used: stock_common.sc_datasource.get_em_quote_full
2026-08-03 09:34:05,183 | WARNING | PUSH2 used: stock_common.sc_datasource.get_em_quote_full
2026-08-03 09:34:06,182 | WARNING | PUSH2 used: stock_common.sc_datasource.get_em_quote_full
2026-08-03 09:34:07,020 | WARNING | PUSH2 used: stock_common.sc_datasource.get_em_quote_full
2026-08-03 09:34:08,542 | WARNING | PUSH2 used: stock_common.sc_datasource.get_em_quote_full
2026-08-03 09:34:09,601 | WARNING | PUSH2 used: stock_common.sc_datasource.get_em_quote_full
2026-08-03 09:34:10,183 | WARNING | PUSH2 used: stock_common.sc_datasource.get_em_quote_full
2026-08-03 09:34:11,183 | WARNING | PUSH2 used: stock_common.sc_datasource.get_em_quote_full
2026-08-03 09:34:12,184 | WARNING | PUSH2 used: stock_common.sc_datasource.get_em_quote_full
2026-08-03 09:34:13,182 | WARNING | PUSH2 used: stock_common.sc_datasource.get_em_quote_full
2026-08-03 09:34:14,183 | WARNING | PUSH2 used: stock_common.sc_datasource.get_em_quote_full
2026-08-03 09:34:15,186 | WARNING | PUSH2 used: stock_common.sc_datasource.get_em_quote_full
2026-08-03 09:34:16,185 | WARNING | PUSH2 used: stock_common.sc_datasource.get_em_quote_full
2026-08-03 09:34:17,183 | WARNING | PUSH2 used: stock_common.sc_datasource.get_em_quote_full
2026-08-03 09:34:18,182 | WARNING | PUSH2 used: stock_common.sc_datasource.get_em_quote_full
2026-08-03 09:34:19,183 | WARNING | PUSH2 used: stock_common.sc_datasource.get_em_quote_full
2026-08-03 09:34:20,183 | WARNING | PUSH2 used: stock_common.sc_datasource.get_em_quote_full
2026-08-03 09:34:21,183 | WARNING | PUSH2 used: stock_common.sc_datasource.get_em_quote_full
2026-08-03 09:34:22,153 | WARNING | PUSH2 used: stock_common.sc_datasource.get_em_quote_full
2026-08-03 09:34:23,412 | WARNING | PUSH2 used: stock_common.sc_datasource.get_em_quote_full
2026-08-03 09:34:24,392 | WARNING | PUSH2 used: stock_common.sc_datasource.get_em_quote_full
2026-08-03 09:34:25,405 | WARNING | PUSH2 used: stock_common.sc_datasource.get_em_quote_full
2026-08-03 09:34:26,385 | WARNING | PUSH2 used: stock_common.sc_datasource.get_em_quote_full
2026-08-03 09:34:27,376 | WARNING | PUSH2 used: stock_common.sc_datasource.get_em_quote_full
2026-08-03 09:34:28,385 | WARNING | PUSH2 used: stock_common.sc_datasource.get_em_quote_full
2026-08-03 09:34:29,386 | WARNING | PUSH2 used: stock_common.sc_datasource.get_em_quote_full
2026-08-03 09:34:30,381 | WARNING | PUSH2 used: stock_common.sc_datasource.get_em_quote_full
2026-08-03 09:34:31,405 | WARNING | PUSH2 used: stock_common.sc_datasource.get_em_quote_full
2026-08-03 09:34:32,429 | WARNING | PUSH2 used: stock_common.sc_datasource.get_em_quote_full
2026-08-03 09:34:33,437 | WARNING | PUSH2 used: stock_common.sc_datasource.get_em_quote_full
2026-08-03 09:34:34,428 | WARNING | PUSH2 used: stock_common.sc_datasource.get_em_quote_full
2026-08-03 09:34:35,435 | WARNING | PUSH2 used: stock_common.sc_datasource.get_em_quote_full
2026-08-03 09:34:36,408 | WARNING | PUSH2 used: stock_common.sc_datasource.get_em_quote_full
2026-08-03 09:34:37,374 | WARNING | PUSH2 used: stock_common.sc_datasource.get_em_quote_full
2026-08-03 09:34:38,390 | WARNING | PUSH2 used: stock_common.sc_datasource.get_em_quote_full
2026-08-03 09:34:39,382 | WARNING | PUSH2 used: stock_common.sc_datasource.get_em_quote_full
2026-08-03 09:34:40,382 | WARNING | PUSH2 used: stock_common.sc_datasource.get_em_quote_full
2026-08-03 09:34:41,385 | WARNING | PUSH2 used: stock_common.sc_datasource.get_em_quote_full
2026-08-03 09:34:42,386 | WARNING | PUSH2 used: stock_common.sc_datasource.get_em_quote_full
2026-08-03 09:34:43,412 | WARNING | PUSH2 used: stock_common.sc_datasource.get_em_quote_full
2026-08-03 09:34:44,398 | WARNING | PUSH2 used: stock_common.sc_datasource.get_em_quote_full
2026-08-03 09:34:45,406 | WARNING | PUSH2 used: stock_common.sc_datasource.get_em_quote_full
2026-08-03 09:34:46,588 | WARNING | PUSH2 used: stock_common.sc_datasource.get_em_quote_full
2026-08-03 09:34:47,020 | WARNING | PUSH2 used: stock_common.sc_datasource.get_em_quote_full
2026-08-03 09:34:48,570 | WARNING | PUSH2 used: stock_common.sc_datasource.get_em_quote_full
2026-08-03 09:34:49,183 | WARNING | PUSH2 used: stock_common.sc_datasource.get_em_quote_full
2026-08-03 09:34:50,110 | WARNING | PUSH2 used: stock_common.sc_datasource.get_em_quote_full
2026-08-03 09:34:52,551 | WARNING | PUSH2 used: stock_common.sc_datasource.get_em_quote_full
2026-08-03 09:34:52,807 | WARNING | PUSH2 used: stock_common.sc_datasource.get_em_quote_full
2026-08-03 09:34:53,020 | WARNING | PUSH2 used: stock_common.sc_datasource.get_em_quote_full
2026-08-03 09:34:54,589 | WARNING | PUSH2 used: stock_common.sc_datasource.get_em_quote_full
2026-08-03 09:34:55,183 | WARNING | PUSH2 used: stock_common.sc_datasource.get_em_quote_full
2026-08-03 09:34:56,181 | WARNING | PUSH2 used: stock_common.sc_datasource.get_em_quote_full
2026-08-03 09:34:57,182 | WARNING | PUSH2 used: stock_common.sc_datasource.get_em_quote_full
2026-08-03 09:34:58,184 | WARNING | PUSH2 used: stock_common.sc_datasource.get_em_quote_full
2026-08-03 09:34:59,182 | WARNING | PUSH2 used: stock_common.sc_datasource.get_em_quote_full
2026-08-03 09:35:00,182 | WARNING | PUSH2 used: stock_common.sc_datasource.get_em_quote_full
2026-08-03 09:35:01,182 | WARNING | PUSH2 used: stock_common.sc_datasource.get_em_quote_full
2026-08-03 09:35:02,182 | WARNING | PUSH2 used: stock_common.sc_datasource.get_em_quote_full
2026-08-03 09:35:03,184 | WARNING | PUSH2 used: stock_common.sc_datasource.get_em_quote_full
2026-08-03 09:35:04,185 | WARNING | PUSH2 used: stock_common.sc_datasource.get_em_quote_full
2026-08-03 09:35:05,181 | WARNING | PUSH2 used: stock_common.sc_datasource.get_em_quote_full
2026-08-03 09:35:06,183 | WARNING | PUSH2 used: stock_common.sc_datasource.get_em_quote_full
2026-08-03 09:35:07,182 | WARNING | PUSH2 used: stock_common.sc_datasource.get_em_quote_full
2026-08-03 09:35:08,212 | WARNING | PUSH2 used: stock_common.sc_datasource.get_em_quote_full
2026-08-03 09:35:09,015 | WARNING | PUSH2 used: stock_common.sc_datasource.get_em_quote_full
2026-08-03 09:35:10,429 | WARNING | PUSH2 used: stock_common.sc_datasource.get_em_quote_full
2026-08-03 09:35:11,406 | WARNING | PUSH2 used: stock_common.sc_datasource.get_em_quote_full
2026-08-03 09:35:12,441 | WARNING | PUSH2 used: stock_common.sc_datasource.get_em_quote_full
2026-08-03 09:35:13,447 | WARNING | PUSH2 used: stock_common.sc_datasource.get_em_quote_full
2026-08-03 09:35:14,442 | WARNING | PUSH2 used: stock_common.sc_datasource.get_em_quote_full
2026-08-03 09:35:15,410 | WARNING | PUSH2 used: stock_common.sc_datasource.get_em_quote_full
2026-08-03 09:35:16,464 | WARNING | PUSH2 used: stock_common.sc_datasource.get_em_quote_full
2026-08-03 09:35:17,442 | WARNING | PUSH2 used: stock_common.sc_datasource.get_em_quote_full
2026-08-03 09:35:18,433 | WARNING | PUSH2 used: stock_common.sc_datasource.get_em_quote_full
2026-08-03 09:35:19,407 | WARNING | PUSH2 used: stock_common.sc_datasource.get_em_quote_full
2026-08-03 09:35:20,433 | WARNING | PUSH2 used: stock_common.sc_datasource.get_em_quote_full
2026-08-03 09:35:21,399 | WARNING | PUSH2 used: stock_common.sc_datasource.get_em_quote_full
2026-08-03 09:35:22,480 | WARNING | PUSH2 used: stock_common.sc_datasource.get_em_quote_full
2026-08-03 09:35:23,309 | WARNING | PUSH2 used: stock_common.sc_datasource.get_em_quote_full
2026-08-03 09:35:24,306 | WARNING | PUSH2 used: stock_common.sc_datasource.get_em_quote_full
2026-08-03 09:35:25,325 | WARNING | PUSH2 used: stock_common.sc_datasource.get_em_quote_full
2026-08-03 09:35:26,321 | WARNING | PUSH2 used: stock_common.sc_datasource.get_em_quote_full
2026-08-03 09:35:27,305 | WARNING | PUSH2 used: stock_common.sc_datasource.get_em_quote_full
2026-08-03 09:35:28,308 | WARNING | PUSH2 used: stock_common.sc_datasource.get_em_quote_full
2026-08-03 09:35:29,295 | WARNING | PUSH2 used: stock_common.sc_datasource.get_em_quote_full
2026-08-03 09:35:30,301 | WARNING | PUSH2 used: stock_common.sc_datasource.get_em_quote_full
2026-08-03 09:35:31,304 | WARNING | PUSH2 used: stock_common.sc_datasource.get_em_quote_full
2026-08-03 09:35:32,284 | WARNING | PUSH2 used: stock_common.sc_datasource.get_em_quote_full
2026-08-03 09:35:33,298 | WARNING | PUSH2 used: stock_common.sc_datasource.get_em_quote_full
2026-08-03 09:35:34,318 | WARNING | PUSH2 used: stock_common.sc_datasource.get_em_quote_full
2026-08-03 09:35:35,532 | WARNING | PUSH2 used: stock_common.sc_datasource.get_em_quote_full
2026-08-03 09:35:36,033 | WARNING | PUSH2 used: stock_common.sc_datasource.get_em_quote_full
2026-08-03 09:35:37,480 | WARNING | PUSH2 used: stock_common.sc_datasource.get_em_quote_full
2026-08-03 09:35:38,551 | WARNING | PUSH2 used: stock_common.sc_datasource.get_em_quote_full
2026-08-03 09:35:39,158 | WARNING | PUSH2 used: stock_common.sc_datasource.get_em_quote_full
2026-08-03 09:35:40,090 | WARNING | PUSH2 used: stock_common.sc_datasource.get_em_quote_full
2026-08-03 09:35:41,305 | WARNING | PUSH2 used: stock_common.sc_datasource.get_em_quote_full
2026-08-03 09:35:42,481 | WARNING | PUSH2 used: stock_common.sc_datasource.get_em_quote_full
2026-08-03 09:35:43,319 | WARNING | PUSH2 used: stock_common.sc_datasource.get_em_quote_full
2026-08-03 09:35:44,499 | WARNING | PUSH2 used: stock_common.sc_datasource.get_em_quote_full
2026-08-03 09:35:45,158 | WARNING | PUSH2 used: stock_common.sc_datasource.get_em_quote_full
2026-08-03 09:35:46,186 | WARNING | PUSH2 used: stock_common.sc_datasource.get_em_quote_full
2026-08-03 09:35:47,158 | WARNING | PUSH2 used: stock_common.sc_datasource.get_em_quote_full
2026-08-03 09:35:48,157 | WARNING | PUSH2 used: stock_common.sc_datasource.get_em_quote_full
2026-08-03 09:35:49,157 | WARNING | PUSH2 used: stock_common.sc_datasource.get_em_quote_full
2026-08-03 09:35:50,158 | WARNING | PUSH2 used: stock_common.sc_datasource.get_em_quote_full
2026-08-03 09:35:51,157 | WARNING | PUSH2 used: stock_common.sc_datasource.get_em_quote_full
2026-08-03 09:35:52,159 | WARNING | PUSH2 used: stock_common.sc_datasource.get_em_quote_full
2026-08-03 09:35:53,158 | WARNING | PUSH2 used: stock_common.sc_datasource.get_em_quote_full
2026-08-03 09:35:54,158 | WARNING | PUSH2 used: stock_common.sc_datasource.get_em_quote_full
2026-08-03 09:35:55,133 | WARNING | PUSH2 used: stock_common.sc_datasource.get_em_quote_full
2026-08-03 09:35:56,380 | WARNING | PUSH2 used: stock_common.sc_datasource.get_em_quote_full
2026-08-03 09:35:57,545 | WARNING | PUSH2 used: stock_common.sc_datasource.get_em_quote_full
2026-08-03 09:35:58,757 | WARNING | PUSH2 used: stock_common.sc_datasource.get_em_quote_full
2026-08-03 09:35:59,648 | WARNING | PUSH2 used: stock_common.sc_datasource.get_em_quote_full
2026-08-03 09:36:00,602 | WARNING | PUSH2 used: stock_common.sc_datasource.get_em_quote_full
2026-08-03 09:36:01,535 | WARNING | PUSH2 used: stock_common.sc_datasource.get_em_quote_full
2026-08-03 09:36:02,361 | WARNING | PUSH2 used: stock_common.sc_datasource.get_em_quote_full
2026-08-03 09:36:03,363 | WARNING | PUSH2 used: stock_common.sc_datasource.get_em_quote_full
2026-08-03 09:36:04,405 | WARNING | PUSH2 used: stock_common.sc_datasource.get_em_quote_full
2026-08-03 09:36:05,363 | WARNING | PUSH2 used: stock_common.sc_datasource.get_em_quote_full
2026-08-03 09:36:06,336 | WARNING | PUSH2 used: stock_common.sc_datasource.get_em_quote_full
2026-08-03 09:36:07,491 | WARNING | PUSH2 used: stock_common.sc_datasource.get_em_quote_full
2026-08-03 09:36:08,441 | WARNING | PUSH2 used: stock_common.sc_datasource.get_em_quote_full
2026-08-03 09:36:09,421 | WARNING | PUSH2 used: stock_common.sc_datasource.get_em_quote_full
2026-08-03 09:36:10,482 | WARNING | PUSH2 used: stock_common.sc_datasource.get_em_quote_full
2026-08-03 09:36:11,596 | WARNING | PUSH2 used: stock_common.sc_datasource.get_em_quote_full
2026-08-03 09:36:12,572 | WARNING | PUSH2 used: stock_common.sc_datasource.get_em_quote_full
2026-08-03 09:36:13,619 | WARNING | PUSH2 used: stock_common.sc_datasource.get_em_quote_full
2026-08-03 09:36:14,704 | WARNING | PUSH2 used: stock_common.sc_datasource.get_em_quote_full
2026-08-03 09:36:15,615 | WARNING | PUSH2 used: stock_common.sc_datasource.get_em_quote_full
2026-08-03 09:36:16,585 | WARNING | PUSH2 used: stock_common.sc_datasource.get_em_quote_full
2026-08-03 09:36:17,446 | WARNING | PUSH2 used: stock_common.sc_datasource.get_em_quote_full
2026-08-03 09:36:18,449 | WARNING | PUSH2 used: stock_common.sc_datasource.get_em_quote_full
2026-08-03 09:36:19,439 | WARNING | PUSH2 used: stock_common.sc_datasource.get_em_quote_full
2026-08-03 09:36:20,441 | WARNING | PUSH2 used: stock_common.sc_datasource.get_em_quote_full
2026-08-03 09:36:21,446 | WARNING | PUSH2 used: stock_common.sc_datasource.get_em_quote_full
2026-08-03 09:36:22,533 | WARNING | PUSH2 used: stock_common.sc_datasource.get_em_quote_full
2026-08-03 09:36:23,462 | WARNING | PUSH2 used: stock_common.sc_datasource.get_em_quote_full
2026-08-03 09:36:24,463 | WARNING | PUSH2 used: stock_common.sc_datasource.get_em_quote_full
2026-08-03 09:36:25,522 | WARNING | PUSH2 used: stock_common.sc_datasource.get_em_quote_full
2026-08-03 09:36:26,634 | WARNING | PUSH2 used: stock_common.sc_datasource.get_em_quote_full
2026-08-03 09:36:27,170 | WARNING | PUSH2 used: stock_common.sc_datasource.get_em_quote_full
2026-08-03 09:36:28,135 | WARNING | PUSH2 used: stock_common.sc_datasource.get_em_quote_full
2026-08-03 09:36:29,534 | WARNING | PUSH2 used: stock_common.sc_datasource.get_em_quote_full
2026-08-03 09:36:30,610 | WARNING | PUSH2 used: stock_common.sc_datasource.get_em_quote_full
2026-08-03 09:36:31,633 | WARNING | PUSH2 used: stock_common.sc_datasource.get_em_quote_full
2026-08-03 09:36:32,064 | WARNING | PUSH2 used: stock_common.sc_datasource.get_em_quote_full
2026-08-03 09:36:33,599 | WARNING | PUSH2 used: stock_common.sc_datasource.get_em_quote_full
2026-08-03 09:36:34,169 | WARNING | PUSH2 used: stock_common.sc_datasource.get_em_quote_full
2026-08-03 09:36:35,169 | WARNING | PUSH2 used: stock_common.sc_datasource.get_em_quote_full
2026-08-03 09:36:36,169 | WARNING | PUSH2 used: stock_common.sc_datasource.get_em_quote_full
2026-08-03 09:36:37,169 | WARNING | PUSH2 used: stock_common.sc_datasource.get_em_quote_full
2026-08-03 09:36:38,169 | WARNING | PUSH2 used: stock_common.sc_datasource.get_em_quote_full
2026-08-03 09:36:39,169 | WARNING | PUSH2 used: stock_common.sc_datasource.get_em_quote_full
2026-08-03 09:36:40,170 | WARNING | PUSH2 used: stock_common.sc_datasource.get_em_quote_full
2026-08-03 09:36:41,170 | WARNING | PUSH2 used: stock_common.sc_datasource.get_em_quote_full
2026-08-03 09:36:42,169 | WARNING | PUSH2 used: stock_common.sc_datasource.get_em_quote_full
2026-08-03 09:36:43,018 | WARNING | PUSH2 used: stock_common.sc_datasource.get_em_quote_full
2026-08-03 09:36:44,408 | WARNING | PUSH2 used: stock_common.sc_datasource.get_em_quote_full
2026-08-03 09:36:45,419 | WARNING | PUSH2 used: stock_common.sc_datasource.get_em_quote_full
2026-08-03 09:36:46,416 | WARNING | PUSH2 used: stock_common.sc_datasource.get_em_quote_full
2026-08-03 09:36:47,451 | WARNING | PUSH2 used: stock_common.sc_datasource.get_em_quote_full
2026-08-03 09:36:48,436 | WARNING | PUSH2 used: stock_common.sc_datasource.get_em_quote_full
2026-08-03 09:36:49,423 | WARNING | PUSH2 used: stock_common.sc_datasource.get_em_quote_full
2026-08-03 09:36:50,442 | WARNING | PUSH2 used: stock_common.sc_datasource.get_em_quote_full
2026-08-03 09:36:51,404 | WARNING | PUSH2 used: stock_common.sc_datasource.get_em_quote_full
2026-08-03 09:36:52,404 | WARNING | PUSH2 used: stock_common.sc_datasource.get_em_quote_full
2026-08-03 09:36:53,392 | WARNING | PUSH2 used: stock_common.sc_datasource.get_em_quote_full
2026-08-03 09:36:54,408 | WARNING | PUSH2 used: stock_common.sc_datasource.get_em_quote_full
2026-08-03 09:36:55,395 | WARNING | PUSH2 used: stock_common.sc_datasource.get_em_quote_full
2026-08-03 09:36:56,412 | WARNING | PUSH2 used: stock_common.sc_datasource.get_em_quote_full
2026-08-03 09:36:57,444 | WARNING | PUSH2 used: stock_common.sc_datasource.get_em_quote_full
2026-08-03 09:36:58,429 | WARNING | PUSH2 used: stock_common.sc_datasource.get_em_quote_full
2026-08-03 09:36:59,392 | WARNING | PUSH2 used: stock_common.sc_datasource.get_em_quote_full
2026-08-03 09:37:00,436 | WARNING | PUSH2 used: stock_common.sc_datasource.get_em_quote_full
2026-08-03 09:37:01,415 | WARNING | PUSH2 used: stock_common.sc_datasource.get_em_quote_full
2026-08-03 09:37:02,403 | WARNING | PUSH2 used: stock_common.sc_datasource.get_em_quote_full
2026-08-03 09:37:03,406 | WARNING | PUSH2 used: stock_common.sc_datasource.get_em_quote_full
2026-08-03 09:37:04,428 | WARNING | PUSH2 used: stock_common.sc_datasource.get_em_quote_full
2026-08-03 09:37:05,425 | WARNING | PUSH2 used: stock_common.sc_datasource.get_em_quote_full
2026-08-03 09:37:06,432 | WARNING | PUSH2 used: stock_common.sc_datasource.get_em_quote_full
2026-08-03 09:37:07,430 | WARNING | PUSH2 used: stock_common.sc_datasource.get_em_quote_full
2026-08-03 09:37:08,410 | WARNING | PUSH2 used: stock_common.sc_datasource.get_em_quote_full
2026-08-03 09:37:09,431 | WARNING | PUSH2 used: stock_common.sc_datasource.get_em_quote_full
2026-08-03 09:37:10,415 | WARNING | PUSH2 used: stock_common.sc_datasource.get_em_quote_full
2026-08-03 09:37:11,426 | WARNING | PUSH2 used: stock_common.sc_datasource.get_em_quote_full
2026-08-03 09:37:12,436 | WARNING | PUSH2 used: stock_common.sc_datasource.get_em_quote_full
2026-08-03 09:37:13,580 | WARNING | PUSH2 used: stock_common.sc_datasource.get_em_quote_full
2026-08-03 09:37:14,001 | WARNING | PUSH2 used: stock_common.sc_datasource.get_em_quote_full
2026-08-03 09:37:15,420 | WARNING | PUSH2 used: stock_common.sc_datasource.get_em_quote_full
2026-08-03 09:37:16,442 | WARNING | PUSH2 used: stock_common.sc_datasource.get_em_quote_full
2026-08-03 09:37:17,449 | WARNING | PUSH2 used: stock_common.sc_datasource.get_em_quote_full
2026-08-03 09:37:18,567 | WARNING | PUSH2 used: stock_common.sc_datasource.get_em_quote_full
2026-08-03 09:37:19,068 | WARNING | PUSH2 used: stock_common.sc_datasource.get_em_quote_full
2026-08-03 09:37:20,582 | WARNING | PUSH2 used: stock_common.sc_datasource.get_em_quote_full
2026-08-03 09:37:21,170 | WARNING | PUSH2 used: stock_common.sc_datasource.get_em_quote_full
2026-08-03 09:37:22,168 | WARNING | PUSH2 used: stock_common.sc_datasource.get_em_quote_full
2026-08-03 09:37:23,181 | WARNING | PUSH2 used: stock_common.sc_datasource.get_em_quote_full
2026-08-03 09:37:24,173 | WARNING | PUSH2 used: stock_common.sc_datasource.get_em_quote_full
2026-08-03 09:37:25,170 | WARNING | PUSH2 used: stock_common.sc_datasource.get_em_quote_full
2026-08-03 09:37:26,171 | WARNING | PUSH2 used: stock_common.sc_datasource.get_em_quote_full
2026-08-03 09:37:27,171 | WARNING | PUSH2 used: stock_common.sc_datasource.get_em_quote_full
2026-08-03 09:37:28,170 | WARNING | PUSH2 used: stock_common.sc_datasource.get_em_quote_full
2026-08-03 09:37:29,169 | WARNING | PUSH2 used: stock_common.sc_datasource.get_em_quote_full
2026-08-03 09:37:30,177 | WARNING | PUSH2 used: stock_common.sc_datasource.get_em_quote_full
2026-08-03 09:37:31,172 | WARNING | PUSH2 used: stock_common.sc_datasource.get_em_quote_full
2026-08-03 09:37:32,169 | WARNING | PUSH2 used: stock_common.sc_datasource.get_em_quote_full
2026-08-03 09:37:32,998 | WARNING | PUSH2 used: stock_common.sc_datasource.get_em_quote_full
2026-08-03 09:37:34,418 | WARNING | PUSH2 used: stock_common.sc_datasource.get_em_quote_full
2026-08-03 09:37:35,428 | WARNING | PUSH2 used: stock_common.sc_datasource.get_em_quote_full
2026-08-03 09:37:36,415 | WARNING | PUSH2 used: stock_common.sc_datasource.get_em_quote_full
2026-08-03 09:37:37,438 | WARNING | PUSH2 used: stock_common.sc_datasource.get_em_quote_full
2026-08-03 09:37:38,412 | WARNING | PUSH2 used: stock_common.sc_datasource.get_em_quote_full
2026-08-03 09:37:39,422 | WARNING | PUSH2 used: stock_common.sc_datasource.get_em_quote_full
2026-08-03 09:37:40,627 | WARNING | PUSH2 used: stock_common.sc_datasource.get_em_quote_full
2026-08-03 09:37:41,187 | WARNING | PUSH2 used: stock_common.sc_datasource.get_em_quote_full
2026-08-03 09:37:42,172 | WARNING | PUSH2 used: stock_common.sc_datasource.get_em_quote_full
2026-08-03 09:37:43,009 | WARNING | PUSH2 used: stock_common.sc_datasource.get_em_quote_full
2026-08-03 09:37:44,400 | WARNING | PUSH2 used: stock_common.sc_datasource.get_em_quote_full
2026-08-03 09:37:45,421 | WARNING | PUSH2 used: stock_common.sc_datasource.get_em_quote_full
2026-08-03 09:37:46,416 | WARNING | PUSH2 used: stock_common.sc_datasource.get_em_quote_full
2026-08-03 09:37:47,469 | WARNING | PUSH2 used: stock_common.sc_datasource.get_em_quote_full
2026-08-03 09:37:48,406 | WARNING | PUSH2 used: stock_common.sc_datasource.get_em_quote_full
2026-08-03 09:37:49,395 | WARNING | PUSH2 used: stock_common.sc_datasource.get_em_quote_full
2026-08-03 09:37:50,405 | WARNING | PUSH2 used: stock_common.sc_datasource.get_em_quote_full
2026-08-03 09:37:51,431 | WARNING | PUSH2 used: stock_common.sc_datasource.get_em_quote_full
2026-08-03 09:37:52,434 | WARNING | PUSH2 used: stock_common.sc_datasource.get_em_quote_full
2026-08-03 09:37:53,415 | WARNING | PUSH2 used: stock_common.sc_datasource.get_em_quote_full
2026-08-03 09:37:54,414 | WARNING | PUSH2 used: stock_common.sc_datasource.get_em_quote_full
2026-08-03 09:37:55,435 | WARNING | PUSH2 used: stock_common.sc_datasource.get_em_quote_full
2026-08-03 09:37:56,403 | WARNING | PUSH2 used: stock_common.sc_datasource.get_em_quote_full
2026-08-03 09:37:57,425 | WARNING | PUSH2 used: stock_common.sc_datasource.get_em_quote_full
2026-08-03 09:37:58,419 | WARNING | PUSH2 used: stock_common.sc_datasource.get_em_quote_full
2026-08-03 09:37:59,421 | WARNING | PUSH2 used: stock_common.sc_datasource.get_em_quote_full
2026-08-03 09:38:00,444 | WARNING | PUSH2 used: stock_common.sc_datasource.get_em_quote_full
2026-08-03 09:38:01,416 | WARNING | PUSH2 used: stock_common.sc_datasource.get_em_quote_full
2026-08-03 09:38:02,458 | WARNING | PUSH2 used: stock_common.sc_datasource.get_em_quote_full
2026-08-03 09:38:03,605 | WARNING | PUSH2 used: stock_common.sc_datasource.get_em_quote_full
2026-08-03 09:38:04,171 | WARNING | PUSH2 used: stock_common.sc_datasource.get_em_quote_full
2026-08-03 09:38:05,005 | WARNING | PUSH2 used: stock_common.sc_datasource.get_em_quote_full
2026-08-03 09:38:06,366 | WARNING | PUSH2 used: stock_common.sc_datasource.get_em_quote_full
2026-08-03 09:38:07,339 | WARNING | PUSH2 used: stock_common.sc_datasource.get_em_quote_full
2026-08-03 09:38:08,509 | WARNING | PUSH2 used: stock_common.sc_datasource.get_em_quote_full
2026-08-03 09:38:09,395 | WARNING | PUSH2 used: stock_common.sc_datasource.get_em_quote_full
2026-08-03 09:38:10,571 | WARNING | PUSH2 used: stock_common.sc_datasource.get_em_quote_full
2026-08-03 09:38:11,234 | WARNING | PUSH2 used: stock_common.sc_datasource.get_em_quote_full
2026-08-03 09:38:12,160 | WARNING | PUSH2 used: stock_common.sc_datasource.get_em_quote_full
2026-08-03 09:38:13,158 | WARNING | PUSH2 used: stock_common.sc_datasource.get_em_quote_full
2026-08-03 09:38:14,153 | WARNING | PUSH2 used: stock_common.sc_datasource.get_em_quote_full
2026-08-03 09:38:15,154 | WARNING | PUSH2 used: stock_common.sc_datasource.get_em_quote_full
2026-08-03 09:38:16,175 | WARNING | PUSH2 used: stock_common.sc_datasource.get_em_quote_full
2026-08-03 09:38:17,154 | WARNING | PUSH2 used: stock_common.sc_datasource.get_em_quote_full
2026-08-03 09:38:18,156 | WARNING | PUSH2 used: stock_common.sc_datasource.get_em_quote_full
2026-08-03 09:38:19,156 | WARNING | PUSH2 used: stock_common.sc_datasource.get_em_quote_full
2026-08-03 09:38:20,154 | WARNING | PUSH2 used: stock_common.sc_datasource.get_em_quote_full
2026-08-03 09:38:21,155 | WARNING | PUSH2 used: stock_common.sc_datasource.get_em_quote_full
2026-08-03 09:38:22,154 | WARNING | PUSH2 used: stock_common.sc_datasource.get_em_quote_full
2026-08-03 09:38:23,125 | WARNING | PUSH2 used: stock_common.sc_datasource.get_em_quote_full
2026-08-03 09:38:24,338 | WARNING | PUSH2 used: stock_common.sc_datasource.get_em_quote_full
2026-08-03 09:38:25,306 | WARNING | PUSH2 used: stock_common.sc_datasource.get_em_quote_full
2026-08-03 09:38:26,283 | WARNING | PUSH2 used: stock_common.sc_datasource.get_em_quote_full
2026-08-03 09:38:27,299 | WARNING | PUSH2 used: stock_common.sc_datasource.get_em_quote_full
2026-08-03 09:38:28,317 | WARNING | PUSH2 used: stock_common.sc_datasource.get_em_quote_full
2026-08-03 09:38:29,398 | WARNING | PUSH2 used: stock_common.sc_datasource.get_em_quote_full
2026-08-03 09:38:30,379 | WARNING | PUSH2 used: stock_common.sc_datasource.get_em_quote_full
2026-08-03 09:38:31,390 | WARNING | PUSH2 used: stock_common.sc_datasource.get_em_quote_full
2026-08-03 09:38:32,362 | WARNING | PUSH2 used: stock_common.sc_datasource.get_em_quote_full
2026-08-03 09:38:33,407 | WARNING | PUSH2 used: stock_common.sc_datasource.get_em_quote_full
2026-08-03 09:38:34,362 | WARNING | PUSH2 used: stock_common.sc_datasource.get_em_quote_full
2026-08-03 09:38:35,393 | WARNING | PUSH2 used: stock_common.sc_datasource.get_em_quote_full
2026-08-03 09:38:36,382 | WARNING | PUSH2 used: stock_common.sc_datasource.get_em_quote_full
2026-08-03 09:38:37,394 | WARNING | PUSH2 used: stock_common.sc_datasource.get_em_quote_full
2026-08-03 09:38:38,374 | WARNING | PUSH2 used: stock_common.sc_datasource.get_em_quote_full
2026-08-03 09:38:39,396 | WARNING | PUSH2 used: stock_common.sc_datasource.get_em_quote_full
2026-08-03 09:38:40,392 | WARNING | PUSH2 used: stock_common.sc_datasource.get_em_quote_full
2026-08-03 09:38:41,393 | WARNING | PUSH2 used: stock_common.sc_datasource.get_em_quote_full
2026-08-03 09:38:42,373 | WARNING | PUSH2 used: stock_common.sc_datasource.get_em_quote_full
2026-08-03 09:38:43,386 | WARNING | PUSH2 used: stock_common.sc_datasource.get_em_quote_full
2026-08-03 09:38:44,404 | WARNING | PUSH2 used: stock_common.sc_datasource.get_em_quote_full
2026-08-03 09:38:45,374 | WARNING | PUSH2 used: stock_common.sc_datasource.get_em_quote_full
2026-08-03 09:38:46,388 | WARNING | PUSH2 used: stock_common.sc_datasource.get_em_quote_full
2026-08-03 09:38:47,569 | WARNING | PUSH2 used: stock_common.sc_datasource.get_em_quote_full
2026-08-03 09:38:48,081 | WARNING | PUSH2 used: stock_common.sc_datasource.get_em_quote_full
2026-08-03 09:38:49,551 | WARNING | PUSH2 used: stock_common.sc_datasource.get_em_quote_full
2026-08-03 09:38:50,019 | WARNING | PUSH2 used: stock_common.sc_datasource.get_em_quote_full
2026-08-03 09:38:51,380 | WARNING | PUSH2 used: stock_common.sc_datasource.get_em_quote_full
2026-08-03 09:38:52,560 | WARNING | PUSH2 used: stock_common.sc_datasource.get_em_quote_full
2026-08-03 09:38:53,176 | WARNING | PUSH2 used: stock_common.sc_datasource.get_em_quote_full
2026-08-03 09:38:54,177 | WARNING | PUSH2 used: stock_common.sc_datasource.get_em_quote_full
2026-08-03 09:38:55,177 | WARNING | PUSH2 used: stock_common.sc_datasource.get_em_quote_full
2026-08-03 09:38:56,178 | WARNING | PUSH2 used: stock_common.sc_datasource.get_em_quote_full
2026-08-03 09:38:57,176 | WARNING | PUSH2 used: stock_common.sc_datasource.get_em_quote_full
2026-08-03 09:38:58,005 | WARNING | PUSH2 used: stock_common.sc_datasource.get_em_quote_full
2026-08-03 09:38:59,557 | WARNING | PUSH2 used: stock_common.sc_datasource.get_em_quote_full
2026-08-03 09:39:00,181 | WARNING | PUSH2 used: stock_common.sc_datasource.get_em_quote_full
2026-08-03 09:39:01,181 | WARNING | PUSH2 used: stock_common.sc_datasource.get_em_quote_full
2026-08-03 09:39:02,176 | WARNING | PUSH2 used: stock_common.sc_datasource.get_em_quote_full
2026-08-03 09:39:03,177 | WARNING | PUSH2 used: stock_common.sc_datasource.get_em_quote_full
2026-08-03 09:39:04,180 | WARNING | PUSH2 used: stock_common.sc_datasource.get_em_quote_full
2026-08-03 09:39:05,177 | WARNING | PUSH2 used: stock_common.sc_datasource.get_em_quote_full
2026-08-03 09:39:06,176 | WARNING | PUSH2 used: stock_common.sc_datasource.get_em_quote_full
2026-08-03 09:39:07,176 | WARNING | PUSH2 used: stock_common.sc_datasource.get_em_quote_full
2026-08-03 09:39:08,129 | WARNING | PUSH2 used: stock_common.sc_datasource.get_em_quote_full
2026-08-03 09:39:09,389 | WARNING | PUSH2 used: stock_common.sc_datasource.get_em_quote_full
2026-08-03 09:39:10,415 | WARNING | PUSH2 used: stock_common.sc_datasource.get_em_quote_full
2026-08-03 09:39:11,423 | WARNING | PUSH2 used: stock_common.sc_datasource.get_em_quote_full
2026-08-03 09:39:12,406 | WARNING | PUSH2 used: stock_common.sc_datasource.get_em_quote_full
2026-08-03 09:39:13,433 | WARNING | PUSH2 used: stock_common.sc_datasource.get_em_quote_full
2026-08-03 09:39:14,413 | WARNING | PUSH2 used: stock_common.sc_datasource.get_em_quote_full
2026-08-03 09:39:15,403 | WARNING | PUSH2 used: stock_common.sc_datasource.get_em_quote_full
2026-08-03 09:39:16,406 | WARNING | PUSH2 used: stock_common.sc_datasource.get_em_quote_full
2026-08-03 09:39:17,407 | WARNING | PUSH2 used: stock_common.sc_datasource.get_em_quote_full
2026-08-03 09:39:18,434 | WARNING | PUSH2 used: stock_common.sc_datasource.get_em_quote_full
2026-08-03 09:39:19,412 | WARNING | PUSH2 used: stock_common.sc_datasource.get_em_quote_full
2026-08-03 09:39:20,462 | WARNING | PUSH2 used: stock_common.sc_datasource.get_em_quote_full
2026-08-03 09:39:21,397 | WARNING | PUSH2 used: stock_common.sc_datasource.get_em_quote_full
2026-08-03 09:39:22,390 | WARNING | PUSH2 used: stock_common.sc_datasource.get_em_quote_full
2026-08-03 09:39:23,391 | WARNING | PUSH2 used: stock_common.sc_datasource.get_em_quote_full
2026-08-03 09:39:24,394 | WARNING | PUSH2 used: stock_common.sc_datasource.get_em_quote_full
2026-08-03 09:39:25,378 | WARNING | PUSH2 used: stock_common.sc_datasource.get_em_quote_full
2026-08-03 09:39:26,386 | WARNING | PUSH2 used: stock_common.sc_datasource.get_em_quote_full
2026-08-03 09:39:27,380 | WARNING | PUSH2 used: stock_common.sc_datasource.get_em_quote_full
2026-08-03 09:39:28,438 | WARNING | PUSH2 used: stock_common.sc_datasource.get_em_quote_full
2026-08-03 09:39:29,409 | WARNING | PUSH2 used: stock_common.sc_datasource.get_em_quote_full
2026-08-03 09:39:30,419 | WARNING | PUSH2 used: stock_common.sc_datasource.get_em_quote_full
2026-08-03 09:50:59,142 | WARNING | PUSH2 used: stock_common.sc_datasource.get_em_fund_flow
2026-08-03 09:51:00,167 | WARNING | PUSH2 used: stock_common.sc_datasource.get_em_fund_flow
2026-08-03 09:51:00,926 | WARNING | PUSH2 used: stock_common.sc_datasource.get_em_fund_flow
2026-08-03 09:51:01,945 | WARNING | PUSH2 used: stock_common.sc_datasource.get_em_fund_flow
2026-08-03 09:51:03,064 | WARNING | PUSH2 used: stock_common.sc_datasource.get_em_fund_flow
2026-08-03 09:51:03,650 | WARNING | PUSH2 used: stock_common.sc_datasource.get_em_fund_flow
2026-08-03 09:51:04,797 | WARNING | PUSH2 used: stock_common.sc_datasource.get_em_fund_flow
2026-08-03 09:51:05,565 | WARNING | PUSH2 used: stock_common.sc_datasource.get_em_fund_flow
2026-08-03 09:51:06,230 | WARNING | PUSH2 used: stock_common.sc_datasource.get_em_fund_flow
2026-08-03 09:51:06,806 | WARNING | PUSH2 used: stock_common.sc_datasource.get_em_fund_flow
2026-08-03 09:51:07,930 | WARNING | PUSH2 used: stock_common.sc_datasource.get_em_fund_flow
2026-08-03 09:51:08,716 | WARNING | PUSH2 used: stock_common.sc_datasource.get_em_fund_flow
2026-08-03 09:51:09,498 | WARNING | PUSH2 used: stock_common.sc_datasource.get_em_fund_flow
2026-08-03 09:51:10,034 | WARNING | PUSH2 used: stock_common.sc_datasource.get_em_fund_flow
2026-08-03 09:51:10,938 | WARNING | PUSH2 used: stock_common.sc_datasource.get_em_fund_flow
2026-08-03 09:51:11,705 | WARNING | PUSH2 used: stock_common.sc_datasource.get_em_fund_flow
2026-08-03 09:51:12,921 | WARNING | PUSH2 used: stock_common.sc_datasource.get_em_fund_flow
2026-08-03 09:51:13,938 | WARNING | PUSH2 used: stock_common.sc_datasource.get_em_fund_flow
2026-08-03 09:51:14,963 | WARNING | PUSH2 used: stock_common.sc_datasource.get_em_fund_flow
2026-08-03 09:51:15,926 | WARNING | PUSH2 used: stock_common.sc_datasource.get_em_fund_flow
2026-08-03 09:51:16,931 | WARNING | PUSH2 used: stock_common.sc_datasource.get_em_fund_flow
2026-08-03 09:51:17,980 | WARNING | PUSH2 used: stock_common.sc_datasource.get_em_fund_flow
2026-08-03 09:51:18,692 | WARNING | PUSH2 used: stock_common.sc_datasource.get_em_fund_flow
2026-08-03 09:51:19,931 | WARNING | PUSH2 used: stock_common.sc_datasource.get_em_fund_flow
2026-08-03 09:51:20,802 | WARNING | PUSH2 used: stock_common.sc_datasource.get_em_fund_flow
2026-08-03 09:51:21,854 | WARNING | PUSH2 used: stock_common.sc_datasource.get_em_fund_flow
2026-08-03 09:51:23,077 | WARNING | PUSH2 used: stock_common.sc_datasource.get_em_fund_flow
2026-08-03 09:51:24,112 | WARNING | PUSH2 used: stock_common.sc_datasource.get_em_fund_flow
2026-08-03 09:51:24,854 | WARNING | PUSH2 used: stock_common.sc_datasource.get_em_fund_flow
2026-08-03 09:51:25,835 | WARNING | PUSH2 used: stock_common.sc_datasource.get_em_fund_flow
2026-08-03 09:51:27,097 | WARNING | PUSH2 used: stock_common.sc_datasource.get_em_fund_flow
2026-08-03 09:51:28,100 | WARNING | PUSH2 used: stock_common.sc_datasource.get_em_fund_flow
2026-08-03 09:51:29,012 | WARNING | PUSH2 used: stock_common.sc_datasource.get_em_fund_flow
2026-08-03 09:51:30,092 | WARNING | PUSH2 used: stock_common.sc_datasource.get_em_fund_flow
2026-08-03 09:51:31,087 | WARNING | PUSH2 used: stock_common.sc_datasource.get_em_fund_flow
2026-08-03 09:51:31,874 | WARNING | PUSH2 used: stock_common.sc_datasource.get_em_fund_flow
2026-08-03 09:51:33,118 | WARNING | PUSH2 used: stock_common.sc_datasource.get_em_fund_flow
2026-08-03 09:51:33,890 | WARNING | PUSH2 used: stock_common.sc_datasource.get_em_fund_flow
2026-08-03 09:51:35,104 | WARNING | PUSH2 used: stock_common.sc_datasource.get_em_fund_flow
2026-08-03 09:51:36,131 | WARNING | PUSH2 used: stock_common.sc_datasource.get_em_fund_flow
2026-08-03 09:51:37,086 | WARNING | PUSH2 used: stock_common.sc_datasource.get_em_fund_flow
2026-08-03 09:51:38,131 | WARNING | PUSH2 used: stock_common.sc_datasource.get_em_fund_flow
2026-08-03 09:51:39,111 | WARNING | PUSH2 used: stock_common.sc_datasource.get_em_fund_flow
2026-08-03 09:51:40,084 | WARNING | PUSH2 used: stock_common.sc_datasource.get_em_fund_flow
2026-08-03 09:51:40,957 | WARNING | PUSH2 used: stock_common.sc_datasource.get_em_fund_flow
2026-08-03 09:51:42,155 | WARNING | PUSH2 used: stock_common.sc_datasource.get_em_fund_flow
2026-08-03 09:51:42,910 | WARNING | PUSH2 used: stock_common.sc_datasource.get_em_fund_flow
2026-08-03 09:51:44,344 | WARNING | PUSH2 used: stock_common.sc_datasource.get_em_fund_flow
2026-08-03 09:51:44,878 | WARNING | PUSH2 used: stock_common.sc_datasource.get_em_fund_flow
2026-08-03 09:51:45,576 | WARNING | PUSH2 used: stock_common.sc_datasource.get_em_fund_flow
2026-08-03 09:51:47,315 | WARNING | PUSH2 used: stock_common.sc_datasource.get_em_fund_flow
2026-08-03 09:51:47,891 | WARNING | PUSH2 used: stock_common.sc_datasource.get_em_fund_flow
2026-08-03 09:51:49,097 | WARNING | PUSH2 used: stock_common.sc_datasource.get_em_fund_flow
2026-08-03 09:51:49,954 | WARNING | PUSH2 used: stock_common.sc_datasource.get_em_fund_flow
2026-08-03 09:51:50,912 | WARNING | PUSH2 used: stock_common.sc_datasource.get_em_fund_flow
2026-08-03 09:51:51,704 | WARNING | PUSH2 used: stock_common.sc_datasource.get_em_fund_flow
2026-08-03 09:51:52,935 | WARNING | PUSH2 used: stock_common.sc_datasource.get_em_fund_flow
2026-08-03 09:51:53,935 | WARNING | PUSH2 used: stock_common.sc_datasource.get_em_fund_flow
2026-08-03 09:51:54,945 | WARNING | PUSH2 used: stock_common.sc_datasource.get_em_fund_flow
2026-08-03 09:51:55,924 | WARNING | PUSH2 used: stock_common.sc_datasource.get_em_fund_flow
2026-08-03 09:51:56,926 | WARNING | PUSH2 used: stock_common.sc_datasource.get_em_fund_flow
2026-08-03 09:51:57,716 | WARNING | PUSH2 used: stock_common.sc_datasource.get_em_fund_flow
2026-08-03 09:51:58,943 | WARNING | PUSH2 used: stock_common.sc_datasource.get_em_fund_flow
2026-08-03 09:51:59,921 | WARNING | PUSH2 used: stock_common.sc_datasource.get_em_fund_flow
2026-08-03 09:52:00,864 | WARNING | PUSH2 used: stock_common.sc_datasource.get_em_fund_flow
2026-08-03 09:52:01,699 | WARNING | PUSH2 used: stock_common.sc_datasource.get_em_fund_flow
2026-08-03 09:52:03,046 | WARNING | PUSH2 used: stock_common.sc_datasource.get_em_fund_flow
2026-08-03 09:52:03,986 | WARNING | PUSH2 used: stock_common.sc_datasource.get_em_fund_flow
2026-08-03 09:52:04,950 | WARNING | PUSH2 used: stock_common.sc_datasource.get_em_fund_flow
2026-08-03 09:52:05,856 | WARNING | PUSH2 used: stock_common.sc_datasource.get_em_fund_flow
2026-08-03 09:52:07,335 | WARNING | PUSH2 used: stock_common.sc_datasource.get_em_fund_flow
2026-08-03 09:52:07,972 | WARNING | PUSH2 used: stock_common.sc_datasource.get_em_fund_flow
2026-08-03 09:52:08,889 | WARNING | PUSH2 used: stock_common.sc_datasource.get_em_fund_flow
2026-08-03 09:52:10,100 | WARNING | PUSH2 used: stock_common.sc_datasource.get_em_fund_flow
2026-08-03 09:52:30,568 | WARNING | PUSH2 used: stock_common.sc_datasource.get_em_fund_flow
2026-08-03 09:52:31,486 | WARNING | PUSH2 used: stock_common.sc_datasource.get_em_fund_flow
2026-08-03 09:52:32,009 | WARNING | PUSH2 used: stock_common.sc_datasource.get_em_fund_flow
2026-08-03 09:52:32,829 | WARNING | PUSH2 used: stock_common.sc_datasource.get_em_fund_flow
2026-08-03 09:52:33,361 | WARNING | PUSH2 used: stock_common.sc_datasource.get_em_fund_flow
2026-08-03 09:52:33,896 | WARNING | PUSH2 used: stock_common.sc_datasource.get_em_fund_flow
2026-08-03 09:52:34,428 | WARNING | PUSH2 used: stock_common.sc_datasource.get_em_fund_flow
2026-08-03 09:52:35,101 | WARNING | PUSH2 used: stock_common.sc_datasource.get_em_fund_flow
2026-08-03 09:52:36,389 | WARNING | PUSH2 used: stock_common.sc_datasource.get_em_fund_flow
2026-08-03 09:52:37,103 | WARNING | PUSH2 used: stock_common.sc_datasource.get_em_fund_flow
2026-08-03 09:52:38,103 | WARNING | PUSH2 used: stock_common.sc_datasource.get_em_fund_flow
2026-08-03 09:52:39,087 | WARNING | PUSH2 used: stock_common.sc_datasource.get_em_fund_flow
2026-08-03 09:52:40,102 | WARNING | PUSH2 used: stock_common.sc_datasource.get_em_fund_flow
2026-08-03 09:52:41,105 | WARNING | PUSH2 used: stock_common.sc_datasource.get_em_fund_flow
2026-08-03 09:52:42,104 | WARNING | PUSH2 used: stock_common.sc_datasource.get_em_fund_flow
2026-08-03 09:52:43,079 | WARNING | PUSH2 used: stock_common.sc_datasource.get_em_fund_flow
2026-08-03 09:52:44,584 | WARNING | PUSH2 used: stock_common.sc_datasource.get_em_fund_flow
2026-08-03 09:52:45,334 | WARNING | PUSH2 used: stock_common.sc_datasource.get_em_fund_flow
2026-08-03 09:52:46,121 | WARNING | PUSH2 used: stock_common.sc_datasource.get_em_fund_flow
2026-08-03 09:52:47,118 | WARNING | PUSH2 used: stock_common.sc_datasource.get_em_fund_flow
2026-08-03 09:52:48,119 | WARNING | PUSH2 used: stock_common.sc_datasource.get_em_fund_flow
2026-08-03 09:52:49,119 | WARNING | PUSH2 used: stock_common.sc_datasource.get_em_fund_flow
2026-08-03 09:52:50,122 | WARNING | PUSH2 used: stock_common.sc_datasource.get_em_fund_flow
2026-08-03 09:52:50,976 | WARNING | PUSH2 used: stock_common.sc_datasource.get_em_fund_flow
2026-08-03 09:52:52,341 | WARNING | PUSH2 used: stock_common.sc_datasource.get_em_fund_flow
2026-08-03 09:52:53,370 | WARNING | PUSH2 used: stock_common.sc_datasource.get_em_fund_flow
2026-08-03 09:52:54,364 | WARNING | PUSH2 used: stock_common.sc_datasource.get_em_fund_flow
2026-08-03 09:52:55,657 | WARNING | PUSH2 used: stock_common.sc_datasource.get_em_fund_flow
2026-08-03 09:52:56,395 | WARNING | PUSH2 used: stock_common.sc_datasource.get_em_fund_flow
2026-08-03 09:52:57,264 | WARNING | PUSH2 used: stock_common.sc_datasource.get_em_fund_flow
2026-08-03 09:52:58,271 | WARNING | PUSH2 used: stock_common.sc_datasource.get_em_fund_flow
2026-08-03 09:52:59,266 | WARNING | PUSH2 used: stock_common.sc_datasource.get_em_fund_flow
2026-08-03 09:53:00,719 | WARNING | PUSH2 used: stock_common.sc_datasource.get_em_fund_flow
2026-08-03 09:53:01,415 | WARNING | PUSH2 used: stock_common.sc_datasource.get_em_fund_flow
2026-08-03 09:53:02,247 | WARNING | PUSH2 used: stock_common.sc_datasource.get_em_fund_flow
2026-08-03 09:53:03,288 | WARNING | PUSH2 used: stock_common.sc_datasource.get_em_fund_flow
2026-08-03 09:53:04,284 | WARNING | PUSH2 used: stock_common.sc_datasource.get_em_fund_flow
2026-08-03 09:53:05,298 | WARNING | PUSH2 used: stock_common.sc_datasource.get_em_fund_flow
2026-08-03 09:53:06,294 | WARNING | PUSH2 used: stock_common.sc_datasource.get_em_fund_flow
2026-08-03 09:53:07,261 | WARNING | PUSH2 used: stock_common.sc_datasource.get_em_fund_flow
2026-08-03 09:53:08,259 | WARNING | PUSH2 used: stock_common.sc_datasource.get_em_fund_flow
2026-08-03 09:53:09,262 | WARNING | PUSH2 used: stock_common.sc_datasource.get_em_fund_flow
2026-08-03 09:53:10,291 | WARNING | PUSH2 used: stock_common.sc_datasource.get_em_fund_flow
2026-08-03 09:53:11,459 | WARNING | PUSH2 used: stock_common.sc_datasource.get_em_fund_flow
2026-08-03 09:53:12,468 | WARNING | PUSH2 used: stock_common.sc_datasource.get_em_fund_flow
2026-08-03 09:53:13,095 | WARNING | PUSH2 used: stock_common.sc_datasource.get_em_fund_flow
2026-08-03 09:53:14,050 | WARNING | PUSH2 used: stock_common.sc_datasource.get_em_fund_flow
2026-08-03 09:53:15,421 | WARNING | PUSH2 used: stock_common.sc_datasource.get_em_fund_flow
2026-08-03 09:53:16,089 | WARNING | PUSH2 used: stock_common.sc_datasource.get_em_fund_flow
2026-08-03 09:53:17,094 | WARNING | PUSH2 used: stock_common.sc_datasource.get_em_fund_flow
2026-08-03 09:53:18,080 | WARNING | PUSH2 used: stock_common.sc_datasource.get_em_fund_flow
2026-08-03 09:53:19,096 | WARNING | PUSH2 used: stock_common.sc_datasource.get_em_fund_flow
2026-08-03 09:53:20,091 | WARNING | PUSH2 used: stock_common.sc_datasource.get_em_fund_flow
2026-08-03 09:53:21,092 | WARNING | PUSH2 used: stock_common.sc_datasource.get_em_fund_flow
2026-08-03 09:53:22,078 | WARNING | PUSH2 used: stock_common.sc_datasource.get_em_fund_flow
2026-08-03 09:53:23,086 | WARNING | PUSH2 used: stock_common.sc_datasource.get_em_fund_flow
2026-08-03 09:53:24,086 | WARNING | PUSH2 used: stock_common.sc_datasource.get_em_fund_flow
2026-08-03 09:53:25,086 | WARNING | PUSH2 used: stock_common.sc_datasource.get_em_fund_flow
2026-08-03 09:53:26,085 | WARNING | PUSH2 used: stock_common.sc_datasource.get_em_fund_flow
2026-08-03 09:53:27,086 | WARNING | PUSH2 used: stock_common.sc_datasource.get_em_fund_flow
2026-08-03 09:53:28,070 | WARNING | PUSH2 used: stock_common.sc_datasource.get_em_fund_flow
2026-08-03 09:53:29,074 | WARNING | PUSH2 used: stock_common.sc_datasource.get_em_fund_flow
2026-08-03 09:53:30,096 | WARNING | PUSH2 used: stock_common.sc_datasource.get_em_fund_flow
2026-08-03 09:53:31,089 | WARNING | PUSH2 used: stock_common.sc_datasource.get_em_fund_flow
2026-08-03 09:53:32,091 | WARNING | PUSH2 used: stock_common.sc_datasource.get_em_fund_flow
2026-08-03 09:53:33,089 | WARNING | PUSH2 used: stock_common.sc_datasource.get_em_fund_flow
2026-08-03 09:53:34,080 | WARNING | PUSH2 used: stock_common.sc_datasource.get_em_fund_flow
2026-08-03 09:53:35,414 | WARNING | PUSH2 used: stock_common.sc_datasource.get_em_fund_flow
2026-08-03 09:53:36,272 | WARNING | PUSH2 used: stock_common.sc_datasource.get_em_fund_flow
2026-08-03 09:53:37,294 | WARNING | PUSH2 used: stock_common.sc_datasource.get_em_fund_flow
2026-08-03 09:53:38,259 | WARNING | PUSH2 used: stock_common.sc_datasource.get_em_fund_flow
2026-08-03 09:53:39,263 | WARNING | PUSH2 used: stock_common.sc_datasource.get_em_fund_flow
2026-08-03 09:53:40,260 | WARNING | PUSH2 used: stock_common.sc_datasource.get_em_fund_flow
2026-08-03 09:53:41,302 | WARNING | PUSH2 used: stock_common.sc_datasource.get_em_fund_flow
2026-08-03 09:53:42,250 | WARNING | PUSH2 used: stock_common.sc_datasource.get_em_fund_flow
2026-08-03 09:53:43,256 | WARNING | PUSH2 used: stock_common.sc_datasource.get_em_fund_flow
2026-08-03 09:53:44,471 | WARNING | PUSH2 used: stock_common.sc_datasource.get_em_fund_flow
2026-08-03 09:53:45,096 | WARNING | PUSH2 used: stock_common.sc_datasource.get_em_fund_flow
2026-08-03 09:53:46,093 | WARNING | PUSH2 used: stock_common.sc_datasource.get_em_fund_flow
2026-08-03 09:53:46,980 | WARNING | PUSH2 used: stock_common.sc_datasource.get_em_fund_flow
2026-08-03 09:53:48,274 | WARNING | PUSH2 used: stock_common.sc_datasource.get_em_fund_flow
2026-08-03 09:53:49,294 | WARNING | PUSH2 used: stock_common.sc_datasource.get_em_fund_flow
2026-08-03 09:53:50,266 | WARNING | PUSH2 used: stock_common.sc_datasource.get_em_fund_flow
2026-08-03 09:53:51,258 | WARNING | PUSH2 used: stock_common.sc_datasource.get_em_fund_flow
2026-08-03 09:53:52,253 | WARNING | PUSH2 used: stock_common.sc_datasource.get_em_fund_flow
2026-08-03 09:53:53,270 | WARNING | PUSH2 used: stock_common.sc_datasource.get_em_fund_flow
2026-08-03 09:53:54,246 | WARNING | PUSH2 used: stock_common.sc_datasource.get_em_fund_flow
2026-08-03 09:53:55,275 | WARNING | PUSH2 used: stock_common.sc_datasource.get_em_fund_flow
2026-08-03 09:53:56,467 | WARNING | PUSH2 used: stock_common.sc_datasource.get_em_fund_flow
2026-08-03 09:53:56,908 | WARNING | PUSH2 used: stock_common.sc_datasource.get_em_fund_flow
2026-08-03 09:53:58,466 | WARNING | PUSH2 used: stock_common.sc_datasource.get_em_fund_flow
2026-08-03 09:53:59,095 | WARNING | PUSH2 used: stock_common.sc_datasource.get_em_fund_flow
2026-08-03 09:54:00,092 | WARNING | PUSH2 used: stock_common.sc_datasource.get_em_fund_flow
2026-08-03 09:54:00,977 | WARNING | PUSH2 used: stock_common.sc_datasource.get_em_fund_flow
2026-08-03 09:54:02,447 | WARNING | PUSH2 used: stock_common.sc_datasource.get_em_fund_flow
2026-08-03 09:54:03,094 | WARNING | PUSH2 used: stock_common.sc_datasource.get_em_fund_flow
2026-08-03 09:54:04,106 | WARNING | PUSH2 used: stock_common.sc_datasource.get_em_fund_flow
2026-08-03 09:54:05,102 | WARNING | PUSH2 used: stock_common.sc_datasource.get_em_fund_flow
2026-08-03 09:54:06,081 | WARNING | PUSH2 used: stock_common.sc_datasource.get_em_fund_flow
2026-08-03 09:54:07,090 | WARNING | PUSH2 used: stock_common.sc_datasource.get_em_fund_flow
2026-08-03 09:54:08,095 | WARNING | PUSH2 used: stock_common.sc_datasource.get_em_fund_flow
2026-08-03 09:54:09,079 | WARNING | PUSH2 used: stock_common.sc_datasource.get_em_fund_flow
2026-08-03 09:54:10,095 | WARNING | PUSH2 used: stock_common.sc_datasource.get_em_fund_flow
2026-08-03 09:54:11,095 | WARNING | PUSH2 used: stock_common.sc_datasource.get_em_fund_flow
2026-08-03 09:54:12,094 | WARNING | PUSH2 used: stock_common.sc_datasource.get_em_fund_flow
2026-08-03 09:54:13,097 | WARNING | PUSH2 used: stock_common.sc_datasource.get_em_fund_flow
2026-08-03 09:54:14,088 | WARNING | PUSH2 used: stock_common.sc_datasource.get_em_fund_flow
2026-08-03 09:54:15,101 | WARNING | PUSH2 used: stock_common.sc_datasource.get_em_fund_flow
2026-08-03 09:54:16,107 | WARNING | PUSH2 used: stock_common.sc_datasource.get_em_fund_flow
2026-08-03 09:54:17,100 | WARNING | PUSH2 used: stock_common.sc_datasource.get_em_fund_flow
2026-08-03 09:54:18,095 | WARNING | PUSH2 used: stock_common.sc_datasource.get_em_fund_flow
2026-08-03 09:54:19,023 | WARNING | PUSH2 used: stock_common.sc_datasource.get_em_fund_flow
2026-08-03 09:54:20,481 | WARNING | PUSH2 used: stock_common.sc_datasource.get_em_fund_flow
2026-08-03 09:54:21,103 | WARNING | PUSH2 used: stock_common.sc_datasource.get_em_fund_flow
2026-08-03 09:54:21,945 | WARNING | PUSH2 used: stock_common.sc_datasource.get_em_fund_flow
2026-08-03 09:54:23,373 | WARNING | PUSH2 used: stock_common.sc_datasource.get_em_fund_flow
2026-08-03 09:54:24,260 | WARNING | PUSH2 used: stock_common.sc_datasource.get_em_fund_flow
2026-08-03 09:54:25,606 | WARNING | PUSH2 used: stock_common.sc_datasource.get_em_fund_flow
2026-08-03 09:54:26,305 | WARNING | PUSH2 used: stock_common.sc_datasource.get_em_fund_flow
2026-08-03 09:54:27,274 | WARNING | PUSH2 used: stock_common.sc_datasource.get_em_fund_flow
2026-08-03 09:54:28,260 | WARNING | PUSH2 used: stock_common.sc_datasource.get_em_fund_flow
2026-08-03 09:54:29,255 | WARNING | PUSH2 used: stock_common.sc_datasource.get_em_fund_flow
2026-08-03 09:54:30,197 | WARNING | PUSH2 used: stock_common.sc_datasource.get_em_board_list
2026-08-03 09:59:14,446 | WARNING | PUSH2 used: stock_common.sc_datasource.get_em_fund_flow
2026-08-03 09:59:14,977 | WARNING | PUSH2 used: stock_common.sc_datasource.get_em_fund_flow
2026-08-03 09:59:15,477 | WARNING | PUSH2 used: stock_common.sc_datasource.get_em_fund_flow
2026-08-03 09:59:15,995 | WARNING | PUSH2 used: stock_common.sc_datasource.get_em_fund_flow
2026-08-03 09:59:16,532 | WARNING | PUSH2 used: stock_common.sc_datasource.get_em_fund_flow
2026-08-03 09:59:17,071 | WARNING | PUSH2 used: stock_common.sc_datasource.get_em_fund_flow
2026-08-03 09:59:18,139 | WARNING | PUSH2 used: stock_common.sc_datasource.get_em_fund_flow
2026-08-03 09:59:19,133 | WARNING | PUSH2 used: stock_common.sc_datasource.get_em_fund_flow
2026-08-03 09:59:19,697 | WARNING | PUSH2 used: stock_common.sc_datasource.get_em_fund_flow
2026-08-03 09:59:20,592 | WARNING | PUSH2 used: stock_common.sc_datasource.get_em_fund_flow
2026-08-03 09:59:22,153 | WARNING | PUSH2 used: stock_common.sc_datasource.get_em_fund_flow
2026-08-03 09:59:22,700 | WARNING | PUSH2 used: stock_common.sc_datasource.get_em_fund_flow
2026-08-03 09:59:23,694 | WARNING | PUSH2 used: stock_common.sc_datasource.get_em_fund_flow
2026-08-03 09:59:24,643 | WARNING | PUSH2 used: stock_common.sc_datasource.get_em_fund_flow
2026-08-03 09:59:26,221 | WARNING | PUSH2 used: stock_common.sc_datasource.get_em_fund_flow
2026-08-03 09:59:26,708 | WARNING | PUSH2 used: stock_common.sc_datasource.get_em_fund_flow
2026-08-03 09:59:27,734 | WARNING | PUSH2 used: stock_common.sc_datasource.get_em_fund_flow
2026-08-03 09:59:28,689 | WARNING | PUSH2 used: stock_common.sc_datasource.get_em_fund_flow
2026-08-03 09:59:29,689 | WARNING | PUSH2 used: stock_common.sc_datasource.get_em_fund_flow
2026-08-03 09:59:30,690 | WARNING | PUSH2 used: stock_common.sc_datasource.get_em_fund_flow
2026-08-03 09:59:31,689 | WARNING | PUSH2 used: stock_common.sc_datasource.get_em_fund_flow
2026-08-03 09:59:32,688 | WARNING | PUSH2 used: stock_common.sc_datasource.get_em_fund_flow
2026-08-03 09:59:33,690 | WARNING | PUSH2 used: stock_common.sc_datasource.get_em_fund_flow
2026-08-03 09:59:34,689 | WARNING | PUSH2 used: stock_common.sc_datasource.get_em_fund_flow
2026-08-03 09:59:35,690 | WARNING | PUSH2 used: stock_common.sc_datasource.get_em_fund_flow
2026-08-03 09:59:36,690 | WARNING | PUSH2 used: stock_common.sc_datasource.get_em_fund_flow
2026-08-03 09:59:37,694 | WARNING | PUSH2 used: stock_common.sc_datasource.get_em_fund_flow
2026-08-03 09:59:38,689 | WARNING | PUSH2 used: stock_common.sc_datasource.get_em_fund_flow
2026-08-03 09:59:39,518 | WARNING | PUSH2 used: stock_common.sc_datasource.get_em_fund_flow
2026-08-03 09:59:40,983 | WARNING | PUSH2 used: stock_common.sc_datasource.get_em_fund_flow
2026-08-03 09:59:41,956 | WARNING | PUSH2 used: stock_common.sc_datasource.get_em_fund_flow
2026-08-03 09:59:42,972 | WARNING | PUSH2 used: stock_common.sc_datasource.get_em_fund_flow
2026-08-03 09:59:43,967 | WARNING | PUSH2 used: stock_common.sc_datasource.get_em_fund_flow
2026-08-03 09:59:44,976 | WARNING | PUSH2 used: stock_common.sc_datasource.get_em_fund_flow
2026-08-03 09:59:45,990 | WARNING | PUSH2 used: stock_common.sc_datasource.get_em_fund_flow
2026-08-03 09:59:46,951 | WARNING | PUSH2 used: stock_common.sc_datasource.get_em_fund_flow
2026-08-03 09:59:47,954 | WARNING | PUSH2 used: stock_common.sc_datasource.get_em_fund_flow
2026-08-03 09:59:48,950 | WARNING | PUSH2 used: stock_common.sc_datasource.get_em_fund_flow
2026-08-03 09:59:49,967 | WARNING | PUSH2 used: stock_common.sc_datasource.get_em_fund_flow
2026-08-03 09:59:50,979 | WARNING | PUSH2 used: stock_common.sc_datasource.get_em_fund_flow
2026-08-03 09:59:51,951 | WARNING | PUSH2 used: stock_common.sc_datasource.get_em_fund_flow
2026-08-03 09:59:52,960 | WARNING | PUSH2 used: stock_common.sc_datasource.get_em_fund_flow
2026-08-03 09:59:53,985 | WARNING | PUSH2 used: stock_common.sc_datasource.get_em_fund_flow
2026-08-03 09:59:54,973 | WARNING | PUSH2 used: stock_common.sc_datasource.get_em_fund_flow
2026-08-03 09:59:55,976 | WARNING | PUSH2 used: stock_common.sc_datasource.get_em_fund_flow
2026-08-03 09:59:56,991 | WARNING | PUSH2 used: stock_common.sc_datasource.get_em_fund_flow
2026-08-03 09:59:57,975 | WARNING | PUSH2 used: stock_common.sc_datasource.get_em_fund_flow
2026-08-03 09:59:58,971 | WARNING | PUSH2 used: stock_common.sc_datasource.get_em_fund_flow
2026-08-03 09:59:59,969 | WARNING | PUSH2 used: stock_common.sc_datasource.get_em_fund_flow
2026-08-03 10:00:00,963 | WARNING | PUSH2 used: stock_common.sc_datasource.get_em_fund_flow
2026-08-03 10:00:01,999 | WARNING | PUSH2 used: stock_common.sc_datasource.get_em_fund_flow
2026-08-03 10:00:02,960 | WARNING | PUSH2 used: stock_common.sc_datasource.get_em_fund_flow
2026-08-03 10:00:04,022 | WARNING | PUSH2 used: stock_common.sc_datasource.get_em_fund_flow
2026-08-03 10:00:05,124 | WARNING | PUSH2 used: stock_common.sc_datasource.get_em_fund_flow
2026-08-03 10:00:05,690 | WARNING | PUSH2 used: stock_common.sc_datasource.get_em_fund_flow
2026-08-03 10:00:06,530 | WARNING | PUSH2 used: stock_common.sc_datasource.get_em_fund_flow
2026-08-03 10:00:08,142 | WARNING | PUSH2 used: stock_common.sc_datasource.get_em_fund_flow
2026-08-03 10:00:08,692 | WARNING | PUSH2 used: stock_common.sc_datasource.get_em_fund_flow
2026-08-03 10:00:09,693 | WARNING | PUSH2 used: stock_common.sc_datasource.get_em_fund_flow
2026-08-03 10:00:10,696 | WARNING | PUSH2 used: stock_common.sc_datasource.get_em_fund_flow
2026-08-03 10:00:11,559 | WARNING | PUSH2 used: stock_common.sc_datasource.get_em_fund_flow
2026-08-03 10:00:13,145 | WARNING | PUSH2 used: stock_common.sc_datasource.get_em_fund_flow
2026-08-03 10:00:13,691 | WARNING | PUSH2 used: stock_common.sc_datasource.get_em_fund_flow
2026-08-03 10:00:14,692 | WARNING | PUSH2 used: stock_common.sc_datasource.get_em_fund_flow
2026-08-03 10:00:15,692 | WARNING | PUSH2 used: stock_common.sc_datasource.get_em_fund_flow
2026-08-03 10:00:16,692 | WARNING | PUSH2 used: stock_common.sc_datasource.get_em_fund_flow
2026-08-03 10:00:17,694 | WARNING | PUSH2 used: stock_common.sc_datasource.get_em_fund_flow
2026-08-03 10:00:18,691 | WARNING | PUSH2 used: stock_common.sc_datasource.get_em_fund_flow
2026-08-03 10:00:19,694 | WARNING | PUSH2 used: stock_common.sc_datasource.get_em_fund_flow
2026-08-03 10:00:20,693 | WARNING | PUSH2 used: stock_common.sc_datasource.get_em_fund_flow
2026-08-03 10:00:21,692 | WARNING | PUSH2 used: stock_common.sc_datasource.get_em_fund_flow
2026-08-03 10:00:22,693 | WARNING | PUSH2 used: stock_common.sc_datasource.get_em_fund_flow
2026-08-03 10:00:23,692 | WARNING | PUSH2 used: stock_common.sc_datasource.get_em_fund_flow
2026-08-03 10:00:24,692 | WARNING | PUSH2 used: stock_common.sc_datasource.get_em_fund_flow
2026-08-03 10:00:25,548 | WARNING | PUSH2 used: stock_common.sc_datasource.get_em_fund_flow
2026-08-03 10:00:27,056 | WARNING | PUSH2 used: stock_common.sc_datasource.get_em_fund_flow
2026-08-03 10:00:27,492 | WARNING | PUSH2 used: stock_common.sc_datasource.get_em_fund_flow
2026-08-03 10:00:28,868 | WARNING | PUSH2 used: stock_common.sc_datasource.get_em_fund_flow
2026-08-03 10:00:29,864 | WARNING | PUSH2 used: stock_common.sc_datasource.get_em_fund_flow
2026-08-03 10:00:30,871 | WARNING | PUSH2 used: stock_common.sc_datasource.get_em_fund_flow
2026-08-03 10:00:31,832 | WARNING | PUSH2 used: stock_common.sc_datasource.get_em_fund_flow
2026-08-03 10:00:32,850 | WARNING | PUSH2 used: stock_common.sc_datasource.get_em_fund_flow
2026-08-03 10:00:33,872 | WARNING | PUSH2 used: stock_common.sc_datasource.get_em_fund_flow
2026-08-03 10:00:34,832 | WARNING | PUSH2 used: stock_common.sc_datasource.get_em_fund_flow
2026-08-03 10:00:35,835 | WARNING | PUSH2 used: stock_common.sc_datasource.get_em_fund_flow
2026-08-03 10:00:36,846 | WARNING | PUSH2 used: stock_common.sc_datasource.get_em_fund_flow
2026-08-03 10:00:37,880 | WARNING | PUSH2 used: stock_common.sc_datasource.get_em_fund_flow
2026-08-03 10:00:38,884 | WARNING | PUSH2 used: stock_common.sc_datasource.get_em_fund_flow
2026-08-03 10:00:40,083 | WARNING | PUSH2 used: stock_common.sc_datasource.get_em_fund_flow
2026-08-03 10:00:40,872 | WARNING | PUSH2 used: stock_common.sc_datasource.get_em_fund_flow
2026-08-03 10:00:41,847 | WARNING | PUSH2 used: stock_common.sc_datasource.get_em_fund_flow
2026-08-03 10:00:42,858 | WARNING | PUSH2 used: stock_common.sc_datasource.get_em_fund_flow
2026-08-03 10:00:43,839 | WARNING | PUSH2 used: stock_common.sc_datasource.get_em_fund_flow
2026-08-03 10:00:44,838 | WARNING | PUSH2 used: stock_common.sc_datasource.get_em_fund_flow
2026-08-03 10:00:46,092 | WARNING | PUSH2 used: stock_common.sc_datasource.get_em_fund_flow
2026-08-03 10:00:47,436 | WARNING | PUSH2 used: stock_common.sc_datasource.get_em_fund_flow
2026-08-03 10:00:47,840 | WARNING | PUSH2 used: stock_common.sc_datasource.get_em_fund_flow
2026-08-03 10:00:48,848 | WARNING | PUSH2 used: stock_common.sc_datasource.get_em_fund_flow
2026-08-03 10:00:49,842 | WARNING | PUSH2 used: stock_common.sc_datasource.get_em_fund_flow
2026-08-03 10:00:50,832 | WARNING | PUSH2 used: stock_common.sc_datasource.get_em_fund_flow
2026-08-03 10:00:51,859 | WARNING | PUSH2 used: stock_common.sc_datasource.get_em_fund_flow
2026-08-03 10:00:53,004 | WARNING | PUSH2 used: stock_common.sc_datasource.get_em_fund_flow
2026-08-03 10:00:53,768 | WARNING | PUSH2 used: stock_common.sc_datasource.get_em_fund_flow
2026-08-03 10:00:54,591 | WARNING | PUSH2 used: stock_common.sc_datasource.get_em_fund_flow
2026-08-03 10:00:56,327 | WARNING | PUSH2 used: stock_common.sc_datasource.get_em_fund_flow
2026-08-03 10:00:57,325 | WARNING | PUSH2 used: stock_common.sc_datasource.get_em_fund_flow
2026-08-03 10:00:57,676 | WARNING | PUSH2 used: stock_common.sc_datasource.get_em_fund_flow
2026-08-03 10:00:58,676 | WARNING | PUSH2 used: stock_common.sc_datasource.get_em_fund_flow
2026-08-03 10:00:59,678 | WARNING | PUSH2 used: stock_common.sc_datasource.get_em_fund_flow
2026-08-03 10:01:00,681 | WARNING | PUSH2 used: stock_common.sc_datasource.get_em_fund_flow
2026-08-03 10:01:01,687 | WARNING | PUSH2 used: stock_common.sc_datasource.get_em_fund_flow
2026-08-03 10:01:02,675 | WARNING | PUSH2 used: stock_common.sc_datasource.get_em_fund_flow
2026-08-03 10:01:03,956 | WARNING | PUSH2 used: stock_common.sc_datasource.get_em_fund_flow
2026-08-03 10:01:04,674 | WARNING | PUSH2 used: stock_common.sc_datasource.get_em_fund_flow
2026-08-03 10:01:05,674 | WARNING | PUSH2 used: stock_common.sc_datasource.get_em_fund_flow
2026-08-03 10:01:06,675 | WARNING | PUSH2 used: stock_common.sc_datasource.get_em_fund_flow
2026-08-03 10:01:08,029 | WARNING | PUSH2 used: stock_common.sc_datasource.get_em_fund_flow
2026-08-03 10:01:08,675 | WARNING | PUSH2 used: stock_common.sc_datasource.get_em_fund_flow
2026-08-03 10:01:09,480 | WARNING | PUSH2 used: stock_common.sc_datasource.get_em_fund_flow
2026-08-03 10:01:10,824 | WARNING | PUSH2 used: stock_common.sc_datasource.get_em_fund_flow
2026-08-03 10:01:11,807 | WARNING | PUSH2 used: stock_common.sc_datasource.get_em_fund_flow
2026-08-03 10:01:12,813 | WARNING | PUSH2 used: stock_common.sc_datasource.get_em_fund_flow
2026-08-03 10:01:13,822 | WARNING | PUSH2 used: stock_common.sc_datasource.get_em_fund_flow
2026-08-03 10:01:14,826 | WARNING | PUSH2 used: stock_common.sc_datasource.get_em_fund_flow
2026-08-03 10:01:15,809 | WARNING | PUSH2 used: stock_common.sc_datasource.get_em_fund_flow
2026-08-03 10:01:16,888 | WARNING | PUSH2 used: stock_common.sc_datasource.get_em_fund_flow
2026-08-03 10:01:17,818 | WARNING | PUSH2 used: stock_common.sc_datasource.get_em_fund_flow
2026-08-03 10:01:18,848 | WARNING | PUSH2 used: stock_common.sc_datasource.get_em_fund_flow
2026-08-03 10:01:19,821 | WARNING | PUSH2 used: stock_common.sc_datasource.get_em_fund_flow
2026-08-03 10:01:20,792 | WARNING | PUSH2 used: stock_common.sc_datasource.get_em_fund_flow
2026-08-03 10:01:21,806 | WARNING | PUSH2 used: stock_common.sc_datasource.get_em_fund_flow
2026-08-03 10:01:22,802 | WARNING | PUSH2 used: stock_common.sc_datasource.get_em_fund_flow
2026-08-03 10:01:23,818 | WARNING | PUSH2 used: stock_common.sc_datasource.get_em_fund_flow
2026-08-03 10:01:24,817 | WARNING | PUSH2 used: stock_common.sc_datasource.get_em_fund_flow
2026-08-03 10:01:25,826 | WARNING | PUSH2 used: stock_common.sc_datasource.get_em_fund_flow
2026-08-03 10:01:26,950 | WARNING | PUSH2 used: stock_common.sc_datasource.get_em_fund_flow
2026-08-03 10:01:27,893 | WARNING | PUSH2 used: stock_common.sc_datasource.get_em_fund_flow
2026-08-03 10:01:29,083 | WARNING | PUSH2 used: stock_common.sc_datasource.get_em_fund_flow
2026-08-03 10:01:29,698 | WARNING | PUSH2 used: stock_common.sc_datasource.get_em_fund_flow
2026-08-03 10:01:30,701 | WARNING | PUSH2 used: stock_common.sc_datasource.get_em_fund_flow
2026-08-03 10:01:31,701 | WARNING | PUSH2 used: stock_common.sc_datasource.get_em_fund_flow
2026-08-03 10:01:32,701 | WARNING | PUSH2 used: stock_common.sc_datasource.get_em_fund_flow
2026-08-03 10:01:33,701 | WARNING | PUSH2 used: stock_common.sc_datasource.get_em_fund_flow
2026-08-03 10:01:34,529 | WARNING | PUSH2 used: stock_common.sc_datasource.get_em_fund_flow
2026-08-03 10:01:36,094 | WARNING | PUSH2 used: stock_common.sc_datasource.get_em_fund_flow
2026-08-03 10:01:36,701 | WARNING | PUSH2 used: stock_common.sc_datasource.get_em_fund_flow
2026-08-03 10:01:37,716 | WARNING | PUSH2 used: stock_common.sc_datasource.get_em_fund_flow
2026-08-03 10:01:38,698 | WARNING | PUSH2 used: stock_common.sc_datasource.get_em_fund_flow
2026-08-03 10:01:39,700 | WARNING | PUSH2 used: stock_common.sc_datasource.get_em_fund_flow
2026-08-03 10:01:40,698 | WARNING | PUSH2 used: stock_common.sc_datasource.get_em_fund_flow
2026-08-03 10:01:41,719 | WARNING | PUSH2 used: stock_common.sc_datasource.get_em_fund_flow
2026-08-03 10:01:42,701 | WARNING | PUSH2 used: stock_common.sc_datasource.get_em_fund_flow
2026-08-03 10:01:43,541 | WARNING | PUSH2 used: stock_common.sc_datasource.get_em_fund_flow
2026-08-03 10:01:45,070 | WARNING | PUSH2 used: stock_common.sc_datasource.get_em_fund_flow
2026-08-03 10:01:45,697 | WARNING | PUSH2 used: stock_common.sc_datasource.get_em_fund_flow
2026-08-03 10:01:46,700 | WARNING | PUSH2 used: stock_common.sc_datasource.get_em_fund_flow
2026-08-03 10:01:47,699 | WARNING | PUSH2 used: stock_common.sc_datasource.get_em_fund_flow
2026-08-03 10:01:48,699 | WARNING | PUSH2 used: stock_common.sc_datasource.get_em_fund_flow
2026-08-03 10:01:49,699 | WARNING | PUSH2 used: stock_common.sc_datasource.get_em_fund_flow
2026-08-03 10:01:50,702 | WARNING | PUSH2 used: stock_common.sc_datasource.get_em_fund_flow
2026-08-03 10:01:51,702 | WARNING | PUSH2 used: stock_common.sc_datasource.get_em_fund_flow
2026-08-03 10:01:52,698 | WARNING | PUSH2 used: stock_common.sc_datasource.get_em_fund_flow
2026-08-03 10:01:53,698 | WARNING | PUSH2 used: stock_common.sc_datasource.get_em_fund_flow
2026-08-03 10:01:54,529 | WARNING | PUSH2 used: stock_common.sc_datasource.get_em_fund_flow
2026-08-03 10:01:55,943 | WARNING | PUSH2 used: stock_common.sc_datasource.get_em_fund_flow
2026-08-03 10:01:56,900 | WARNING | PUSH2 used: stock_common.sc_datasource.get_em_fund_flow
2026-08-03 10:01:57,913 | WARNING | PUSH2 used: stock_common.sc_datasource.get_em_fund_flow
2026-08-03 10:01:58,907 | WARNING | PUSH2 used: stock_common.sc_datasource.get_em_fund_flow
2026-08-03 10:01:59,918 | WARNING | PUSH2 used: stock_common.sc_datasource.get_em_fund_flow
2026-08-03 10:02:00,907 | WARNING | PUSH2 used: stock_common.sc_datasource.get_em_fund_flow
2026-08-03 10:02:01,949 | WARNING | PUSH2 used: stock_common.sc_datasource.get_em_fund_flow
2026-08-03 10:02:02,930 | WARNING | PUSH2 used: stock_common.sc_datasource.get_em_fund_flow
2026-08-03 10:02:03,961 | WARNING | PUSH2 used: stock_common.sc_datasource.get_em_fund_flow
2026-08-03 10:02:04,934 | WARNING | PUSH2 used: stock_common.sc_datasource.get_em_fund_flow
2026-08-03 10:02:05,941 | WARNING | PUSH2 used: stock_common.sc_datasource.get_em_fund_flow
2026-08-03 10:02:06,938 | WARNING | PUSH2 used: stock_common.sc_datasource.get_em_fund_flow
2026-08-03 10:02:07,957 | WARNING | PUSH2 used: stock_common.sc_datasource.get_em_fund_flow
2026-08-03 10:02:08,930 | WARNING | PUSH2 used: stock_common.sc_datasource.get_em_fund_flow
2026-08-03 10:02:09,943 | WARNING | PUSH2 used: stock_common.sc_datasource.get_em_fund_flow
2026-08-03 10:02:10,940 | WARNING | PUSH2 used: stock_common.sc_datasource.get_em_fund_flow
2026-08-03 10:02:11,965 | WARNING | PUSH2 used: stock_common.sc_datasource.get_em_fund_flow
2026-08-03 10:02:12,938 | WARNING | PUSH2 used: stock_common.sc_datasource.get_em_fund_flow
2026-08-03 10:02:13,936 | WARNING | PUSH2 used: stock_common.sc_datasource.get_em_fund_flow
2026-08-03 10:02:14,981 | WARNING | PUSH2 used: stock_common.sc_datasource.get_em_fund_flow
2026-08-03 10:02:15,956 | WARNING | PUSH2 used: stock_common.sc_datasource.get_em_fund_flow
2026-08-03 10:02:17,115 | WARNING | PUSH2 used: stock_common.sc_datasource.get_em_fund_flow
2026-08-03 10:02:17,540 | WARNING | PUSH2 used: stock_common.sc_datasource.get_em_fund_flow
2026-08-03 10:02:19,154 | WARNING | PUSH2 used: stock_common.sc_datasource.get_em_fund_flow
2026-08-03 10:02:19,565 | WARNING | PUSH2 used: stock_common.sc_datasource.get_em_fund_flow
2026-08-03 10:02:21,043 | WARNING | PUSH2 used: stock_common.sc_datasource.get_em_fund_flow
2026-08-03 10:02:21,982 | WARNING | PUSH2 used: stock_common.sc_datasource.get_em_fund_flow
2026-08-03 10:02:23,128 | WARNING | PUSH2 used: stock_common.sc_datasource.get_em_fund_flow
2026-08-03 10:02:23,696 | WARNING | PUSH2 used: stock_common.sc_datasource.get_em_fund_flow
2026-08-03 10:02:24,695 | WARNING | PUSH2 used: stock_common.sc_datasource.get_em_fund_flow
2026-08-03 10:02:25,587 | WARNING | PUSH2 used: stock_common.sc_datasource.get_em_fund_flow
2026-08-03 10:02:27,108 | WARNING | PUSH2 used: stock_common.sc_datasource.get_em_fund_flow
2026-08-03 10:02:27,694 | WARNING | PUSH2 used: stock_common.sc_datasource.get_em_fund_flow
2026-08-03 10:02:28,693 | WARNING | PUSH2 used: stock_common.sc_datasource.get_em_fund_flow
2026-08-03 10:02:29,703 | WARNING | PUSH2 used: stock_common.sc_datasource.get_em_fund_flow
2026-08-03 10:02:30,693 | WARNING | PUSH2 used: stock_common.sc_datasource.get_em_fund_flow
2026-08-03 10:02:31,693 | WARNING | PUSH2 used: stock_common.sc_datasource.get_em_fund_flow
2026-08-03 10:02:32,693 | WARNING | PUSH2 used: stock_common.sc_datasource.get_em_fund_flow
2026-08-03 10:02:33,692 | WARNING | PUSH2 used: stock_common.sc_datasource.get_em_fund_flow
2026-08-03 10:02:34,694 | WARNING | PUSH2 used: stock_common.sc_datasource.get_em_fund_flow
2026-08-03 10:02:35,695 | WARNING | PUSH2 used: stock_common.sc_datasource.get_em_fund_flow
2026-08-03 10:02:36,693 | WARNING | PUSH2 used: stock_common.sc_datasource.get_em_fund_flow
2026-08-03 10:02:37,696 | WARNING | PUSH2 used: stock_common.sc_datasource.get_em_fund_flow
2026-08-03 10:02:38,525 | WARNING | PUSH2 used: stock_common.sc_datasource.get_em_fund_flow
2026-08-03 10:02:39,944 | WARNING | PUSH2 used: stock_common.sc_datasource.get_em_fund_flow
2026-08-03 10:02:40,959 | WARNING | PUSH2 used: stock_common.sc_datasource.get_em_fund_flow
2026-08-03 10:02:41,922 | WARNING | PUSH2 used: stock_common.sc_datasource.get_em_fund_flow
2026-08-03 10:02:42,939 | WARNING | PUSH2 used: stock_common.sc_datasource.get_em_fund_flow
2026-08-03 10:02:43,950 | WARNING | PUSH2 used: stock_common.sc_datasource.get_em_fund_flow
2026-08-03 10:02:44,936 | WARNING | PUSH2 used: stock_common.sc_datasource.get_em_fund_flow
2026-08-03 10:02:45,940 | WARNING | PUSH2 used: stock_common.sc_datasource.get_em_fund_flow
2026-08-03 10:02:46,949 | WARNING | PUSH2 used: stock_common.sc_datasource.get_em_fund_flow
2026-08-03 10:02:47,954 | WARNING | PUSH2 used: stock_common.sc_datasource.get_em_fund_flow
2026-08-03 10:02:48,936 | WARNING | PUSH2 used: stock_common.sc_datasource.get_em_fund_flow
2026-08-03 10:02:49,911 | WARNING | PUSH2 used: stock_common.sc_datasource.get_em_fund_flow
2026-08-03 10:02:50,939 | WARNING | PUSH2 used: stock_common.sc_datasource.get_em_fund_flow
2026-08-03 10:02:51,956 | WARNING | PUSH2 used: stock_common.sc_datasource.get_em_fund_flow
2026-08-03 10:02:52,935 | WARNING | PUSH2 used: stock_common.sc_datasource.get_em_fund_flow
2026-08-03 10:02:53,931 | WARNING | PUSH2 used: stock_common.sc_datasource.get_em_fund_flow
2026-08-03 10:02:54,948 | WARNING | PUSH2 used: stock_common.sc_datasource.get_em_fund_flow
2026-08-03 10:02:55,924 | WARNING | PUSH2 used: stock_common.sc_datasource.get_em_fund_flow
2026-08-03 10:02:56,933 | WARNING | PUSH2 used: stock_common.sc_datasource.get_em_fund_flow
2026-08-03 10:02:57,978 | WARNING | PUSH2 used: stock_common.sc_datasource.get_em_fund_flow
2026-08-03 10:02:58,946 | WARNING | PUSH2 used: stock_common.sc_datasource.get_em_fund_flow
2026-08-03 10:02:59,924 | WARNING | PUSH2 used: stock_common.sc_datasource.get_em_fund_flow
2026-08-03 10:03:00,937 | WARNING | PUSH2 used: stock_common.sc_datasource.get_em_fund_flow
2026-08-03 10:03:01,951 | WARNING | PUSH2 used: stock_common.sc_datasource.get_em_fund_flow
2026-08-03 10:03:03,131 | WARNING | PUSH2 used: stock_common.sc_datasource.get_em_fund_flow
2026-08-03 10:03:03,693 | WARNING | PUSH2 used: stock_common.sc_datasource.get_em_fund_flow
2026-08-03 10:03:04,694 | WARNING | PUSH2 used: stock_common.sc_datasource.get_em_fund_flow
2026-08-03 10:03:05,546 | WARNING | PUSH2 used: stock_common.sc_datasource.get_em_fund_flow
2026-08-03 10:03:06,978 | WARNING | PUSH2 used: stock_common.sc_datasource.get_em_fund_flow
2026-08-03 10:03:08,016 | WARNING | PUSH2 used: stock_common.sc_datasource.get_em_fund_flow
2026-08-03 10:03:08,675 | WARNING | PUSH2 used: stock_common.sc_datasource.get_em_fund_flow
2026-08-03 10:03:09,676 | WARNING | PUSH2 used: stock_common.sc_datasource.get_em_fund_flow
2026-08-03 10:03:10,676 | WARNING | PUSH2 used: stock_common.sc_datasource.get_em_fund_flow
2026-08-03 10:03:11,674 | WARNING | PUSH2 used: stock_common.sc_datasource.get_em_fund_flow
2026-08-03 10:03:12,675 | WARNING | PUSH2 used: stock_common.sc_datasource.get_em_fund_flow
2026-08-03 10:03:13,549 | WARNING | PUSH2 used: stock_common.sc_datasource.get_em_fund_flow
2026-08-03 10:03:15,012 | WARNING | PUSH2 used: stock_common.sc_datasource.get_em_fund_flow
2026-08-03 10:03:15,677 | WARNING | PUSH2 used: stock_common.sc_datasource.get_em_fund_flow
2026-08-03 10:03:16,674 | WARNING | PUSH2 used: stock_common.sc_datasource.get_em_fund_flow
2026-08-03 10:03:17,677 | WARNING | PUSH2 used: stock_common.sc_datasource.get_em_fund_flow
2026-08-03 10:03:18,677 | WARNING | PUSH2 used: stock_common.sc_datasource.get_em_fund_flow
2026-08-03 10:03:19,674 | WARNING | PUSH2 used: stock_common.sc_datasource.get_em_fund_flow
2026-08-03 10:03:20,676 | WARNING | PUSH2 used: stock_common.sc_datasource.get_em_fund_flow
2026-08-03 10:03:21,675 | WARNING | PUSH2 used: stock_common.sc_datasource.get_em_fund_flow
2026-08-03 10:03:22,675 | WARNING | PUSH2 used: stock_common.sc_datasource.get_em_fund_flow
2026-08-03 10:03:23,507 | WARNING | PUSH2 used: stock_common.sc_datasource.get_em_fund_flow
2026-08-03 10:03:24,833 | WARNING | PUSH2 used: stock_common.sc_datasource.get_em_fund_flow
2026-08-03 10:03:25,827 | WARNING | PUSH2 used: stock_common.sc_datasource.get_em_fund_flow
2026-08-03 10:03:26,797 | WARNING | PUSH2 used: stock_common.sc_datasource.get_em_fund_flow
2026-08-03 10:03:27,805 | WARNING | PUSH2 used: stock_common.sc_datasource.get_em_fund_flow
2026-08-03 10:03:28,810 | WARNING | PUSH2 used: stock_common.sc_datasource.get_em_fund_flow
2026-08-03 10:03:29,846 | WARNING | PUSH2 used: stock_common.sc_datasource.get_em_fund_flow
2026-08-03 10:03:30,848 | WARNING | PUSH2 used: stock_common.sc_datasource.get_em_fund_flow
2026-08-03 10:03:31,852 | WARNING | PUSH2 used: stock_common.sc_datasource.get_em_fund_flow
2026-08-03 10:03:32,848 | WARNING | PUSH2 used: stock_common.sc_datasource.get_em_fund_flow
2026-08-03 10:03:33,855 | WARNING | PUSH2 used: stock_common.sc_datasource.get_em_fund_flow
2026-08-03 10:03:34,835 | WARNING | PUSH2 used: stock_common.sc_datasource.get_em_fund_flow
2026-08-03 10:03:35,840 | WARNING | PUSH2 used: stock_common.sc_datasource.get_em_fund_flow
2026-08-03 10:03:36,840 | WARNING | PUSH2 used: stock_common.sc_datasource.get_em_fund_flow
2026-08-03 10:03:37,838 | WARNING | PUSH2 used: stock_common.sc_datasource.get_em_fund_flow
2026-08-03 10:03:38,839 | WARNING | PUSH2 used: stock_common.sc_datasource.get_em_fund_flow
2026-08-03 10:03:39,857 | WARNING | PUSH2 used: stock_common.sc_datasource.get_em_fund_flow
2026-08-03 10:03:40,836 | WARNING | PUSH2 used: stock_common.sc_datasource.get_em_fund_flow
2026-08-03 10:03:41,845 | WARNING | PUSH2 used: stock_common.sc_datasource.get_em_fund_flow
2026-08-03 10:03:42,865 | WARNING | PUSH2 used: stock_common.sc_datasource.get_em_fund_flow
2026-08-03 10:03:43,826 | WARNING | PUSH2 used: stock_common.sc_datasource.get_em_fund_flow
2026-08-03 10:03:44,831 | WARNING | PUSH2 used: stock_common.sc_datasource.get_em_fund_flow
2026-08-03 10:03:45,836 | WARNING | PUSH2 used: stock_common.sc_datasource.get_em_fund_flow
2026-08-03 10:03:46,840 | WARNING | PUSH2 used: stock_common.sc_datasource.get_em_fund_flow
2026-08-03 10:03:48,030 | WARNING | PUSH2 used: stock_common.sc_datasource.get_em_fund_flow
2026-08-03 10:03:48,596 | WARNING | PUSH2 used: stock_common.sc_datasource.get_em_fund_flow
2026-08-03 10:03:49,944 | WARNING | PUSH2 used: stock_common.sc_datasource.get_em_fund_flow
2026-08-03 10:03:50,865 | WARNING | PUSH2 used: stock_common.sc_datasource.get_em_fund_flow
2026-08-03 10:03:51,838 | WARNING | PUSH2 used: stock_common.sc_datasource.get_em_fund_flow
2026-08-03 10:03:53,065 | WARNING | PUSH2 used: stock_common.sc_datasource.get_em_fund_flow
2026-08-03 10:03:53,679 | WARNING | PUSH2 used: stock_common.sc_datasource.get_em_fund_flow
2026-08-03 10:03:54,596 | WARNING | PUSH2 used: stock_common.sc_datasource.get_em_fund_flow
2026-08-03 10:03:55,947 | WARNING | PUSH2 used: stock_common.sc_datasource.get_em_fund_flow
2026-08-03 10:03:57,024 | WARNING | PUSH2 used: stock_common.sc_datasource.get_em_fund_flow
2026-08-03 10:03:57,671 | WARNING | PUSH2 used: stock_common.sc_datasource.get_em_fund_flow
2026-08-03 10:03:58,671 | WARNING | PUSH2 used: stock_common.sc_datasource.get_em_fund_flow
2026-08-03 10:03:59,671 | WARNING | PUSH2 used: stock_common.sc_datasource.get_em_fund_flow
2026-08-03 10:04:00,671 | WARNING | PUSH2 used: stock_common.sc_datasource.get_em_fund_flow
2026-08-03 10:04:01,673 | WARNING | PUSH2 used: stock_common.sc_datasource.get_em_fund_flow
2026-08-03 10:04:02,671 | WARNING | PUSH2 used: stock_common.sc_datasource.get_em_fund_flow
2026-08-03 10:04:03,670 | WARNING | PUSH2 used: stock_common.sc_datasource.get_em_fund_flow
2026-08-03 10:04:04,673 | WARNING | PUSH2 used: stock_common.sc_datasource.get_em_fund_flow
2026-08-03 10:04:05,673 | WARNING | PUSH2 used: stock_common.sc_datasource.get_em_fund_flow
2026-08-03 10:04:06,671 | WARNING | PUSH2 used: stock_common.sc_datasource.get_em_fund_flow
2026-08-03 10:04:07,674 | WARNING | PUSH2 used: stock_common.sc_datasource.get_em_fund_flow
2026-08-03 10:04:08,671 | WARNING | PUSH2 used: stock_common.sc_datasource.get_em_fund_flow
2026-08-03 10:04:09,555 | WARNING | PUSH2 used: stock_common.sc_datasource.get_em_fund_flow
2026-08-03 10:04:11,130 | WARNING | PUSH2 used: stock_common.sc_datasource.get_em_fund_flow
2026-08-03 10:04:11,530 | WARNING | PUSH2 used: stock_common.sc_datasource.get_em_fund_flow
2026-08-03 10:04:12,943 | WARNING | PUSH2 used: stock_common.sc_datasource.get_em_fund_flow
2026-08-03 10:04:13,927 | WARNING | PUSH2 used: stock_common.sc_datasource.get_em_fund_flow
2026-08-03 10:04:14,975 | WARNING | PUSH2 used: stock_common.sc_datasource.get_em_fund_flow
2026-08-03 10:04:15,940 | WARNING | PUSH2 used: stock_common.sc_datasource.get_em_fund_flow
2026-08-03 10:04:16,941 | WARNING | PUSH2 used: stock_common.sc_datasource.get_em_fund_flow
2026-08-03 10:04:17,957 | WARNING | PUSH2 used: stock_common.sc_datasource.get_em_fund_flow
2026-08-03 10:04:18,951 | WARNING | PUSH2 used: stock_common.sc_datasource.get_em_fund_flow
2026-08-03 10:04:19,929 | WARNING | PUSH2 used: stock_common.sc_datasource.get_em_fund_flow
2026-08-03 10:04:20,922 | WARNING | PUSH2 used: stock_common.sc_datasource.get_em_fund_flow
2026-08-03 10:04:21,928 | WARNING | PUSH2 used: stock_common.sc_datasource.get_em_fund_flow
2026-08-03 10:04:22,953 | WARNING | PUSH2 used: stock_common.sc_datasource.get_em_fund_flow
2026-08-03 10:04:23,929 | WARNING | PUSH2 used: stock_common.sc_datasource.get_em_fund_flow
2026-08-03 10:04:25,130 | WARNING | PUSH2 used: stock_common.sc_datasource.get_em_fund_flow
2026-08-03 10:04:25,983 | WARNING | PUSH2 used: stock_common.sc_datasource.get_em_fund_flow
2026-08-03 10:04:26,966 | WARNING | PUSH2 used: stock_common.sc_datasource.get_em_fund_flow
2026-08-03 10:04:27,945 | WARNING | PUSH2 used: stock_common.sc_datasource.get_em_fund_flow
2026-08-03 10:04:28,948 | WARNING | PUSH2 used: stock_common.sc_datasource.get_em_fund_flow
2026-08-03 10:04:29,933 | WARNING | PUSH2 used: stock_common.sc_datasource.get_em_fund_flow
2026-08-03 10:04:30,972 | WARNING | PUSH2 used: stock_common.sc_datasource.get_em_fund_flow
2026-08-03 10:04:31,950 | WARNING | PUSH2 used: stock_common.sc_datasource.get_em_fund_flow
2026-08-03 10:04:32,952 | WARNING | PUSH2 used: stock_common.sc_datasource.get_em_fund_flow
2026-08-03 10:04:33,955 | WARNING | PUSH2 used: stock_common.sc_datasource.get_em_fund_flow
2026-08-03 10:04:34,935 | WARNING | PUSH2 used: stock_common.sc_datasource.get_em_fund_flow
2026-08-03 10:04:35,969 | WARNING | PUSH2 used: stock_common.sc_datasource.get_em_fund_flow
2026-08-03 10:04:36,992 | WARNING | PUSH2 used: stock_common.sc_datasource.get_em_fund_flow
2026-08-03 10:04:37,982 | WARNING | PUSH2 used: stock_common.sc_datasource.get_em_fund_flow
2026-08-03 10:04:38,959 | WARNING | PUSH2 used: stock_common.sc_datasource.get_em_fund_flow
2026-08-03 10:04:39,935 | WARNING | PUSH2 used: stock_common.sc_datasource.get_em_fund_flow
2026-08-03 10:04:40,988 | WARNING | PUSH2 used: stock_common.sc_datasource.get_em_fund_flow
2026-08-03 10:04:41,940 | WARNING | PUSH2 used: stock_common.sc_datasource.get_em_fund_flow
2026-08-03 10:04:42,911 | WARNING | PUSH2 used: stock_common.sc_datasource.get_em_fund_flow
2026-08-03 10:04:44,114 | WARNING | PUSH2 used: stock_common.sc_datasource.get_em_fund_flow
2026-08-03 10:04:44,701 | WARNING | PUSH2 used: stock_common.sc_datasource.get_em_fund_flow
2026-08-03 10:04:45,703 | WARNING | PUSH2 used: stock_common.sc_datasource.get_em_fund_flow
2026-08-03 10:04:46,703 | WARNING | PUSH2 used: stock_common.sc_datasource.get_em_fund_flow
2026-08-03 10:04:48,705 | WARNING | PUSH2 used: stock_common.sc_datasource.get_em_fund_flow
2026-08-03 10:04:48,957 | WARNING | PUSH2 used: stock_common.sc_datasource.get_em_fund_flow
2026-08-03 10:04:49,699 | WARNING | PUSH2 used: stock_common.sc_datasource.get_em_fund_flow
2026-08-03 10:04:50,700 | WARNING | PUSH2 used: stock_common.sc_datasource.get_em_fund_flow
2026-08-03 10:04:51,699 | WARNING | PUSH2 used: stock_common.sc_datasource.get_em_fund_flow
2026-08-03 10:04:52,699 | WARNING | PUSH2 used: stock_common.sc_datasource.get_em_fund_flow
2026-08-03 10:04:53,704 | WARNING | PUSH2 used: stock_common.sc_datasource.get_em_fund_flow
2026-08-03 10:04:54,701 | WARNING | PUSH2 used: stock_common.sc_datasource.get_em_fund_flow
2026-08-03 10:04:55,588 | WARNING | PUSH2 used: stock_common.sc_datasource.get_em_fund_flow
2026-08-03 10:04:56,945 | WARNING | PUSH2 used: stock_common.sc_datasource.get_em_fund_flow
2026-08-03 10:04:57,949 | WARNING | PUSH2 used: stock_common.sc_datasource.get_em_fund_flow
2026-08-03 10:04:58,916 | WARNING | PUSH2 used: stock_common.sc_datasource.get_em_fund_flow
2026-08-03 10:04:59,966 | WARNING | PUSH2 used: stock_common.sc_datasource.get_em_fund_flow
2026-08-03 10:05:00,968 | WARNING | PUSH2 used: stock_common.sc_datasource.get_em_fund_flow
2026-08-03 10:05:01,934 | WARNING | PUSH2 used: stock_common.sc_datasource.get_em_fund_flow
2026-08-03 10:05:02,944 | WARNING | PUSH2 used: stock_common.sc_datasource.get_em_fund_flow
2026-08-03 10:05:03,946 | WARNING | PUSH2 used: stock_common.sc_datasource.get_em_fund_flow
2026-08-03 10:05:04,938 | WARNING | PUSH2 used: stock_common.sc_datasource.get_em_fund_flow
2026-08-03 10:05:05,924 | WARNING | PUSH2 used: stock_common.sc_datasource.get_em_fund_flow
2026-08-03 10:05:06,992 | WARNING | PUSH2 used: stock_common.sc_datasource.get_em_fund_flow
2026-08-03 10:05:07,937 | WARNING | PUSH2 used: stock_common.sc_datasource.get_em_fund_flow
2026-08-03 10:05:08,931 | WARNING | PUSH2 used: stock_common.sc_datasource.get_em_fund_flow
2026-08-03 10:05:09,937 | WARNING | PUSH2 used: stock_common.sc_datasource.get_em_fund_flow
2026-08-03 10:05:10,938 | WARNING | PUSH2 used: stock_common.sc_datasource.get_em_fund_flow
2026-08-03 10:05:11,924 | WARNING | PUSH2 used: stock_common.sc_datasource.get_em_fund_flow
2026-08-03 10:05:12,942 | WARNING | PUSH2 used: stock_common.sc_datasource.get_em_fund_flow
2026-08-03 10:05:13,941 | WARNING | PUSH2 used: stock_common.sc_datasource.get_em_fund_flow
2026-08-03 10:05:14,916 | WARNING | PUSH2 used: stock_common.sc_datasource.get_em_fund_flow
2026-08-03 10:05:15,962 | WARNING | PUSH2 used: stock_common.sc_datasource.get_em_fund_flow
2026-08-03 10:05:16,960 | WARNING | PUSH2 used: stock_common.sc_datasource.get_em_fund_flow
2026-08-03 10:05:17,951 | WARNING | PUSH2 used: stock_common.sc_datasource.get_em_fund_flow
2026-08-03 10:05:18,930 | WARNING | PUSH2 used: stock_common.sc_datasource.get_em_fund_flow
2026-08-03 10:05:19,942 | WARNING | PUSH2 used: stock_common.sc_datasource.get_em_fund_flow
2026-08-03 10:05:20,984 | WARNING | PUSH2 used: stock_common.sc_datasource.get_em_fund_flow
2026-08-03 10:05:21,939 | WARNING | PUSH2 used: stock_common.sc_datasource.get_em_fund_flow
2026-08-03 10:05:22,957 | WARNING | PUSH2 used: stock_common.sc_datasource.get_em_fund_flow
2026-08-03 10:05:24,111 | WARNING | PUSH2 used: stock_common.sc_datasource.get_em_fund_flow
2026-08-03 10:05:24,598 | WARNING | PUSH2 used: stock_common.sc_datasource.get_em_fund_flow
2026-08-03 10:05:26,105 | WARNING | PUSH2 used: stock_common.sc_datasource.get_em_fund_flow
2026-08-03 10:05:26,575 | WARNING | PUSH2 used: stock_common.sc_datasource.get_em_fund_flow
2026-08-03 10:05:27,995 | WARNING | PUSH2 used: stock_common.sc_datasource.get_em_fund_flow
2026-08-03 10:05:29,107 | WARNING | PUSH2 used: stock_common.sc_datasource.get_em_fund_flow
2026-08-03 10:05:29,704 | WARNING | PUSH2 used: stock_common.sc_datasource.get_em_fund_flow
2026-08-03 10:05:30,701 | WARNING | PUSH2 used: stock_common.sc_datasource.get_em_fund_flow
2026-08-03 10:05:31,699 | WARNING | PUSH2 used: stock_common.sc_datasource.get_em_fund_flow
2026-08-03 10:05:32,703 | WARNING | PUSH2 used: stock_common.sc_datasource.get_em_fund_flow
2026-08-03 10:05:33,700 | WARNING | PUSH2 used: stock_common.sc_datasource.get_em_fund_flow
2026-08-03 10:05:34,700 | WARNING | PUSH2 used: stock_common.sc_datasource.get_em_fund_flow
2026-08-03 10:05:35,701 | WARNING | PUSH2 used: stock_common.sc_datasource.get_em_fund_flow
2026-08-03 10:05:36,704 | WARNING | PUSH2 used: stock_common.sc_datasource.get_em_fund_flow
2026-08-03 10:05:37,701 | WARNING | PUSH2 used: stock_common.sc_datasource.get_em_fund_flow
2026-08-03 10:05:38,700 | WARNING | PUSH2 used: stock_common.sc_datasource.get_em_fund_flow
2026-08-03 10:05:39,698 | WARNING | PUSH2 used: stock_common.sc_datasource.get_em_fund_flow
2026-08-03 10:05:40,701 | WARNING | PUSH2 used: stock_common.sc_datasource.get_em_fund_flow
2026-08-03 10:05:41,701 | WARNING | PUSH2 used: stock_common.sc_datasource.get_em_fund_flow
2026-08-03 10:05:42,700 | WARNING | PUSH2 used: stock_common.sc_datasource.get_em_fund_flow
2026-08-03 10:05:43,700 | WARNING | PUSH2 used: stock_common.sc_datasource.get_em_fund_flow
2026-08-03 10:05:44,617 | WARNING | PUSH2 used: stock_common.sc_datasource.get_em_fund_flow
2026-08-03 10:05:45,970 | WARNING | PUSH2 used: stock_common.sc_datasource.get_em_fund_flow
2026-08-03 10:05:46,931 | WARNING | PUSH2 used: stock_common.sc_datasource.get_em_fund_flow
2026-08-03 10:05:47,914 | WARNING | PUSH2 used: stock_common.sc_datasource.get_em_fund_flow
2026-08-03 10:05:48,930 | WARNING | PUSH2 used: stock_common.sc_datasource.get_em_fund_flow
2026-08-03 10:05:49,930 | WARNING | PUSH2 used: stock_common.sc_datasource.get_em_fund_flow
2026-08-03 10:05:50,969 | WARNING | PUSH2 used: stock_common.sc_datasource.get_em_fund_flow
2026-08-03 10:05:51,964 | WARNING | PUSH2 used: stock_common.sc_datasource.get_em_fund_flow
2026-08-03 10:05:52,939 | WARNING | PUSH2 used: stock_common.sc_datasource.get_em_fund_flow
2026-08-03 10:05:53,940 | WARNING | PUSH2 used: stock_common.sc_datasource.get_em_fund_flow
2026-08-03 10:05:54,929 | WARNING | PUSH2 used: stock_common.sc_datasource.get_em_fund_flow
2026-08-03 10:05:55,941 | WARNING | PUSH2 used: stock_common.sc_datasource.get_em_fund_flow
2026-08-03 10:05:56,913 | WARNING | PUSH2 used: stock_common.sc_datasource.get_em_fund_flow
2026-08-03 10:05:57,935 | WARNING | PUSH2 used: stock_common.sc_datasource.get_em_fund_flow
2026-08-03 10:05:58,937 | WARNING | PUSH2 used: stock_common.sc_datasource.get_em_fund_flow
2026-08-03 10:05:59,956 | WARNING | PUSH2 used: stock_common.sc_datasource.get_em_fund_flow
2026-08-03 10:06:00,951 | WARNING | PUSH2 used: stock_common.sc_datasource.get_em_fund_flow
2026-08-03 10:06:01,955 | WARNING | PUSH2 used: stock_common.sc_datasource.get_em_fund_flow
2026-08-03 10:06:02,918 | WARNING | PUSH2 used: stock_common.sc_datasource.get_em_fund_flow
2026-08-03 10:06:03,944 | WARNING | PUSH2 used: stock_common.sc_datasource.get_em_fund_flow
2026-08-03 10:06:04,972 | WARNING | PUSH2 used: stock_common.sc_datasource.get_em_fund_flow
2026-08-03 10:06:05,960 | WARNING | PUSH2 used: stock_common.sc_datasource.get_em_fund_flow
2026-08-03 10:06:06,948 | WARNING | PUSH2 used: stock_common.sc_datasource.get_em_fund_flow
2026-08-03 10:06:07,879 | WARNING | PUSH2 used: stock_common.sc_datasource.get_em_fund_flow
2026-08-03 10:06:08,959 | WARNING | PUSH2 used: stock_common.sc_datasource.get_em_fund_flow
2026-08-03 10:06:09,869 | WARNING | PUSH2 used: stock_common.sc_datasource.get_em_fund_flow
2026-08-03 10:06:11,049 | WARNING | PUSH2 used: stock_common.sc_datasource.get_em_fund_flow
2026-08-03 10:06:11,680 | WARNING | PUSH2 used: stock_common.sc_datasource.get_em_fund_flow
2026-08-03 10:06:12,677 | WARNING | PUSH2 used: stock_common.sc_datasource.get_em_fund_flow
2026-08-03 10:06:13,532 | WARNING | PUSH2 used: stock_common.sc_datasource.get_em_fund_flow
2026-08-03 10:06:14,888 | WARNING | PUSH2 used: stock_common.sc_datasource.get_em_fund_flow
2026-08-03 10:06:16,062 | WARNING | PUSH2 used: stock_common.sc_datasource.get_em_fund_flow
2026-08-03 10:06:16,681 | WARNING | PUSH2 used: stock_common.sc_datasource.get_em_fund_flow
2026-08-03 10:06:17,677 | WARNING | PUSH2 used: stock_common.sc_datasource.get_em_fund_flow
2026-08-03 10:06:18,933 | WARNING | PUSH2 used: stock_common.sc_datasource.get_em_fund_flow
2026-08-03 10:06:19,686 | WARNING | PUSH2 used: stock_common.sc_datasource.get_em_fund_flow
2026-08-03 10:06:20,686 | WARNING | PUSH2 used: stock_common.sc_datasource.get_em_fund_flow
2026-08-03 10:06:21,678 | WARNING | PUSH2 used: stock_common.sc_datasource.get_em_fund_flow
2026-08-03 10:06:22,683 | WARNING | PUSH2 used: stock_common.sc_datasource.get_em_fund_flow
2026-08-03 10:06:23,676 | WARNING | PUSH2 used: stock_common.sc_datasource.get_em_fund_flow
2026-08-03 10:06:24,681 | WARNING | PUSH2 used: stock_common.sc_datasource.get_em_fund_flow
2026-08-03 10:06:25,696 | WARNING | PUSH2 used: stock_common.sc_datasource.get_em_fund_flow
2026-08-03 10:06:26,689 | WARNING | PUSH2 used: stock_common.sc_datasource.get_em_fund_flow
2026-08-03 10:06:27,676 | WARNING | PUSH2 used: stock_common.sc_datasource.get_em_fund_flow
2026-08-03 10:06:28,677 | WARNING | PUSH2 used: stock_common.sc_datasource.get_em_fund_flow
2026-08-03 10:06:29,677 | WARNING | PUSH2 used: stock_common.sc_datasource.get_em_fund_flow
2026-08-03 10:06:30,682 | WARNING | PUSH2 used: stock_common.sc_datasource.get_em_fund_flow
2026-08-03 10:06:31,676 | WARNING | PUSH2 used: stock_common.sc_datasource.get_em_fund_flow
2026-08-03 10:06:32,480 | WARNING | PUSH2 used: stock_common.sc_datasource.get_em_fund_flow
2026-08-03 10:06:33,885 | WARNING | PUSH2 used: stock_common.sc_datasource.get_em_fund_flow
2026-08-03 10:06:34,987 | WARNING | PUSH2 used: stock_common.sc_datasource.get_em_fund_flow
2026-08-03 10:06:35,944 | WARNING | PUSH2 used: stock_common.sc_datasource.get_em_fund_flow
2026-08-03 10:06:36,985 | WARNING | PUSH2 used: stock_common.sc_datasource.get_em_fund_flow
2026-08-03 10:06:38,015 | WARNING | PUSH2 used: stock_common.sc_datasource.get_em_fund_flow
2026-08-03 10:06:39,019 | WARNING | PUSH2 used: stock_common.sc_datasource.get_em_fund_flow
2026-08-03 10:06:39,971 | WARNING | PUSH2 used: stock_common.sc_datasource.get_em_fund_flow
2026-08-03 10:06:40,983 | WARNING | PUSH2 used: stock_common.sc_datasource.get_em_fund_flow
2026-08-03 10:06:41,971 | WARNING | PUSH2 used: stock_common.sc_datasource.get_em_fund_flow
2026-08-03 10:06:42,975 | WARNING | PUSH2 used: stock_common.sc_datasource.get_em_fund_flow
2026-08-03 10:06:43,968 | WARNING | PUSH2 used: stock_common.sc_datasource.get_em_fund_flow
2026-08-03 10:06:44,962 | WARNING | PUSH2 used: stock_common.sc_datasource.get_em_fund_flow
2026-08-03 10:06:45,967 | WARNING | PUSH2 used: stock_common.sc_datasource.get_em_fund_flow
2026-08-03 10:06:46,975 | WARNING | PUSH2 used: stock_common.sc_datasource.get_em_fund_flow
2026-08-03 10:06:47,972 | WARNING | PUSH2 used: stock_common.sc_datasource.get_em_fund_flow
2026-08-03 10:06:48,976 | WARNING | PUSH2 used: stock_common.sc_datasource.get_em_fund_flow
2026-08-03 10:06:49,964 | WARNING | PUSH2 used: stock_common.sc_datasource.get_em_fund_flow
2026-08-03 10:06:50,958 | WARNING | PUSH2 used: stock_common.sc_datasource.get_em_fund_flow
2026-08-03 10:06:51,986 | WARNING | PUSH2 used: stock_common.sc_datasource.get_em_fund_flow
2026-08-03 10:06:52,963 | WARNING | PUSH2 used: stock_common.sc_datasource.get_em_fund_flow
2026-08-03 10:06:53,971 | WARNING | PUSH2 used: stock_common.sc_datasource.get_em_fund_flow
2026-08-03 10:06:55,142 | WARNING | PUSH2 used: stock_common.sc_datasource.get_em_fund_flow
2026-08-03 10:06:55,590 | WARNING | PUSH2 used: stock_common.sc_datasource.get_em_fund_flow
2026-08-03 10:06:57,117 | WARNING | PUSH2 used: stock_common.sc_datasource.get_em_fund_flow
2026-08-03 10:06:57,693 | WARNING | PUSH2 used: stock_common.sc_datasource.get_em_fund_flow
2026-08-03 10:06:58,692 | WARNING | PUSH2 used: stock_common.sc_datasource.get_em_fund_flow
2026-08-03 10:06:59,693 | WARNING | PUSH2 used: stock_common.sc_datasource.get_em_fund_flow
2026-08-03 10:07:00,555 | WARNING | PUSH2 used: stock_common.sc_datasource.get_em_fund_flow
2026-08-03 10:07:02,114 | WARNING | PUSH2 used: stock_common.sc_datasource.get_em_fund_flow
2026-08-03 10:07:02,537 | WARNING | PUSH2 used: stock_common.sc_datasource.get_em_fund_flow
2026-08-03 10:07:04,139 | WARNING | PUSH2 used: stock_common.sc_datasource.get_em_fund_flow
2026-08-03 10:07:04,634 | WARNING | PUSH2 used: stock_common.sc_datasource.get_em_fund_flow
2026-08-03 10:07:06,071 | WARNING | PUSH2 used: stock_common.sc_datasource.get_em_fund_flow
2026-08-03 10:07:06,517 | WARNING | PUSH2 used: stock_common.sc_datasource.get_em_fund_flow
2026-08-03 10:07:08,289 | WARNING | PUSH2 used: stock_common.sc_datasource.get_em_fund_flow
2026-08-03 10:07:08,677 | WARNING | PUSH2 used: stock_common.sc_datasource.get_em_fund_flow
2026-08-03 10:07:09,675 | WARNING | PUSH2 used: stock_common.sc_datasource.get_em_fund_flow
2026-08-03 10:07:10,676 | WARNING | PUSH2 used: stock_common.sc_datasource.get_em_fund_flow
2026-08-03 10:07:11,591 | WARNING | PUSH2 used: stock_common.sc_datasource.get_em_fund_flow
2026-08-03 10:07:13,047 | WARNING | PUSH2 used: stock_common.sc_datasource.get_em_fund_flow
2026-08-03 10:07:13,673 | WARNING | PUSH2 used: stock_common.sc_datasource.get_em_fund_flow
2026-08-03 10:07:14,677 | WARNING | PUSH2 used: stock_common.sc_datasource.get_em_fund_flow
2026-08-03 10:07:15,675 | WARNING | PUSH2 used: stock_common.sc_datasource.get_em_fund_flow
2026-08-03 10:07:16,560 | WARNING | PUSH2 used: stock_common.sc_datasource.get_em_fund_flow
2026-08-03 10:07:17,836 | WARNING | PUSH2 used: stock_common.sc_datasource.get_em_fund_flow
2026-08-03 10:07:18,853 | WARNING | PUSH2 used: stock_common.sc_datasource.get_em_fund_flow
2026-08-03 10:07:19,835 | WARNING | PUSH2 used: stock_common.sc_datasource.get_em_fund_flow
2026-08-03 10:07:20,847 | WARNING | PUSH2 used: stock_common.sc_datasource.get_em_fund_flow
2026-08-03 10:07:21,857 | WARNING | PUSH2 used: stock_common.sc_datasource.get_em_fund_flow
2026-08-03 10:07:22,854 | WARNING | PUSH2 used: stock_common.sc_datasource.get_em_fund_flow
2026-08-03 10:07:23,843 | WARNING | PUSH2 used: stock_common.sc_datasource.get_em_fund_flow
2026-08-03 10:07:24,857 | WARNING | PUSH2 used: stock_common.sc_datasource.get_em_fund_flow
2026-08-03 10:07:25,830 | WARNING | PUSH2 used: stock_common.sc_datasource.get_em_fund_flow
2026-08-03 10:07:26,849 | WARNING | PUSH2 used: stock_common.sc_datasource.get_em_fund_flow
2026-08-03 10:07:28,310 | WARNING | PUSH2 used: stock_common.sc_datasource.get_em_fund_flow
2026-08-03 10:07:28,477 | WARNING | PUSH2 used: stock_common.sc_datasource.get_em_fund_flow
2026-08-03 10:07:29,859 | WARNING | PUSH2 used: stock_common.sc_datasource.get_em_fund_flow
2026-08-03 10:07:30,824 | WARNING | PUSH2 used: stock_common.sc_datasource.get_em_fund_flow
2026-08-03 10:07:31,841 | WARNING | PUSH2 used: stock_common.sc_datasource.get_em_fund_flow
2026-08-03 10:07:32,828 | WARNING | PUSH2 used: stock_common.sc_datasource.get_em_fund_flow
2026-08-03 10:07:33,861 | WARNING | PUSH2 used: stock_common.sc_datasource.get_em_fund_flow
2026-08-03 10:07:34,834 | WARNING | PUSH2 used: stock_common.sc_datasource.get_em_fund_flow
2026-08-03 10:07:35,836 | WARNING | PUSH2 used: stock_common.sc_datasource.get_em_fund_flow
2026-08-03 10:07:36,812 | WARNING | PUSH2 used: stock_common.sc_datasource.get_em_fund_flow
2026-08-03 10:07:37,879 | WARNING | PUSH2 used: stock_common.sc_datasource.get_em_fund_flow
2026-08-03 10:07:38,862 | WARNING | PUSH2 used: stock_common.sc_datasource.get_em_fund_flow
2026-08-03 10:07:39,837 | WARNING | PUSH2 used: stock_common.sc_datasource.get_em_fund_flow
2026-08-03 10:07:40,833 | WARNING | PUSH2 used: stock_common.sc_datasource.get_em_fund_flow
2026-08-03 10:07:41,913 | WARNING | PUSH2 used: stock_common.sc_datasource.get_em_fund_flow
2026-08-03 10:07:42,835 | WARNING | PUSH2 used: stock_common.sc_datasource.get_em_fund_flow
2026-08-03 10:07:44,020 | WARNING | PUSH2 used: stock_common.sc_datasource.get_em_fund_flow
2026-08-03 10:07:44,675 | WARNING | PUSH2 used: stock_common.sc_datasource.get_em_fund_flow
2026-08-03 10:07:45,688 | WARNING | PUSH2 used: stock_common.sc_datasource.get_em_fund_flow
2026-08-03 10:07:46,678 | WARNING | PUSH2 used: stock_common.sc_datasource.get_em_fund_flow
2026-08-03 10:07:47,676 | WARNING | PUSH2 used: stock_common.sc_datasource.get_em_fund_flow
2026-08-03 10:07:48,680 | WARNING | PUSH2 used: stock_common.sc_datasource.get_em_fund_flow
2026-08-03 10:07:49,678 | WARNING | PUSH2 used: stock_common.sc_datasource.get_em_fund_flow
2026-08-03 10:07:50,682 | WARNING | PUSH2 used: stock_common.sc_datasource.get_em_fund_flow
2026-08-03 10:07:51,685 | WARNING | PUSH2 used: stock_common.sc_datasource.get_em_fund_flow
2026-08-03 10:07:52,679 | WARNING | PUSH2 used: stock_common.sc_datasource.get_em_fund_flow
2026-08-03 10:07:53,680 | WARNING | PUSH2 used: stock_common.sc_datasource.get_em_fund_flow
2026-08-03 10:07:54,676 | WARNING | PUSH2 used: stock_common.sc_datasource.get_em_fund_flow
2026-08-03 10:07:55,676 | WARNING | PUSH2 used: stock_common.sc_datasource.get_em_fund_flow
2026-08-03 10:07:56,676 | WARNING | PUSH2 used: stock_common.sc_datasource.get_em_fund_flow
2026-08-03 10:07:57,678 | WARNING | PUSH2 used: stock_common.sc_datasource.get_em_fund_flow
2026-08-03 10:07:58,681 | WARNING | PUSH2 used: stock_common.sc_datasource.get_em_fund_flow
2026-08-03 10:07:59,677 | WARNING | PUSH2 used: stock_common.sc_datasource.get_em_fund_flow
2026-08-03 10:08:00,677 | WARNING | PUSH2 used: stock_common.sc_datasource.get_em_fund_flow
2026-08-03 10:08:01,932 | WARNING | PUSH2 used: stock_common.sc_datasource.get_em_fund_flow
2026-08-03 10:08:02,685 | WARNING | PUSH2 used: stock_common.sc_datasource.get_em_fund_flow
2026-08-03 10:08:03,922 | WARNING | PUSH2 used: stock_common.sc_datasource.get_em_fund_flow
2026-08-03 10:08:04,477 | WARNING | PUSH2 used: stock_common.sc_datasource.get_em_fund_flow
2026-08-03 10:08:06,118 | WARNING | PUSH2 used: stock_common.sc_datasource.get_em_fund_flow
2026-08-03 10:08:06,942 | WARNING | PUSH2 used: stock_common.sc_datasource.get_em_fund_flow
2026-08-03 10:08:07,932 | WARNING | PUSH2 used: stock_common.sc_datasource.get_em_fund_flow
2026-08-03 10:08:08,929 | WARNING | PUSH2 used: stock_common.sc_datasource.get_em_fund_flow
2026-08-03 10:08:09,921 | WARNING | PUSH2 used: stock_common.sc_datasource.get_em_fund_flow
2026-08-03 10:08:10,928 | WARNING | PUSH2 used: stock_common.sc_datasource.get_em_fund_flow
2026-08-03 10:08:11,903 | WARNING | PUSH2 used: stock_common.sc_datasource.get_em_fund_flow
2026-08-03 10:08:12,910 | WARNING | PUSH2 used: stock_common.sc_datasource.get_em_fund_flow
2026-08-03 10:08:13,892 | WARNING | PUSH2 used: stock_common.sc_datasource.get_em_fund_flow
2026-08-03 10:08:14,887 | WARNING | PUSH2 used: stock_common.sc_datasource.get_em_fund_flow
2026-08-03 10:08:15,891 | WARNING | PUSH2 used: stock_common.sc_datasource.get_em_fund_flow
2026-08-03 10:08:16,890 | WARNING | PUSH2 used: stock_common.sc_datasource.get_em_fund_flow
2026-08-03 10:08:17,929 | WARNING | PUSH2 used: stock_common.sc_datasource.get_em_fund_flow
2026-08-03 10:08:18,968 | WARNING | PUSH2 used: stock_common.sc_datasource.get_em_fund_flow
2026-08-03 10:08:19,962 | WARNING | PUSH2 used: stock_common.sc_datasource.get_em_fund_flow
2026-08-03 10:08:20,955 | WARNING | PUSH2 used: stock_common.sc_datasource.get_em_fund_flow
2026-08-03 10:08:21,946 | WARNING | PUSH2 used: stock_common.sc_datasource.get_em_fund_flow
2026-08-03 10:08:22,931 | WARNING | PUSH2 used: stock_common.sc_datasource.get_em_fund_flow
2026-08-03 10:08:23,924 | WARNING | PUSH2 used: stock_common.sc_datasource.get_em_fund_flow
2026-08-03 10:08:24,928 | WARNING | PUSH2 used: stock_common.sc_datasource.get_em_fund_flow
2026-08-03 10:08:26,127 | WARNING | PUSH2 used: stock_common.sc_datasource.get_em_fund_flow
2026-08-03 10:08:26,532 | WARNING | PUSH2 used: stock_common.sc_datasource.get_em_fund_flow
2026-08-03 10:08:27,919 | WARNING | PUSH2 used: stock_common.sc_datasource.get_em_fund_flow
2026-08-03 10:08:29,084 | WARNING | PUSH2 used: stock_common.sc_datasource.get_em_fund_flow
2026-08-03 10:08:29,696 | WARNING | PUSH2 used: stock_common.sc_datasource.get_em_fund_flow
2026-08-03 10:08:30,527 | WARNING | PUSH2 used: stock_common.sc_datasource.get_em_fund_flow
2026-08-03 10:08:32,105 | WARNING | PUSH2 used: stock_common.sc_datasource.get_em_fund_flow
2026-08-03 10:08:32,696 | WARNING | PUSH2 used: stock_common.sc_datasource.get_em_fund_flow
2026-08-03 10:08:33,697 | WARNING | PUSH2 used: stock_common.sc_datasource.get_em_fund_flow
2026-08-03 10:08:34,701 | WARNING | PUSH2 used: stock_common.sc_datasource.get_em_fund_flow
2026-08-03 10:08:35,704 | WARNING | PUSH2 used: stock_common.sc_datasource.get_em_fund_flow
2026-08-03 10:08:36,701 | WARNING | PUSH2 used: stock_common.sc_datasource.get_em_fund_flow
2026-08-03 10:08:37,595 | WARNING | PUSH2 used: stock_common.sc_datasource.get_em_fund_flow
2026-08-03 10:08:39,055 | WARNING | PUSH2 used: stock_common.sc_datasource.get_em_fund_flow
2026-08-03 10:08:39,673 | WARNING | PUSH2 used: stock_common.sc_datasource.get_em_fund_flow
2026-08-03 10:08:40,676 | WARNING | PUSH2 used: stock_common.sc_datasource.get_em_fund_flow
2026-08-03 10:08:41,674 | WARNING | PUSH2 used: stock_common.sc_datasource.get_em_fund_flow
2026-08-03 10:08:42,673 | WARNING | PUSH2 used: stock_common.sc_datasource.get_em_fund_flow
2026-08-03 10:08:43,673 | WARNING | PUSH2 used: stock_common.sc_datasource.get_em_fund_flow
2026-08-03 10:08:44,674 | WARNING | PUSH2 used: stock_common.sc_datasource.get_em_fund_flow
2026-08-03 10:08:45,675 | WARNING | PUSH2 used: stock_common.sc_datasource.get_em_fund_flow
2026-08-03 10:08:46,673 | WARNING | PUSH2 used: stock_common.sc_datasource.get_em_fund_flow
2026-08-03 10:08:47,675 | WARNING | PUSH2 used: stock_common.sc_datasource.get_em_fund_flow
2026-08-03 10:08:48,674 | WARNING | PUSH2 used: stock_common.sc_datasource.get_em_fund_flow
2026-08-03 10:08:49,674 | WARNING | PUSH2 used: stock_common.sc_datasource.get_em_fund_flow
2026-08-03 10:08:50,675 | WARNING | PUSH2 used: stock_common.sc_datasource.get_em_fund_flow
2026-08-03 10:08:51,627 | WARNING | PUSH2 used: stock_common.sc_datasource.get_em_fund_flow
2026-08-03 10:08:52,842 | WARNING | PUSH2 used: stock_common.sc_datasource.get_em_fund_flow
2026-08-03 10:08:53,850 | WARNING | PUSH2 used: stock_common.sc_datasource.get_em_fund_flow
2026-08-03 10:08:54,857 | WARNING | PUSH2 used: stock_common.sc_datasource.get_em_fund_flow
2026-08-03 10:08:55,823 | WARNING | PUSH2 used: stock_common.sc_datasource.get_em_fund_flow
2026-08-03 10:08:56,814 | WARNING | PUSH2 used: stock_common.sc_datasource.get_em_fund_flow
2026-08-03 10:08:58,071 | WARNING | PUSH2 used: stock_common.sc_datasource.get_em_fund_flow
2026-08-03 10:08:58,824 | WARNING | PUSH2 used: stock_common.sc_datasource.get_em_fund_flow
2026-08-03 10:08:59,826 | WARNING | PUSH2 used: stock_common.sc_datasource.get_em_fund_flow
2026-08-03 10:09:00,847 | WARNING | PUSH2 used: stock_common.sc_datasource.get_em_fund_flow
2026-08-03 10:09:01,818 | WARNING | PUSH2 used: stock_common.sc_datasource.get_em_fund_flow
2026-08-03 10:09:02,856 | WARNING | PUSH2 used: stock_common.sc_datasource.get_em_fund_flow
2026-08-03 10:09:03,850 | WARNING | PUSH2 used: stock_common.sc_datasource.get_em_fund_flow
2026-08-03 10:09:04,843 | WARNING | PUSH2 used: stock_common.sc_datasource.get_em_fund_flow
2026-08-03 10:09:05,826 | WARNING | PUSH2 used: stock_common.sc_datasource.get_em_fund_flow
2026-08-03 10:09:06,820 | WARNING | PUSH2 used: stock_common.sc_datasource.get_em_fund_flow
2026-08-03 10:09:07,843 | WARNING | PUSH2 used: stock_common.sc_datasource.get_em_fund_flow
2026-08-03 10:09:08,826 | WARNING | PUSH2 used: stock_common.sc_datasource.get_em_fund_flow
2026-08-03 10:09:09,825 | WARNING | PUSH2 used: stock_common.sc_datasource.get_em_fund_flow
2026-08-03 10:09:10,830 | WARNING | PUSH2 used: stock_common.sc_datasource.get_em_fund_flow
2026-08-03 10:09:11,842 | WARNING | PUSH2 used: stock_common.sc_datasource.get_em_fund_flow
2026-08-03 10:09:13,075 | WARNING | PUSH2 used: stock_common.sc_datasource.get_em_fund_flow
2026-08-03 10:09:13,845 | WARNING | PUSH2 used: stock_common.sc_datasource.get_em_fund_flow
2026-08-03 10:09:14,879 | WARNING | PUSH2 used: stock_common.sc_datasource.get_em_fund_flow
2026-08-03 10:09:15,937 | WARNING | PUSH2 used: stock_common.sc_datasource.get_em_fund_flow
2026-08-03 10:09:17,023 | WARNING | PUSH2 used: stock_common.sc_datasource.get_em_fund_flow
2026-08-03 10:09:17,678 | WARNING | PUSH2 used: stock_common.sc_datasource.get_em_fund_flow
2026-08-03 10:09:18,679 | WARNING | PUSH2 used: stock_common.sc_datasource.get_em_fund_flow
2026-08-03 10:09:19,676 | WARNING | PUSH2 used: stock_common.sc_datasource.get_em_fund_flow
2026-08-03 10:09:20,677 | WARNING | PUSH2 used: stock_common.sc_datasource.get_em_fund_flow
2026-08-03 10:09:21,621 | WARNING | PUSH2 used: stock_common.sc_datasource.get_em_fund_flow
2026-08-03 10:09:23,060 | WARNING | PUSH2 used: stock_common.sc_datasource.get_em_fund_flow
2026-08-03 10:09:23,645 | WARNING | PUSH2 used: stock_common.sc_datasource.get_em_fund_flow
2026-08-03 10:09:25,316 | WARNING | PUSH2 used: stock_common.sc_datasource.get_em_fund_flow
2026-08-03 10:09:25,674 | WARNING | PUSH2 used: stock_common.sc_datasource.get_em_fund_flow
2026-08-03 10:09:26,672 | WARNING | PUSH2 used: stock_common.sc_datasource.get_em_fund_flow
2026-08-03 10:09:27,672 | WARNING | PUSH2 used: stock_common.sc_datasource.get_em_fund_flow
2026-08-03 10:09:28,696 | WARNING | PUSH2 used: stock_common.sc_datasource.get_em_fund_flow
2026-08-03 10:09:29,705 | WARNING | PUSH2 used: stock_common.sc_datasource.get_em_fund_flow
2026-08-03 10:09:30,679 | WARNING | PUSH2 used: stock_common.sc_datasource.get_em_fund_flow
2026-08-03 10:09:31,695 | WARNING | PUSH2 used: stock_common.sc_datasource.get_em_fund_flow
2026-08-03 10:09:32,707 | WARNING | PUSH2 used: stock_common.sc_datasource.get_em_fund_flow
2026-08-03 10:09:33,681 | WARNING | PUSH2 used: stock_common.sc_datasource.get_em_fund_flow
2026-08-03 10:09:34,673 | WARNING | PUSH2 used: stock_common.sc_datasource.get_em_fund_flow
2026-08-03 10:09:35,671 | WARNING | PUSH2 used: stock_common.sc_datasource.get_em_fund_flow
2026-08-03 10:09:36,674 | WARNING | PUSH2 used: stock_common.sc_datasource.get_em_fund_flow
2026-08-03 10:09:37,674 | WARNING | PUSH2 used: stock_common.sc_datasource.get_em_fund_flow
2026-08-03 10:09:38,497 | WARNING | PUSH2 used: stock_common.sc_datasource.get_em_fund_flow
2026-08-03 10:09:39,836 | WARNING | PUSH2 used: stock_common.sc_datasource.get_em_fund_flow
2026-08-03 10:09:41,028 | WARNING | PUSH2 used: stock_common.sc_datasource.get_em_fund_flow
2026-08-03 10:09:41,678 | WARNING | PUSH2 used: stock_common.sc_datasource.get_em_fund_flow
2026-08-03 10:09:42,678 | WARNING | PUSH2 used: stock_common.sc_datasource.get_em_fund_flow
2026-08-03 10:09:43,678 | WARNING | PUSH2 used: stock_common.sc_datasource.get_em_fund_flow
2026-08-03 10:09:44,677 | WARNING | PUSH2 used: stock_common.sc_datasource.get_em_fund_flow
2026-08-03 10:09:45,488 | WARNING | PUSH2 used: stock_common.sc_datasource.get_em_fund_flow
2026-08-03 10:09:46,844 | WARNING | PUSH2 used: stock_common.sc_datasource.get_em_fund_flow
2026-08-03 10:09:47,806 | WARNING | PUSH2 used: stock_common.sc_datasource.get_em_fund_flow
2026-08-03 10:09:48,843 | WARNING | PUSH2 used: stock_common.sc_datasource.get_em_fund_flow
2026-08-03 10:09:49,834 | WARNING | PUSH2 used: stock_common.sc_datasource.get_em_fund_flow
2026-08-03 10:09:50,824 | WARNING | PUSH2 used: stock_common.sc_datasource.get_em_fund_flow
2026-08-03 10:09:51,835 | WARNING | PUSH2 used: stock_common.sc_datasource.get_em_fund_flow
2026-08-03 10:09:52,806 | WARNING | PUSH2 used: stock_common.sc_datasource.get_em_fund_flow
2026-08-03 10:09:53,823 | WARNING | PUSH2 used: stock_common.sc_datasource.get_em_fund_flow
2026-08-03 10:09:54,806 | WARNING | PUSH2 used: stock_common.sc_datasource.get_em_fund_flow
2026-08-03 10:09:55,825 | WARNING | PUSH2 used: stock_common.sc_datasource.get_em_fund_flow
2026-08-03 10:09:56,811 | WARNING | PUSH2 used: stock_common.sc_datasource.get_em_fund_flow
2026-08-03 10:09:57,859 | WARNING | PUSH2 used: stock_common.sc_datasource.get_em_fund_flow
2026-08-03 10:09:58,835 | WARNING | PUSH2 used: stock_common.sc_datasource.get_em_fund_flow
2026-08-03 10:10:00,038 | WARNING | PUSH2 used: stock_common.sc_datasource.get_em_fund_flow
2026-08-03 10:10:00,615 | WARNING | PUSH2 used: stock_common.sc_datasource.get_em_fund_flow
2026-08-03 10:10:01,943 | WARNING | PUSH2 used: stock_common.sc_datasource.get_em_fund_flow
2026-08-03 10:10:02,941 | WARNING | PUSH2 used: stock_common.sc_datasource.get_em_fund_flow
2026-08-03 10:10:04,046 | WARNING | PUSH2 used: stock_common.sc_datasource.get_em_fund_flow
2026-08-03 10:10:04,680 | WARNING | PUSH2 used: stock_common.sc_datasource.get_em_fund_flow
2026-08-03 10:10:05,619 | WARNING | PUSH2 used: stock_common.sc_datasource.get_em_fund_flow
2026-08-03 10:10:07,031 | WARNING | PUSH2 used: stock_common.sc_datasource.get_em_fund_flow
2026-08-03 10:10:07,479 | WARNING | PUSH2 used: stock_common.sc_datasource.get_em_fund_flow
2026-08-03 10:10:09,053 | WARNING | PUSH2 used: stock_common.sc_datasource.get_em_fund_flow
2026-08-03 10:10:09,601 | WARNING | PUSH2 used: stock_common.sc_datasource.get_em_fund_flow
2026-08-03 10:10:11,020 | WARNING | PUSH2 used: stock_common.sc_datasource.get_em_fund_flow
2026-08-03 10:10:11,676 | WARNING | PUSH2 used: stock_common.sc_datasource.get_em_fund_flow
2026-08-03 10:10:12,675 | WARNING | PUSH2 used: stock_common.sc_datasource.get_em_fund_flow
2026-08-03 10:10:13,627 | WARNING | PUSH2 used: stock_common.sc_datasource.get_em_fund_flow
2026-08-03 10:10:15,036 | WARNING | PUSH2 used: stock_common.sc_datasource.get_em_fund_flow
2026-08-03 10:10:15,671 | WARNING | PUSH2 used: stock_common.sc_datasource.get_em_fund_flow
2026-08-03 10:10:16,674 | WARNING | PUSH2 used: stock_common.sc_datasource.get_em_fund_flow
2026-08-03 10:10:17,671 | WARNING | PUSH2 used: stock_common.sc_datasource.get_em_fund_flow
2026-08-03 10:10:18,662 | WARNING | PUSH2 used: stock_common.sc_datasource.get_em_fund_flow
2026-08-03 10:10:19,907 | WARNING | PUSH2 used: stock_common.sc_datasource.get_em_fund_flow
2026-08-03 10:10:20,844 | WARNING | PUSH2 used: stock_common.sc_datasource.get_em_fund_flow
2026-08-03 10:10:21,851 | WARNING | PUSH2 used: stock_common.sc_datasource.get_em_fund_flow
2026-08-03 10:10:22,826 | WARNING | PUSH2 used: stock_common.sc_datasource.get_em_fund_flow
2026-08-03 10:10:23,812 | WARNING | PUSH2 used: stock_common.sc_datasource.get_em_fund_flow
2026-08-03 10:10:24,818 | WARNING | PUSH2 used: stock_common.sc_datasource.get_em_fund_flow
2026-08-03 10:10:25,823 | WARNING | PUSH2 used: stock_common.sc_datasource.get_em_fund_flow
2026-08-03 10:10:26,816 | WARNING | PUSH2 used: stock_common.sc_datasource.get_em_fund_flow
2026-08-03 10:10:27,841 | WARNING | PUSH2 used: stock_common.sc_datasource.get_em_fund_flow
2026-08-03 10:10:28,847 | WARNING | PUSH2 used: stock_common.sc_datasource.get_em_fund_flow
2026-08-03 10:10:29,828 | WARNING | PUSH2 used: stock_common.sc_datasource.get_em_fund_flow
2026-08-03 10:10:30,866 | WARNING | PUSH2 used: stock_common.sc_datasource.get_em_fund_flow
2026-08-03 10:10:31,822 | WARNING | PUSH2 used: stock_common.sc_datasource.get_em_fund_flow
2026-08-03 10:10:32,816 | WARNING | PUSH2 used: stock_common.sc_datasource.get_em_fund_flow
2026-08-03 10:10:33,829 | WARNING | PUSH2 used: stock_common.sc_datasource.get_em_fund_flow
2026-08-03 10:10:34,836 | WARNING | PUSH2 used: stock_common.sc_datasource.get_em_fund_flow
2026-08-03 10:10:35,834 | WARNING | PUSH2 used: stock_common.sc_datasource.get_em_fund_flow
2026-08-03 10:10:36,841 | WARNING | PUSH2 used: stock_common.sc_datasource.get_em_fund_flow
2026-08-03 10:10:37,840 | WARNING | PUSH2 used: stock_common.sc_datasource.get_em_fund_flow
2026-08-03 10:10:38,869 | WARNING | PUSH2 used: stock_common.sc_datasource.get_em_fund_flow
2026-08-03 10:10:39,824 | WARNING | PUSH2 used: stock_common.sc_datasource.get_em_fund_flow
2026-08-03 10:10:40,810 | WARNING | PUSH2 used: stock_common.sc_datasource.get_em_fund_flow
2026-08-03 10:10:41,833 | WARNING | PUSH2 used: stock_common.sc_datasource.get_em_fund_flow
2026-08-03 10:10:42,829 | WARNING | PUSH2 used: stock_common.sc_datasource.get_em_fund_flow
2026-08-03 10:10:43,817 | WARNING | PUSH2 used: stock_common.sc_datasource.get_em_fund_flow
2026-08-03 10:10:44,836 | WARNING | PUSH2 used: stock_common.sc_datasource.get_em_fund_flow
2026-08-03 10:10:45,826 | WARNING | PUSH2 used: stock_common.sc_datasource.get_em_fund_flow
2026-08-03 10:10:46,831 | WARNING | PUSH2 used: stock_common.sc_datasource.get_em_fund_flow
2026-08-03 10:10:47,826 | WARNING | PUSH2 used: stock_common.sc_datasource.get_em_fund_flow
2026-08-03 10:10:48,986 | WARNING | PUSH2 used: stock_common.sc_datasource.get_em_fund_flow
2026-08-03 10:10:49,939 | WARNING | PUSH2 used: stock_common.sc_datasource.get_em_fund_flow
2026-08-03 10:10:51,061 | WARNING | PUSH2 used: stock_common.sc_datasource.get_em_fund_flow
2026-08-03 10:10:51,676 | WARNING | PUSH2 used: stock_common.sc_datasource.get_em_fund_flow
2026-08-03 10:10:52,677 | WARNING | PUSH2 used: stock_common.sc_datasource.get_em_fund_flow
2026-08-03 10:10:53,675 | WARNING | PUSH2 used: stock_common.sc_datasource.get_em_fund_flow
2026-08-03 10:10:54,674 | WARNING | PUSH2 used: stock_common.sc_datasource.get_em_fund_flow
2026-08-03 10:10:55,675 | WARNING | PUSH2 used: stock_common.sc_datasource.get_em_fund_flow
2026-08-03 10:10:56,677 | WARNING | PUSH2 used: stock_common.sc_datasource.get_em_fund_flow
2026-08-03 10:10:57,675 | WARNING | PUSH2 used: stock_common.sc_datasource.get_em_fund_flow
2026-08-03 10:10:58,675 | WARNING | PUSH2 used: stock_common.sc_datasource.get_em_fund_flow
2026-08-03 10:10:59,674 | WARNING | PUSH2 used: stock_common.sc_datasource.get_em_fund_flow
2026-08-03 10:11:00,676 | WARNING | PUSH2 used: stock_common.sc_datasource.get_em_fund_flow
2026-08-03 10:11:01,673 | WARNING | PUSH2 used: stock_common.sc_datasource.get_em_fund_flow
2026-08-03 10:11:02,675 | WARNING | PUSH2 used: stock_common.sc_datasource.get_em_fund_flow
2026-08-03 10:11:03,673 | WARNING | PUSH2 used: stock_common.sc_datasource.get_em_fund_flow
2026-08-03 10:13:01,110 | WARNING | PUSH2 used: stock_common.sc_datasource._fetch_batch
2026-08-03 10:13:01,491 | WARNING | PUSH2 used: stock_common.sc_datasource._fetch_batch
2026-08-03 10:13:01,860 | WARNING | PUSH2 used: stock_common.sc_datasource._fetch_batch
2026-08-03 10:13:02,227 | WARNING | PUSH2 used: stock_common.sc_datasource._fetch_batch
2026-08-03 10:13:02,651 | WARNING | PUSH2 used: stock_common.sc_datasource._fetch_batch
2026-08-03 10:13:03,490 | WARNING | PUSH2 used: stock_common.sc_datasource._fetch_batch
2026-08-03 10:13:04,491 | WARNING | PUSH2 used: stock_common.sc_datasource._fetch_batch
2026-08-03 10:13:05,487 | WARNING | PUSH2 used: stock_common.sc_datasource._fetch_batch
2026-08-03 10:13:06,493 | WARNING | PUSH2 used: stock_common.sc_datasource._fetch_batch
2026-08-03 10:13:07,520 | WARNING | PUSH2 used: stock_common.sc_datasource._fetch_batch
2026-08-03 10:13:08,523 | WARNING | PUSH2 used: stock_common.sc_datasource._fetch_batch
2026-08-03 10:13:09,501 | WARNING | PUSH2 used: stock_common.sc_datasource._fetch_batch
2026-08-03 10:13:10,476 | WARNING | PUSH2 used: stock_common.sc_datasource._fetch_batch
2026-08-03 10:13:11,492 | WARNING | PUSH2 used: stock_common.sc_datasource._fetch_batch
2026-08-03 10:13:12,531 | WARNING | PUSH2 used: stock_common.sc_datasource._fetch_batch
2026-08-03 10:13:13,603 | WARNING | PUSH2 used: stock_common.sc_datasource._fetch_batch
2026-08-03 10:13:14,680 | WARNING | PUSH2 used: stock_common.sc_datasource._fetch_batch
2026-08-03 10:13:15,696 | WARNING | PUSH2 used: stock_common.sc_datasource._fetch_batch
2026-08-03 10:13:16,347 | WARNING | PUSH2 used: stock_common.sc_datasource._fetch_batch
2026-08-03 10:13:17,346 | WARNING | PUSH2 used: stock_common.sc_datasource._fetch_batch
2026-08-03 10:13:18,345 | WARNING | PUSH2 used: stock_common.sc_datasource._fetch_batch
2026-08-03 10:13:19,345 | WARNING | PUSH2 used: stock_common.sc_datasource._fetch_batch
2026-08-03 10:13:20,347 | WARNING | PUSH2 used: stock_common.sc_datasource._fetch_batch
2026-08-03 10:13:21,343 | WARNING | PUSH2 used: stock_common.sc_datasource._fetch_batch
2026-08-03 10:13:22,343 | WARNING | PUSH2 used: stock_common.sc_datasource._fetch_batch
2026-08-03 10:13:23,345 | WARNING | PUSH2 used: stock_common.sc_datasource._fetch_batch
2026-08-03 10:13:24,345 | WARNING | PUSH2 used: stock_common.sc_datasource._fetch_batch
2026-08-03 10:13:25,361 | WARNING | PUSH2 used: stock_common.sc_datasource.get_em_quote_full
2026-08-03 10:13:26,344 | WARNING | PUSH2 used: stock_common.sc_datasource.get_em_quote_full
2026-08-03 10:13:27,343 | WARNING | PUSH2 used: stock_common.sc_datasource.get_em_quote_full
2026-08-03 10:13:28,341 | WARNING | PUSH2 used: stock_common.sc_datasource.get_em_quote_full
2026-08-03 10:13:29,344 | WARNING | PUSH2 used: stock_common.sc_datasource.get_em_quote_full
2026-08-03 10:13:30,145 | WARNING | PUSH2 used: stock_common.sc_datasource.get_em_quote_full
2026-08-03 10:13:31,474 | WARNING | PUSH2 used: stock_common.sc_datasource.get_em_quote_full
2026-08-03 10:13:32,479 | WARNING | PUSH2 used: stock_common.sc_datasource.get_em_quote_full
2026-08-03 10:13:33,470 | WARNING | PUSH2 used: stock_common.sc_datasource.get_em_quote_full
2026-08-03 10:13:34,484 | WARNING | PUSH2 used: stock_common.sc_datasource.get_em_quote_full
2026-08-03 10:13:35,491 | WARNING | PUSH2 used: stock_common.sc_datasource.get_em_quote_full
2026-08-03 10:13:36,469 | WARNING | PUSH2 used: stock_common.sc_datasource.get_em_quote_full
2026-08-03 10:13:37,500 | WARNING | PUSH2 used: stock_common.sc_datasource.get_em_quote_full
2026-08-03 10:13:38,531 | WARNING | PUSH2 used: stock_common.sc_datasource.get_em_quote_full
2026-08-03 10:13:39,494 | WARNING | PUSH2 used: stock_common.sc_datasource.get_em_quote_full
2026-08-03 10:13:40,502 | WARNING | PUSH2 used: stock_common.sc_datasource.get_em_quote_full
2026-08-03 10:13:41,476 | WARNING | PUSH2 used: stock_common.sc_datasource.get_em_quote_full
2026-08-03 10:13:42,490 | WARNING | PUSH2 used: stock_common.sc_datasource.get_em_quote_full
2026-08-03 10:13:43,489 | WARNING | PUSH2 used: stock_common.sc_datasource.get_em_quote_full
2026-08-03 10:13:44,484 | WARNING | PUSH2 used: stock_common.sc_datasource.get_em_quote_full
2026-08-03 10:13:45,475 | WARNING | PUSH2 used: stock_common.sc_datasource.get_em_quote_full
2026-08-03 10:13:46,492 | WARNING | PUSH2 used: stock_common.sc_datasource.get_em_quote_full
2026-08-03 10:13:47,481 | WARNING | PUSH2 used: stock_common.sc_datasource.get_em_quote_full
2026-08-03 10:13:48,532 | WARNING | PUSH2 used: stock_common.sc_datasource.get_em_quote_full
2026-08-03 10:13:49,494 | WARNING | PUSH2 used: stock_common.sc_datasource.get_em_quote_full
2026-08-03 10:13:50,489 | WARNING | PUSH2 used: stock_common.sc_datasource.get_em_quote_full
2026-08-03 10:13:51,469 | WARNING | PUSH2 used: stock_common.sc_datasource.get_em_quote_full
2026-08-03 10:13:52,480 | WARNING | PUSH2 used: stock_common.sc_datasource.get_em_quote_full
2026-08-03 10:13:53,508 | WARNING | PUSH2 used: stock_common.sc_datasource.get_em_quote_full
2026-08-03 10:13:54,500 | WARNING | PUSH2 used: stock_common.sc_datasource.get_em_quote_full
2026-08-03 10:13:55,489 | WARNING | PUSH2 used: stock_common.sc_datasource.get_em_quote_full
2026-08-03 10:13:56,524 | WARNING | PUSH2 used: stock_common.sc_datasource.get_em_quote_full
2026-08-03 10:13:57,508 | WARNING | PUSH2 used: stock_common.sc_datasource.get_em_quote_full
2026-08-03 10:13:58,666 | WARNING | PUSH2 used: stock_common.sc_datasource.get_em_quote_full
2026-08-03 10:13:59,336 | WARNING | PUSH2 used: stock_common.sc_datasource.get_em_quote_full
2026-08-03 10:14:00,158 | WARNING | PUSH2 used: stock_common.sc_datasource.get_em_quote_full
2026-08-03 10:14:01,688 | WARNING | PUSH2 used: stock_common.sc_datasource.get_em_quote_full
2026-08-03 10:14:02,188 | WARNING | PUSH2 used: stock_common.sc_datasource.get_em_quote_full
2026-08-03 10:14:03,667 | WARNING | PUSH2 used: stock_common.sc_datasource.get_em_quote_full
2026-08-03 10:14:04,338 | WARNING | PUSH2 used: stock_common.sc_datasource.get_em_quote_full
2026-08-03 10:14:05,340 | WARNING | PUSH2 used: stock_common.sc_datasource.get_em_quote_full
2026-08-03 10:14:06,337 | WARNING | PUSH2 used: stock_common.sc_datasource.get_em_quote_full
2026-08-03 10:14:07,339 | WARNING | PUSH2 used: stock_common.sc_datasource.get_em_quote_full
2026-08-03 10:14:08,338 | WARNING | PUSH2 used: stock_common.sc_datasource.get_em_quote_full
2026-08-03 10:14:09,337 | WARNING | PUSH2 used: stock_common.sc_datasource.get_em_quote_full
2026-08-03 10:14:10,338 | WARNING | PUSH2 used: stock_common.sc_datasource.get_em_quote_full
2026-08-03 10:14:11,338 | WARNING | PUSH2 used: stock_common.sc_datasource.get_em_quote_full
2026-08-03 10:14:12,338 | WARNING | PUSH2 used: stock_common.sc_datasource.get_em_quote_full
2026-08-03 10:14:13,339 | WARNING | PUSH2 used: stock_common.sc_datasource.get_em_quote_full
2026-08-03 10:14:14,339 | WARNING | PUSH2 used: stock_common.sc_datasource.get_em_quote_full
2026-08-03 10:14:15,178 | WARNING | PUSH2 used: stock_common.sc_datasource.get_em_quote_full
2026-08-03 10:14:16,677 | WARNING | PUSH2 used: stock_common.sc_datasource.get_em_quote_full
2026-08-03 10:14:17,168 | WARNING | PUSH2 used: stock_common.sc_datasource.get_em_quote_full
2026-08-03 10:14:18,479 | WARNING | PUSH2 used: stock_common.sc_datasource.get_em_quote_full
2026-08-03 10:14:19,478 | WARNING | PUSH2 used: stock_common.sc_datasource.get_em_quote_full
2026-08-03 10:14:20,467 | WARNING | PUSH2 used: stock_common.sc_datasource.get_em_quote_full
2026-08-03 10:14:21,495 | WARNING | PUSH2 used: stock_common.sc_datasource.get_em_quote_full
2026-08-03 10:14:22,472 | WARNING | PUSH2 used: stock_common.sc_datasource.get_em_quote_full
2026-08-03 10:14:23,485 | WARNING | PUSH2 used: stock_common.sc_datasource.get_em_quote_full
2026-08-03 10:14:24,477 | WARNING | PUSH2 used: stock_common.sc_datasource.get_em_quote_full
2026-08-03 10:14:25,496 | WARNING | PUSH2 used: stock_common.sc_datasource.get_em_quote_full
2026-08-03 10:14:26,736 | WARNING | PUSH2 used: stock_common.sc_datasource.get_em_quote_full
2026-08-03 10:14:27,474 | WARNING | PUSH2 used: stock_common.sc_datasource.get_em_quote_full
2026-08-03 10:14:28,492 | WARNING | PUSH2 used: stock_common.sc_datasource.get_em_quote_full
2026-08-03 10:14:29,468 | WARNING | PUSH2 used: stock_common.sc_datasource.get_em_quote_full
2026-08-03 10:14:30,468 | WARNING | PUSH2 used: stock_common.sc_datasource.get_em_quote_full
2026-08-03 10:14:31,493 | WARNING | PUSH2 used: stock_common.sc_datasource.get_em_quote_full
2026-08-03 10:14:32,482 | WARNING | PUSH2 used: stock_common.sc_datasource.get_em_quote_full
2026-08-03 10:14:33,487 | WARNING | PUSH2 used: stock_common.sc_datasource.get_em_quote_full
2026-08-03 10:14:34,480 | WARNING | PUSH2 used: stock_common.sc_datasource.get_em_quote_full
2026-08-03 10:14:35,476 | WARNING | PUSH2 used: stock_common.sc_datasource.get_em_quote_full
2026-08-03 10:14:36,957 | WARNING | PUSH2 used: stock_common.sc_datasource.get_em_quote_full
2026-08-03 10:14:37,740 | WARNING | PUSH2 used: stock_common.sc_datasource.get_em_quote_full
2026-08-03 10:14:38,490 | WARNING | PUSH2 used: stock_common.sc_datasource.get_em_quote_full
2026-08-03 10:14:39,477 | WARNING | PUSH2 used: stock_common.sc_datasource.get_em_quote_full
2026-08-03 10:14:40,476 | WARNING | PUSH2 used: stock_common.sc_datasource.get_em_quote_full
2026-08-03 10:14:41,485 | WARNING | PUSH2 used: stock_common.sc_datasource.get_em_quote_full
2026-08-03 10:14:42,608 | WARNING | PUSH2 used: stock_common.sc_datasource.get_em_quote_full
2026-08-03 10:14:43,472 | WARNING | PUSH2 used: stock_common.sc_datasource.get_em_quote_full
2026-08-03 10:14:44,672 | WARNING | PUSH2 used: stock_common.sc_datasource.get_em_quote_full
2026-08-03 10:14:45,345 | WARNING | PUSH2 used: stock_common.sc_datasource.get_em_quote_full
2026-08-03 10:14:46,296 | WARNING | PUSH2 used: stock_common.sc_datasource.get_em_quote_full
2026-08-03 10:14:47,695 | WARNING | PUSH2 used: stock_common.sc_datasource.get_em_quote_full
2026-08-03 10:14:48,345 | WARNING | PUSH2 used: stock_common.sc_datasource.get_em_quote_full
2026-08-03 10:14:49,348 | WARNING | PUSH2 used: stock_common.sc_datasource.get_em_quote_full
2026-08-03 10:14:50,345 | WARNING | PUSH2 used: stock_common.sc_datasource.get_em_quote_full
2026-08-03 10:14:51,361 | WARNING | PUSH2 used: stock_common.sc_datasource.get_em_quote_full
2026-08-03 10:14:52,344 | WARNING | PUSH2 used: stock_common.sc_datasource.get_em_quote_full
2026-08-03 10:14:53,350 | WARNING | PUSH2 used: stock_common.sc_datasource.get_em_quote_full
2026-08-03 10:14:54,347 | WARNING | PUSH2 used: stock_common.sc_datasource.get_em_quote_full
2026-08-03 10:14:55,348 | WARNING | PUSH2 used: stock_common.sc_datasource.get_em_quote_full
2026-08-03 10:14:56,346 | WARNING | PUSH2 used: stock_common.sc_datasource.get_em_quote_full
2026-08-03 10:14:57,347 | WARNING | PUSH2 used: stock_common.sc_datasource.get_em_quote_full
2026-08-03 10:14:58,347 | WARNING | PUSH2 used: stock_common.sc_datasource.get_em_quote_full
2026-08-03 10:14:59,348 | WARNING | PUSH2 used: stock_common.sc_datasource.get_em_quote_full
2026-08-03 10:15:00,346 | WARNING | PUSH2 used: stock_common.sc_datasource.get_em_quote_full
2026-08-03 10:15:01,349 | WARNING | PUSH2 used: stock_common.sc_datasource.get_em_quote_full
2026-08-03 10:15:02,349 | WARNING | PUSH2 used: stock_common.sc_datasource.get_em_quote_full
2026-08-03 10:15:03,364 | WARNING | PUSH2 used: stock_common.sc_datasource.get_em_quote_full
2026-08-03 10:15:04,163 | WARNING | PUSH2 used: stock_common.sc_datasource.get_em_quote_full
2026-08-03 10:15:05,520 | WARNING | PUSH2 used: stock_common.sc_datasource.get_em_quote_full
2026-08-03 10:15:06,485 | WARNING | PUSH2 used: stock_common.sc_datasource.get_em_quote_full
2026-08-03 10:15:07,530 | WARNING | PUSH2 used: stock_common.sc_datasource.get_em_quote_full
2026-08-03 10:15:08,482 | WARNING | PUSH2 used: stock_common.sc_datasource.get_em_quote_full
2026-08-03 10:15:09,497 | WARNING | PUSH2 used: stock_common.sc_datasource.get_em_quote_full
2026-08-03 10:15:10,522 | WARNING | PUSH2 used: stock_common.sc_datasource.get_em_quote_full
2026-08-03 10:15:11,508 | WARNING | PUSH2 used: stock_common.sc_datasource.get_em_quote_full
2026-08-03 10:15:12,490 | WARNING | PUSH2 used: stock_common.sc_datasource.get_em_quote_full
2026-08-03 10:15:13,493 | WARNING | PUSH2 used: stock_common.sc_datasource.get_em_quote_full
2026-08-03 10:15:14,509 | WARNING | PUSH2 used: stock_common.sc_datasource.get_em_quote_full
2026-08-03 10:15:15,506 | WARNING | PUSH2 used: stock_common.sc_datasource.get_em_quote_full
2026-08-03 10:15:16,491 | WARNING | PUSH2 used: stock_common.sc_datasource.get_em_quote_full
2026-08-03 10:15:17,490 | WARNING | PUSH2 used: stock_common.sc_datasource.get_em_quote_full
2026-08-03 10:15:18,478 | WARNING | PUSH2 used: stock_common.sc_datasource.get_em_quote_full
2026-08-03 10:15:19,491 | WARNING | PUSH2 used: stock_common.sc_datasource.get_em_quote_full
2026-08-03 10:15:20,488 | WARNING | PUSH2 used: stock_common.sc_datasource.get_em_quote_full
2026-08-03 10:15:21,493 | WARNING | PUSH2 used: stock_common.sc_datasource.get_em_quote_full
2026-08-03 10:15:22,493 | WARNING | PUSH2 used: stock_common.sc_datasource.get_em_quote_full
2026-08-03 10:15:23,509 | WARNING | PUSH2 used: stock_common.sc_datasource.get_em_quote_full
2026-08-03 10:15:24,525 | WARNING | PUSH2 used: stock_common.sc_datasource.get_em_quote_full
2026-08-03 10:15:25,495 | WARNING | PUSH2 used: stock_common.sc_datasource.get_em_quote_full
2026-08-03 10:15:26,497 | WARNING | PUSH2 used: stock_common.sc_datasource.get_em_quote_full
2026-08-03 10:15:27,573 | WARNING | PUSH2 used: stock_common.sc_datasource.get_em_quote_full
2026-08-03 10:15:28,718 | WARNING | PUSH2 used: stock_common.sc_datasource.get_em_quote_full
2026-08-03 10:15:29,343 | WARNING | PUSH2 used: stock_common.sc_datasource.get_em_quote_full
2026-08-03 10:15:30,148 | WARNING | PUSH2 used: stock_common.sc_datasource.get_em_quote_full
2026-08-03 10:15:31,513 | WARNING | PUSH2 used: stock_common.sc_datasource.get_em_quote_full
2026-08-03 10:15:32,539 | WARNING | PUSH2 used: stock_common.sc_datasource.get_em_quote_full
2026-08-03 10:15:33,141 | WARNING | PUSH2 used: stock_common.sc_datasource.get_em_quote_full
2026-08-03 10:15:34,139 | WARNING | PUSH2 used: stock_common.sc_datasource.get_em_quote_full
2026-08-03 10:15:35,138 | WARNING | PUSH2 used: stock_common.sc_datasource.get_em_quote_full
2026-08-03 10:15:36,139 | WARNING | PUSH2 used: stock_common.sc_datasource.get_em_quote_full
2026-08-03 10:15:37,141 | WARNING | PUSH2 used: stock_common.sc_datasource.get_em_quote_full
2026-08-03 10:15:38,141 | WARNING | PUSH2 used: stock_common.sc_datasource.get_em_quote_full
2026-08-03 10:15:39,139 | WARNING | PUSH2 used: stock_common.sc_datasource.get_em_quote_full
2026-08-03 10:15:40,141 | WARNING | PUSH2 used: stock_common.sc_datasource.get_em_quote_full
2026-08-03 10:15:41,141 | WARNING | PUSH2 used: stock_common.sc_datasource.get_em_quote_full
2026-08-03 10:15:42,140 | WARNING | PUSH2 used: stock_common.sc_datasource.get_em_quote_full
2026-08-03 10:15:43,139 | WARNING | PUSH2 used: stock_common.sc_datasource.get_em_quote_full
2026-08-03 10:15:44,144 | WARNING | PUSH2 used: stock_common.sc_datasource.get_em_quote_full
2026-08-03 10:15:45,140 | WARNING | PUSH2 used: stock_common.sc_datasource.get_em_quote_full
2026-08-03 10:15:46,141 | WARNING | PUSH2 used: stock_common.sc_datasource.get_em_quote_full
2026-08-03 10:15:47,139 | WARNING | PUSH2 used: stock_common.sc_datasource.get_em_quote_full
2026-08-03 10:15:48,268 | WARNING | PUSH2 used: stock_common.sc_datasource.get_em_quote_full
2026-08-03 10:15:49,703 | WARNING | PUSH2 used: stock_common.sc_datasource.get_em_quote_full
2026-08-03 10:15:50,172 | WARNING | PUSH2 used: stock_common.sc_datasource.get_em_quote_full
2026-08-03 10:15:51,525 | WARNING | PUSH2 used: stock_common.sc_datasource.get_em_quote_full
2026-08-03 10:15:52,493 | WARNING | PUSH2 used: stock_common.sc_datasource.get_em_quote_full
2026-08-03 10:15:53,512 | WARNING | PUSH2 used: stock_common.sc_datasource.get_em_quote_full
2026-08-03 10:15:54,499 | WARNING | PUSH2 used: stock_common.sc_datasource.get_em_quote_full
2026-08-03 10:15:55,498 | WARNING | PUSH2 used: stock_common.sc_datasource.get_em_quote_full
2026-08-03 10:15:56,531 | WARNING | PUSH2 used: stock_common.sc_datasource.get_em_quote_full
2026-08-03 10:15:57,527 | WARNING | PUSH2 used: stock_common.sc_datasource.get_em_quote_full
2026-08-03 10:15:58,497 | WARNING | PUSH2 used: stock_common.sc_datasource.get_em_quote_full
2026-08-03 10:15:59,478 | WARNING | PUSH2 used: stock_common.sc_datasource.get_em_quote_full
2026-08-03 10:16:00,498 | WARNING | PUSH2 used: stock_common.sc_datasource.get_em_quote_full
2026-08-03 10:16:01,511 | WARNING | PUSH2 used: stock_common.sc_datasource.get_em_quote_full
2026-08-03 10:16:02,494 | WARNING | PUSH2 used: stock_common.sc_datasource.get_em_quote_full
2026-08-03 10:16:03,520 | WARNING | PUSH2 used: stock_common.sc_datasource.get_em_quote_full
2026-08-03 10:16:04,509 | WARNING | PUSH2 used: stock_common.sc_datasource.get_em_quote_full
2026-08-03 10:16:05,486 | WARNING | PUSH2 used: stock_common.sc_datasource.get_em_quote_full
2026-08-03 10:16:06,492 | WARNING | PUSH2 used: stock_common.sc_datasource.get_em_quote_full
2026-08-03 10:16:07,496 | WARNING | PUSH2 used: stock_common.sc_datasource.get_em_quote_full
2026-08-03 10:16:08,483 | WARNING | PUSH2 used: stock_common.sc_datasource.get_em_quote_full
2026-08-03 10:16:09,502 | WARNING | PUSH2 used: stock_common.sc_datasource.get_em_quote_full
2026-08-03 10:16:10,489 | WARNING | PUSH2 used: stock_common.sc_datasource.get_em_quote_full
2026-08-03 10:16:11,488 | WARNING | PUSH2 used: stock_common.sc_datasource.get_em_quote_full
2026-08-03 10:16:12,504 | WARNING | PUSH2 used: stock_common.sc_datasource.get_em_quote_full
2026-08-03 10:16:13,694 | WARNING | PUSH2 used: stock_common.sc_datasource.get_em_quote_full
2026-08-03 10:16:14,338 | WARNING | PUSH2 used: stock_common.sc_datasource.get_em_quote_full
2026-08-03 10:16:15,179 | WARNING | PUSH2 used: stock_common.sc_datasource.get_em_quote_full
2026-08-03 10:16:16,749 | WARNING | PUSH2 used: stock_common.sc_datasource.get_em_quote_full
2026-08-03 10:16:17,156 | WARNING | PUSH2 used: stock_common.sc_datasource.get_em_quote_full
2026-08-03 10:16:18,694 | WARNING | PUSH2 used: stock_common.sc_datasource.get_em_quote_full
2026-08-03 10:16:19,220 | WARNING | PUSH2 used: stock_common.sc_datasource.get_em_quote_full
2026-08-03 10:16:20,695 | WARNING | PUSH2 used: stock_common.sc_datasource.get_em_quote_full
2026-08-03 10:16:21,341 | WARNING | PUSH2 used: stock_common.sc_datasource.get_em_quote_full
2026-08-03 10:16:22,337 | WARNING | PUSH2 used: stock_common.sc_datasource.get_em_quote_full
2026-08-03 10:16:23,339 | WARNING | PUSH2 used: stock_common.sc_datasource.get_em_quote_full
2026-08-03 10:16:24,339 | WARNING | PUSH2 used: stock_common.sc_datasource.get_em_quote_full
2026-08-03 10:16:25,340 | WARNING | PUSH2 used: stock_common.sc_datasource.get_em_quote_full
2026-08-03 10:16:26,339 | WARNING | PUSH2 used: stock_common.sc_datasource.get_em_quote_full
2026-08-03 10:16:27,340 | WARNING | PUSH2 used: stock_common.sc_datasource.get_em_quote_full
2026-08-03 10:16:28,338 | WARNING | PUSH2 used: stock_common.sc_datasource.get_em_quote_full
2026-08-03 10:16:29,339 | WARNING | PUSH2 used: stock_common.sc_datasource.get_em_quote_full
2026-08-03 10:16:30,338 | WARNING | PUSH2 used: stock_common.sc_datasource.get_em_quote_full
2026-08-03 10:16:31,346 | WARNING | PUSH2 used: stock_common.sc_datasource.get_em_quote_full
2026-08-03 10:16:32,338 | WARNING | PUSH2 used: stock_common.sc_datasource.get_em_quote_full
2026-08-03 10:16:33,340 | WARNING | PUSH2 used: stock_common.sc_datasource.get_em_quote_full
2026-08-03 10:16:34,337 | WARNING | PUSH2 used: stock_common.sc_datasource.get_em_quote_full
2026-08-03 10:16:35,340 | WARNING | PUSH2 used: stock_common.sc_datasource.get_em_quote_full
2026-08-03 10:16:36,339 | WARNING | PUSH2 used: stock_common.sc_datasource.get_em_quote_full
2026-08-03 10:16:37,142 | WARNING | PUSH2 used: stock_common.sc_datasource.get_em_quote_full
2026-08-03 10:16:38,630 | WARNING | PUSH2 used: stock_common.sc_datasource.get_em_quote_full
2026-08-03 10:16:39,587 | WARNING | PUSH2 used: stock_common.sc_datasource.get_em_quote_full
2026-08-03 10:16:40,565 | WARNING | PUSH2 used: stock_common.sc_datasource.get_em_quote_full
2026-08-03 10:16:41,588 | WARNING | PUSH2 used: stock_common.sc_datasource.get_em_quote_full
2026-08-03 10:16:42,584 | WARNING | PUSH2 used: stock_common.sc_datasource.get_em_quote_full
2026-08-03 10:16:43,558 | WARNING | PUSH2 used: stock_common.sc_datasource.get_em_quote_full
2026-08-03 10:16:44,535 | WARNING | PUSH2 used: stock_common.sc_datasource.get_em_quote_full
2026-08-03 10:16:45,568 | WARNING | PUSH2 used: stock_common.sc_datasource.get_em_quote_full
2026-08-03 10:16:46,540 | WARNING | PUSH2 used: stock_common.sc_datasource.get_em_quote_full
2026-08-03 10:16:47,474 | WARNING | PUSH2 used: stock_common.sc_datasource.get_em_quote_full
2026-08-03 10:16:48,505 | WARNING | PUSH2 used: stock_common.sc_datasource.get_em_quote_full
2026-08-03 10:16:49,513 | WARNING | PUSH2 used: stock_common.sc_datasource.get_em_quote_full
2026-08-03 10:16:50,532 | WARNING | PUSH2 used: stock_common.sc_datasource.get_em_quote_full
2026-08-03 10:16:51,507 | WARNING | PUSH2 used: stock_common.sc_datasource.get_em_quote_full
2026-08-03 10:16:52,497 | WARNING | PUSH2 used: stock_common.sc_datasource.get_em_quote_full
2026-08-03 10:16:53,538 | WARNING | PUSH2 used: stock_common.sc_datasource.get_em_quote_full
2026-08-03 10:16:54,517 | WARNING | PUSH2 used: stock_common.sc_datasource.get_em_quote_full
2026-08-03 10:16:55,478 | WARNING | PUSH2 used: stock_common.sc_datasource.get_em_quote_full
2026-08-03 10:16:56,521 | WARNING | PUSH2 used: stock_common.sc_datasource.get_em_quote_full
2026-08-03 10:16:57,490 | WARNING | PUSH2 used: stock_common.sc_datasource.get_em_quote_full
2026-08-03 10:16:58,480 | WARNING | PUSH2 used: stock_common.sc_datasource.get_em_quote_full
2026-08-03 10:16:59,520 | WARNING | PUSH2 used: stock_common.sc_datasource.get_em_quote_full
2026-08-03 10:17:00,719 | WARNING | PUSH2 used: stock_common.sc_datasource.get_em_quote_full
2026-08-03 10:17:01,339 | WARNING | PUSH2 used: stock_common.sc_datasource.get_em_quote_full
2026-08-03 10:17:02,338 | WARNING | PUSH2 used: stock_common.sc_datasource.get_em_quote_full
2026-08-03 10:17:03,339 | WARNING | PUSH2 used: stock_common.sc_datasource.get_em_quote_full
2026-08-03 10:17:04,340 | WARNING | PUSH2 used: stock_common.sc_datasource.get_em_quote_full
2026-08-03 10:17:05,341 | WARNING | PUSH2 used: stock_common.sc_datasource.get_em_quote_full
2026-08-03 10:17:06,340 | WARNING | PUSH2 used: stock_common.sc_datasource.get_em_quote_full
2026-08-03 10:17:07,338 | WARNING | PUSH2 used: stock_common.sc_datasource.get_em_quote_full
2026-08-03 10:17:08,340 | WARNING | PUSH2 used: stock_common.sc_datasource.get_em_quote_full
2026-08-03 10:17:09,338 | WARNING | PUSH2 used: stock_common.sc_datasource.get_em_quote_full
2026-08-03 10:17:10,187 | WARNING | PUSH2 used: stock_common.sc_datasource.get_em_quote_full
2026-08-03 10:17:11,689 | WARNING | PUSH2 used: stock_common.sc_datasource.get_em_quote_full
2026-08-03 10:17:12,340 | WARNING | PUSH2 used: stock_common.sc_datasource.get_em_quote_full
2026-08-03 10:17:13,342 | WARNING | PUSH2 used: stock_common.sc_datasource.get_em_quote_full
2026-08-03 10:17:14,339 | WARNING | PUSH2 used: stock_common.sc_datasource.get_em_quote_full
2026-08-03 10:17:15,344 | WARNING | PUSH2 used: stock_common.sc_datasource.get_em_quote_full
2026-08-03 10:17:16,338 | WARNING | PUSH2 used: stock_common.sc_datasource.get_em_quote_full
2026-08-03 10:17:17,342 | WARNING | PUSH2 used: stock_common.sc_datasource.get_em_quote_full
2026-08-03 10:17:18,342 | WARNING | PUSH2 used: stock_common.sc_datasource.get_em_quote_full
2026-08-03 10:17:19,339 | WARNING | PUSH2 used: stock_common.sc_datasource.get_em_quote_full
2026-08-03 10:17:20,340 | WARNING | PUSH2 used: stock_common.sc_datasource.get_em_quote_full
2026-08-03 10:17:21,341 | WARNING | PUSH2 used: stock_common.sc_datasource.get_em_quote_full
2026-08-03 10:17:22,340 | WARNING | PUSH2 used: stock_common.sc_datasource.get_em_quote_full
2026-08-03 10:17:23,342 | WARNING | PUSH2 used: stock_common.sc_datasource.get_em_quote_full
2026-08-03 10:17:24,143 | WARNING | PUSH2 used: stock_common.sc_datasource.get_em_quote_full
2026-08-03 10:17:25,544 | WARNING | PUSH2 used: stock_common.sc_datasource.get_em_quote_full
2026-08-03 10:17:26,654 | WARNING | PUSH2 used: stock_common.sc_datasource.get_em_quote_full
2026-08-03 10:17:27,706 | WARNING | PUSH2 used: stock_common.sc_datasource.get_em_quote_full
2026-08-03 10:17:28,667 | WARNING | PUSH2 used: stock_common.sc_datasource.get_em_quote_full
2026-08-03 10:17:29,590 | WARNING | PUSH2 used: stock_common.sc_datasource.get_em_quote_full
2026-08-03 10:17:30,623 | WARNING | PUSH2 used: stock_common.sc_datasource.get_em_quote_full
2026-08-03 10:17:31,628 | WARNING | PUSH2 used: stock_common.sc_datasource.get_em_quote_full
2026-08-03 10:17:32,600 | WARNING | PUSH2 used: stock_common.sc_datasource.get_em_quote_full
2026-08-03 10:17:33,599 | WARNING | PUSH2 used: stock_common.sc_datasource.get_em_quote_full
2026-08-03 10:17:34,792 | WARNING | PUSH2 used: stock_common.sc_datasource.get_em_quote_full
2026-08-03 10:17:35,358 | WARNING | PUSH2 used: stock_common.sc_datasource.get_em_quote_full
2026-08-03 10:17:36,361 | WARNING | PUSH2 used: stock_common.sc_datasource.get_em_quote_full
2026-08-03 10:17:37,357 | WARNING | PUSH2 used: stock_common.sc_datasource.get_em_quote_full
2026-08-03 10:17:38,266 | WARNING | PUSH2 used: stock_common.sc_datasource.get_em_quote_full
2026-08-03 10:17:39,679 | WARNING | PUSH2 used: stock_common.sc_datasource.get_em_quote_full
2026-08-03 10:17:40,624 | WARNING | PUSH2 used: stock_common.sc_datasource.get_em_quote_full
2026-08-03 10:17:41,760 | WARNING | PUSH2 used: stock_common.sc_datasource.get_em_quote_full
2026-08-03 10:17:42,646 | WARNING | PUSH2 used: stock_common.sc_datasource.get_em_quote_full
2026-08-03 10:17:43,636 | WARNING | PUSH2 used: stock_common.sc_datasource.get_em_quote_full
2026-08-03 10:17:44,658 | WARNING | PUSH2 used: stock_common.sc_datasource.get_em_quote_full
2026-08-03 10:17:45,782 | WARNING | PUSH2 used: stock_common.sc_datasource.get_em_quote_full
2026-08-03 10:17:46,193 | WARNING | PUSH2 used: stock_common.sc_datasource.get_em_quote_full
2026-08-03 10:17:47,764 | WARNING | PUSH2 used: stock_common.sc_datasource.get_em_quote_full
2026-08-03 10:17:48,853 | WARNING | PUSH2 used: stock_common.sc_datasource.get_em_quote_full
2026-08-03 10:17:49,192 | WARNING | PUSH2 used: stock_common.sc_datasource.get_em_quote_full
2026-08-03 10:17:50,754 | WARNING | PUSH2 used: stock_common.sc_datasource.get_em_quote_full
2026-08-03 10:17:51,635 | WARNING | PUSH2 used: stock_common.sc_datasource.get_em_quote_full
2026-08-03 10:17:52,798 | WARNING | PUSH2 used: stock_common.sc_datasource.get_em_quote_full
2026-08-03 10:17:53,355 | WARNING | PUSH2 used: stock_common.sc_datasource.get_em_quote_full
2026-08-03 10:17:54,355 | WARNING | PUSH2 used: stock_common.sc_datasource.get_em_quote_full
2026-08-03 10:17:55,353 | WARNING | PUSH2 used: stock_common.sc_datasource.get_em_quote_full
2026-08-03 10:17:56,357 | WARNING | PUSH2 used: stock_common.sc_datasource.get_em_quote_full
2026-08-03 10:17:57,354 | WARNING | PUSH2 used: stock_common.sc_datasource.get_em_quote_full
2026-08-03 10:17:58,354 | WARNING | PUSH2 used: stock_common.sc_datasource.get_em_quote_full
2026-08-03 10:17:59,357 | WARNING | PUSH2 used: stock_common.sc_datasource.get_em_quote_full
2026-08-03 10:18:00,355 | WARNING | PUSH2 used: stock_common.sc_datasource.get_em_quote_full
2026-08-03 10:18:01,354 | WARNING | PUSH2 used: stock_common.sc_datasource.get_em_quote_full
2026-08-03 10:18:02,355 | WARNING | PUSH2 used: stock_common.sc_datasource.get_em_quote_full
2026-08-03 10:18:03,354 | WARNING | PUSH2 used: stock_common.sc_datasource.get_em_quote_full
2026-08-03 10:18:04,378 | WARNING | PUSH2 used: stock_common.sc_datasource.get_em_quote_full
2026-08-03 10:18:05,354 | WARNING | PUSH2 used: stock_common.sc_datasource.get_em_quote_full
2026-08-03 10:18:06,353 | WARNING | PUSH2 used: stock_common.sc_datasource.get_em_quote_full
2026-08-03 10:18:07,356 | WARNING | PUSH2 used: stock_common.sc_datasource.get_em_quote_full
2026-08-03 10:18:08,355 | WARNING | PUSH2 used: stock_common.sc_datasource.get_em_quote_full
2026-08-03 10:18:09,354 | WARNING | PUSH2 used: stock_common.sc_datasource.get_em_quote_full
2026-08-03 10:18:10,267 | WARNING | PUSH2 used: stock_common.sc_datasource.get_em_quote_full
2026-08-03 10:18:11,649 | WARNING | PUSH2 used: stock_common.sc_datasource.get_em_quote_full
2026-08-03 10:18:12,640 | WARNING | PUSH2 used: stock_common.sc_datasource.get_em_quote_full
2026-08-03 10:18:13,641 | WARNING | PUSH2 used: stock_common.sc_datasource.get_em_quote_full
2026-08-03 10:18:14,627 | WARNING | PUSH2 used: stock_common.sc_datasource.get_em_quote_full
2026-08-03 10:18:15,686 | WARNING | PUSH2 used: stock_common.sc_datasource.get_em_quote_full
2026-08-03 10:18:16,611 | WARNING | PUSH2 used: stock_common.sc_datasource.get_em_quote_full
2026-08-03 10:18:17,642 | WARNING | PUSH2 used: stock_common.sc_datasource.get_em_quote_full
2026-08-03 10:18:18,688 | WARNING | PUSH2 used: stock_common.sc_datasource.get_em_quote_full
2026-08-03 10:18:19,644 | WARNING | PUSH2 used: stock_common.sc_datasource.get_em_quote_full
2026-08-03 10:18:20,630 | WARNING | PUSH2 used: stock_common.sc_datasource.get_em_quote_full
2026-08-03 10:18:21,675 | WARNING | PUSH2 used: stock_common.sc_datasource.get_em_quote_full
2026-08-03 10:18:22,674 | WARNING | PUSH2 used: stock_common.sc_datasource.get_em_quote_full
2026-08-03 10:18:23,679 | WARNING | PUSH2 used: stock_common.sc_datasource.get_em_quote_full
2026-08-03 10:18:24,652 | WARNING | PUSH2 used: stock_common.sc_datasource.get_em_quote_full
2026-08-03 10:18:25,523 | WARNING | PUSH2 used: stock_common.sc_datasource.get_em_quote_full
2026-08-03 10:18:26,500 | WARNING | PUSH2 used: stock_common.sc_datasource.get_em_quote_full
2026-08-03 10:18:27,468 | WARNING | PUSH2 used: stock_common.sc_datasource.get_em_quote_full
2026-08-03 10:18:28,735 | WARNING | PUSH2 used: stock_common.sc_datasource.get_em_quote_full
2026-08-03 10:18:29,683 | WARNING | PUSH2 used: stock_common.sc_datasource.get_em_quote_full
2026-08-03 10:20:43,609 | WARNING | PUSH2 used: stock_common.sc_datasource.eastmoney_stock_info_push2
2026-08-03 10:21:32,889 | WARNING | PUSH2 used: stock_common.sc_datasource.get_em_quote_full
2026-08-03 10:21:33,570 | WARNING | PUSH2 used: stock_common.sc_datasource.get_em_quote_full
2026-08-03 10:21:33,750 | WARNING | PUSH2 used: stock_common.sc_datasource.get_em_quote_full
2026-08-03 10:21:34,418 | WARNING | PUSH2 used: stock_common.sc_datasource.get_em_quote_full
2026-08-03 10:21:34,672 | WARNING | PUSH2 used: stock_common.sc_datasource.get_em_quote_full
2026-08-03 10:21:35,141 | WARNING | PUSH2 used: stock_common.sc_datasource.get_em_quote_full
2026-08-03 10:21:36,143 | WARNING | PUSH2 used: stock_common.sc_datasource.get_em_quote_full
2026-08-03 10:21:37,143 | WARNING | PUSH2 used: stock_common.sc_datasource.get_em_quote_full
2026-08-03 10:21:38,147 | WARNING | PUSH2 used: stock_common.sc_datasource.get_em_quote_full
2026-08-03 10:21:39,086 | WARNING | PUSH2 used: stock_common.sc_datasource.get_em_quote_full
2026-08-03 10:21:40,433 | WARNING | PUSH2 used: stock_common.sc_datasource.get_em_quote_full
2026-08-03 10:21:41,463 | WARNING | PUSH2 used: stock_common.sc_datasource.get_em_quote_full
2026-08-03 10:21:42,457 | WARNING | PUSH2 used: stock_common.sc_datasource.get_em_quote_full
2026-08-03 10:21:43,115 | WARNING | PUSH2 used: stock_common.sc_datasource.get_em_quote_full
2026-08-03 10:21:44,115 | WARNING | PUSH2 used: stock_common.sc_datasource.get_em_quote_full
2026-08-03 10:21:45,114 | WARNING | PUSH2 used: stock_common.sc_datasource.get_em_quote_full
2026-08-03 10:21:46,116 | WARNING | PUSH2 used: stock_common.sc_datasource.get_em_quote_full
2026-08-03 10:21:47,113 | WARNING | PUSH2 used: stock_common.sc_datasource.get_em_quote_full
2026-08-03 10:21:48,114 | WARNING | PUSH2 used: stock_common.sc_datasource.get_em_quote_full
2026-08-03 10:21:49,116 | WARNING | PUSH2 used: stock_common.sc_datasource.get_em_quote_full
2026-08-03 10:21:50,116 | WARNING | PUSH2 used: stock_common.sc_datasource.get_em_quote_full
2026-08-03 10:21:51,115 | WARNING | PUSH2 used: stock_common.sc_datasource.get_em_quote_full
2026-08-03 10:21:52,117 | WARNING | PUSH2 used: stock_common.sc_datasource.get_em_quote_full
2026-08-03 10:21:53,114 | WARNING | PUSH2 used: stock_common.sc_datasource.get_em_quote_full
2026-08-03 10:21:53,919 | WARNING | PUSH2 used: stock_common.sc_datasource.get_em_quote_full
2026-08-03 10:21:55,392 | WARNING | PUSH2 used: stock_common.sc_datasource.get_em_quote_full
2026-08-03 10:21:56,383 | WARNING | PUSH2 used: stock_common.sc_datasource.get_em_quote_full
2026-08-03 10:21:57,376 | WARNING | PUSH2 used: stock_common.sc_datasource.get_em_quote_full
2026-08-03 10:21:58,355 | WARNING | PUSH2 used: stock_common.sc_datasource.get_em_quote_full
2026-08-03 10:21:59,366 | WARNING | PUSH2 used: stock_common.sc_datasource.get_em_quote_full
2026-08-03 10:22:00,393 | WARNING | PUSH2 used: stock_common.sc_datasource.get_em_quote_full
2026-08-03 10:22:01,378 | WARNING | PUSH2 used: stock_common.sc_datasource.get_em_quote_full
2026-08-03 10:22:02,381 | WARNING | PUSH2 used: stock_common.sc_datasource.get_em_quote_full
2026-08-03 10:22:03,365 | WARNING | PUSH2 used: stock_common.sc_datasource.get_em_quote_full
2026-08-03 10:22:04,373 | WARNING | PUSH2 used: stock_common.sc_datasource.get_em_quote_full
2026-08-03 10:22:05,405 | WARNING | PUSH2 used: stock_common.sc_datasource.get_em_quote_full
2026-08-03 10:22:06,365 | WARNING | PUSH2 used: stock_common.sc_datasource.get_em_quote_full
2026-08-03 10:22:07,361 | WARNING | PUSH2 used: stock_common.sc_datasource.get_em_quote_full
2026-08-03 10:22:08,360 | WARNING | PUSH2 used: stock_common.sc_datasource.get_em_quote_full
2026-08-03 10:22:09,362 | WARNING | PUSH2 used: stock_common.sc_datasource.get_em_quote_full
2026-08-03 10:22:10,374 | WARNING | PUSH2 used: stock_common.sc_datasource.get_em_quote_full
2026-08-03 10:22:11,345 | WARNING | PUSH2 used: stock_common.sc_datasource.get_em_quote_full
2026-08-03 10:22:12,345 | WARNING | PUSH2 used: stock_common.sc_datasource.get_em_quote_full
2026-08-03 10:22:13,350 | WARNING | PUSH2 used: stock_common.sc_datasource.get_em_quote_full
2026-08-03 10:22:14,367 | WARNING | PUSH2 used: stock_common.sc_datasource.get_em_quote_full
2026-08-03 10:22:15,381 | WARNING | PUSH2 used: stock_common.sc_datasource.get_em_quote_full
2026-08-03 10:22:16,382 | WARNING | PUSH2 used: stock_common.sc_datasource.get_em_quote_full
2026-08-03 10:22:17,380 | WARNING | PUSH2 used: stock_common.sc_datasource.get_em_quote_full
2026-08-03 10:22:18,353 | WARNING | PUSH2 used: stock_common.sc_datasource.get_em_quote_full
2026-08-03 10:22:19,368 | WARNING | PUSH2 used: stock_common.sc_datasource.get_em_quote_full
2026-08-03 10:22:20,371 | WARNING | PUSH2 used: stock_common.sc_datasource.get_em_quote_full
2026-08-03 10:22:21,445 | WARNING | PUSH2 used: stock_common.sc_datasource.get_em_quote_full
2026-08-03 10:22:22,373 | WARNING | PUSH2 used: stock_common.sc_datasource.get_em_quote_full
2026-08-03 10:22:23,376 | WARNING | PUSH2 used: stock_common.sc_datasource.get_em_quote_full
2026-08-03 10:22:24,549 | WARNING | PUSH2 used: stock_common.sc_datasource.get_em_quote_full
2026-08-03 10:22:24,980 | WARNING | PUSH2 used: stock_common.sc_datasource.get_em_quote_full
2026-08-03 10:22:26,816 | WARNING | PUSH2 used: stock_common.sc_datasource.get_em_quote_full
2026-08-03 10:22:27,703 | WARNING | PUSH2 used: stock_common.sc_datasource.get_em_quote_full
2026-08-03 10:22:28,052 | WARNING | PUSH2 used: stock_common.sc_datasource.get_em_quote_full
2026-08-03 10:22:29,573 | WARNING | PUSH2 used: stock_common.sc_datasource.get_em_quote_full
2026-08-03 10:22:30,163 | WARNING | PUSH2 used: stock_common.sc_datasource.get_em_quote_full
2026-08-03 10:22:31,147 | WARNING | PUSH2 used: stock_common.sc_datasource.get_em_quote_full
2026-08-03 10:22:32,144 | WARNING | PUSH2 used: stock_common.sc_datasource.get_em_quote_full
2026-08-03 10:22:33,144 | WARNING | PUSH2 used: stock_common.sc_datasource.get_em_quote_full
2026-08-03 10:22:34,150 | WARNING | PUSH2 used: stock_common.sc_datasource.get_em_quote_full
2026-08-03 10:22:35,146 | WARNING | PUSH2 used: stock_common.sc_datasource.get_em_quote_full
2026-08-03 10:22:36,147 | WARNING | PUSH2 used: stock_common.sc_datasource.get_em_quote_full
2026-08-03 10:22:37,144 | WARNING | PUSH2 used: stock_common.sc_datasource.get_em_quote_full
2026-08-03 10:22:38,145 | WARNING | PUSH2 used: stock_common.sc_datasource.get_em_quote_full
2026-08-03 10:22:39,149 | WARNING | PUSH2 used: stock_common.sc_datasource.get_em_quote_full
2026-08-03 10:22:40,149 | WARNING | PUSH2 used: stock_common.sc_datasource.get_em_quote_full
2026-08-03 10:22:41,144 | WARNING | PUSH2 used: stock_common.sc_datasource.get_em_quote_full
2026-08-03 10:22:42,147 | WARNING | PUSH2 used: stock_common.sc_datasource.get_em_quote_full
2026-08-03 10:22:43,039 | WARNING | PUSH2 used: stock_common.sc_datasource.get_em_quote_full
2026-08-03 10:22:44,396 | WARNING | PUSH2 used: stock_common.sc_datasource.get_em_quote_full
2026-08-03 10:22:45,427 | WARNING | PUSH2 used: stock_common.sc_datasource.get_em_quote_full
2026-08-03 10:22:46,429 | WARNING | PUSH2 used: stock_common.sc_datasource.get_em_quote_full
2026-08-03 10:22:47,380 | WARNING | PUSH2 used: stock_common.sc_datasource.get_em_quote_full
2026-08-03 10:22:48,486 | WARNING | PUSH2 used: stock_common.sc_datasource.get_em_quote_full
2026-08-03 10:22:49,397 | WARNING | PUSH2 used: stock_common.sc_datasource.get_em_quote_full
2026-08-03 10:22:50,430 | WARNING | PUSH2 used: stock_common.sc_datasource.get_em_quote_full
2026-08-03 10:22:51,405 | WARNING | PUSH2 used: stock_common.sc_datasource.get_em_quote_full
2026-08-03 10:22:52,388 | WARNING | PUSH2 used: stock_common.sc_datasource.get_em_quote_full
2026-08-03 10:22:53,396 | WARNING | PUSH2 used: stock_common.sc_datasource.get_em_quote_full
2026-08-03 10:22:54,299 | WARNING | PUSH2 used: stock_common.sc_datasource.get_em_quote_full
2026-08-03 10:22:55,256 | WARNING | PUSH2 used: stock_common.sc_datasource.get_em_quote_full
2026-08-03 10:22:56,271 | WARNING | PUSH2 used: stock_common.sc_datasource.get_em_quote_full
2026-08-03 10:22:57,261 | WARNING | PUSH2 used: stock_common.sc_datasource.get_em_quote_full
2026-08-03 10:22:58,252 | WARNING | PUSH2 used: stock_common.sc_datasource.get_em_quote_full
2026-08-03 10:22:59,275 | WARNING | PUSH2 used: stock_common.sc_datasource.get_em_quote_full
2026-08-03 10:23:00,278 | WARNING | PUSH2 used: stock_common.sc_datasource.get_em_quote_full
2026-08-03 10:23:01,296 | WARNING | PUSH2 used: stock_common.sc_datasource.get_em_quote_full
2026-08-03 10:23:02,254 | WARNING | PUSH2 used: stock_common.sc_datasource.get_em_quote_full
2026-08-03 10:23:03,274 | WARNING | PUSH2 used: stock_common.sc_datasource.get_em_quote_full
2026-08-03 10:23:04,294 | WARNING | PUSH2 used: stock_common.sc_datasource.get_em_quote_full
2026-08-03 10:23:05,259 | WARNING | PUSH2 used: stock_common.sc_datasource.get_em_quote_full
2026-08-03 10:23:06,275 | WARNING | PUSH2 used: stock_common.sc_datasource.get_em_quote_full
2026-08-03 10:23:07,295 | WARNING | PUSH2 used: stock_common.sc_datasource.get_em_quote_full
2026-08-03 10:23:08,312 | WARNING | PUSH2 used: stock_common.sc_datasource.get_em_quote_full
2026-08-03 10:23:09,456 | WARNING | PUSH2 used: stock_common.sc_datasource.get_em_quote_full
2026-08-03 10:23:10,115 | WARNING | PUSH2 used: stock_common.sc_datasource.get_em_quote_full
2026-08-03 10:23:11,118 | WARNING | PUSH2 used: stock_common.sc_datasource.get_em_quote_full
2026-08-03 10:23:12,127 | WARNING | PUSH2 used: stock_common.sc_datasource.get_em_quote_full
2026-08-03 10:23:13,109 | WARNING | PUSH2 used: stock_common.sc_datasource.get_em_quote_full
2026-08-03 10:23:14,459 | WARNING | PUSH2 used: stock_common.sc_datasource.get_em_quote_full
2026-08-03 10:23:15,119 | WARNING | PUSH2 used: stock_common.sc_datasource.get_em_quote_full
2026-08-03 10:23:16,119 | WARNING | PUSH2 used: stock_common.sc_datasource.get_em_quote_full
2026-08-03 10:23:17,119 | WARNING | PUSH2 used: stock_common.sc_datasource.get_em_quote_full
2026-08-03 10:23:18,121 | WARNING | PUSH2 used: stock_common.sc_datasource.get_em_quote_full
2026-08-03 10:23:19,119 | WARNING | PUSH2 used: stock_common.sc_datasource.get_em_quote_full
2026-08-03 10:23:20,119 | WARNING | PUSH2 used: stock_common.sc_datasource.get_em_quote_full
2026-08-03 10:23:21,118 | WARNING | PUSH2 used: stock_common.sc_datasource.get_em_quote_full
2026-08-03 10:23:22,117 | WARNING | PUSH2 used: stock_common.sc_datasource.get_em_quote_full
2026-08-03 10:23:23,119 | WARNING | PUSH2 used: stock_common.sc_datasource.get_em_quote_full
2026-08-03 10:23:24,117 | WARNING | PUSH2 used: stock_common.sc_datasource.get_em_quote_full
2026-08-03 10:23:25,119 | WARNING | PUSH2 used: stock_common.sc_datasource.get_em_quote_full
2026-08-03 10:23:26,117 | WARNING | PUSH2 used: stock_common.sc_datasource.get_em_quote_full
2026-08-03 10:23:27,119 | WARNING | PUSH2 used: stock_common.sc_datasource.get_em_quote_full
2026-08-03 10:23:28,117 | WARNING | PUSH2 used: stock_common.sc_datasource.get_em_quote_full
2026-08-03 10:23:29,119 | WARNING | PUSH2 used: stock_common.sc_datasource.get_em_quote_full
2026-08-03 10:23:30,008 | WARNING | PUSH2 used: stock_common.sc_datasource.get_em_quote_full
2026-08-03 10:23:31,288 | WARNING | PUSH2 used: stock_common.sc_datasource.get_em_quote_full
2026-08-03 10:23:32,277 | WARNING | PUSH2 used: stock_common.sc_datasource.get_em_quote_full
2026-08-03 10:23:33,263 | WARNING | PUSH2 used: stock_common.sc_datasource.get_em_quote_full
2026-08-03 10:23:34,286 | WARNING | PUSH2 used: stock_common.sc_datasource.get_em_quote_full
2026-08-03 10:23:35,406 | WARNING | PUSH2 used: stock_common.sc_datasource.get_em_quote_full
2026-08-03 10:23:36,390 | WARNING | PUSH2 used: stock_common.sc_datasource.get_em_quote_full
2026-08-03 10:23:37,384 | WARNING | PUSH2 used: stock_common.sc_datasource.get_em_quote_full
2026-08-03 10:23:38,388 | WARNING | PUSH2 used: stock_common.sc_datasource.get_em_quote_full
2026-08-03 10:23:39,385 | WARNING | PUSH2 used: stock_common.sc_datasource.get_em_quote_full
2026-08-03 10:23:40,397 | WARNING | PUSH2 used: stock_common.sc_datasource.get_em_quote_full
2026-08-03 10:23:41,440 | WARNING | PUSH2 used: stock_common.sc_datasource.get_em_quote_full
2026-08-03 10:23:42,420 | WARNING | PUSH2 used: stock_common.sc_datasource.get_em_quote_full
2026-08-03 10:23:43,429 | WARNING | PUSH2 used: stock_common.sc_datasource.get_em_quote_full
2026-08-03 10:23:44,427 | WARNING | PUSH2 used: stock_common.sc_datasource.get_em_quote_full
2026-08-03 10:23:45,416 | WARNING | PUSH2 used: stock_common.sc_datasource.get_em_quote_full
2026-08-03 10:23:46,409 | WARNING | PUSH2 used: stock_common.sc_datasource.get_em_quote_full
2026-08-03 10:23:47,386 | WARNING | PUSH2 used: stock_common.sc_datasource.get_em_quote_full
2026-08-03 10:23:48,389 | WARNING | PUSH2 used: stock_common.sc_datasource.get_em_quote_full
2026-08-03 10:23:49,432 | WARNING | PUSH2 used: stock_common.sc_datasource.get_em_quote_full
2026-08-03 10:23:50,431 | WARNING | PUSH2 used: stock_common.sc_datasource.get_em_quote_full
2026-08-03 10:23:51,386 | WARNING | PUSH2 used: stock_common.sc_datasource.get_em_quote_full
2026-08-03 10:23:52,411 | WARNING | PUSH2 used: stock_common.sc_datasource.get_em_quote_full
2026-08-03 10:23:53,409 | WARNING | PUSH2 used: stock_common.sc_datasource.get_em_quote_full
2026-08-03 10:23:54,470 | WARNING | PUSH2 used: stock_common.sc_datasource.get_em_quote_full
2026-08-03 10:23:55,355 | WARNING | PUSH2 used: stock_common.sc_datasource.get_em_quote_full
2026-08-03 10:23:56,425 | WARNING | PUSH2 used: stock_common.sc_datasource.get_em_quote_full
2026-08-03 10:23:57,482 | WARNING | PUSH2 used: stock_common.sc_datasource.get_em_quote_full
2026-08-03 10:23:57,976 | WARNING | PUSH2 used: stock_common.sc_datasource.eastmoney_stock_info_push2
2026-08-03 10:23:59,450 | WARNING | PUSH2 used: stock_common.sc_datasource.get_em_quote_full
2026-08-03 10:24:00,335 | WARNING | PUSH2 used: stock_common.sc_datasource.eastmoney_stock_info_push2
2026-08-03 10:24:01,519 | WARNING | PUSH2 used: stock_common.sc_datasource.eastmoney_stock_info_push2
2026-08-03 10:24:02,168 | WARNING | PUSH2 used: stock_common.sc_datasource.eastmoney_stock_info_push2
2026-08-03 10:24:03,056 | WARNING | PUSH2 used: stock_common.sc_datasource.get_em_quote_full
2026-08-03 10:24:04,397 | WARNING | PUSH2 used: stock_common.sc_datasource.eastmoney_stock_info_push2
2026-08-03 10:24:05,523 | WARNING | PUSH2 used: stock_common.sc_datasource.eastmoney_stock_info_push2
2026-08-03 10:24:05,927 | WARNING | PUSH2 used: stock_common.sc_datasource.get_em_quote_full
2026-08-03 10:24:07,545 | WARNING | PUSH2 used: stock_common.sc_datasource.eastmoney_stock_info_push2
2026-08-03 10:24:08,179 | WARNING | PUSH2 used: stock_common.sc_datasource.eastmoney_stock_info_push2
2026-08-03 10:24:09,171 | WARNING | PUSH2 used: stock_common.sc_datasource.eastmoney_stock_info_push2
2026-08-03 10:24:10,175 | WARNING | PUSH2 used: stock_common.sc_datasource.eastmoney_stock_info_push2
2026-08-03 10:24:11,171 | WARNING | PUSH2 used: stock_common.sc_datasource.eastmoney_stock_info_push2
2026-08-03 10:24:12,167 | WARNING | PUSH2 used: stock_common.sc_datasource.eastmoney_stock_info_push2
2026-08-03 10:24:13,167 | WARNING | PUSH2 used: stock_common.sc_datasource.eastmoney_stock_info_push2
2026-08-03 10:24:14,169 | WARNING | PUSH2 used: stock_common.sc_datasource.eastmoney_stock_info_push2
2026-08-03 10:24:15,171 | WARNING | PUSH2 used: stock_common.sc_datasource.eastmoney_stock_info_push2
2026-08-03 10:24:16,169 | WARNING | PUSH2 used: stock_common.sc_datasource.eastmoney_stock_info_push2
2026-08-03 10:24:17,171 | WARNING | PUSH2 used: stock_common.sc_datasource.eastmoney_stock_info_push2
2026-08-03 10:24:18,027 | WARNING | PUSH2 used: stock_common.sc_datasource.get_em_quote_full
2026-08-03 10:24:19,299 | WARNING | PUSH2 used: stock_common.sc_datasource.eastmoney_stock_info_push2
2026-08-03 10:24:20,256 | WARNING | PUSH2 used: stock_common.sc_datasource.get_em_quote_full
2026-08-03 10:24:21,301 | WARNING | PUSH2 used: stock_common.sc_datasource.eastmoney_stock_info_push2
2026-08-03 10:24:22,262 | WARNING | PUSH2 used: stock_common.sc_datasource.get_em_quote_full
2026-08-03 10:24:23,370 | WARNING | PUSH2 used: stock_common.sc_datasource.eastmoney_stock_info_push2
2026-08-03 10:24:24,349 | WARNING | PUSH2 used: stock_common.sc_datasource.get_em_quote_full
2026-08-03 10:24:25,364 | WARNING | PUSH2 used: stock_common.sc_datasource.eastmoney_stock_info_push2
2026-08-03 10:24:26,278 | WARNING | PUSH2 used: stock_common.sc_datasource.get_em_quote_full
2026-08-03 10:24:27,321 | WARNING | PUSH2 used: stock_common.sc_datasource.eastmoney_stock_info_push2
2026-08-03 10:24:28,300 | WARNING | PUSH2 used: stock_common.sc_datasource.get_em_quote_full
2026-08-03 10:24:29,321 | WARNING | PUSH2 used: stock_common.sc_datasource.eastmoney_stock_info_push2
2026-08-03 10:24:30,258 | WARNING | PUSH2 used: stock_common.sc_datasource.get_em_quote_full
2026-08-03 10:24:31,354 | WARNING | PUSH2 used: stock_common.sc_datasource.eastmoney_stock_info_push2
2026-08-03 10:24:32,339 | WARNING | PUSH2 used: stock_common.sc_datasource.get_em_quote_full
2026-08-03 10:24:33,354 | WARNING | PUSH2 used: stock_common.sc_datasource.eastmoney_stock_info_push2
2026-08-03 10:24:34,324 | WARNING | PUSH2 used: stock_common.sc_datasource.get_em_quote_full
2026-08-03 10:24:35,320 | WARNING | PUSH2 used: stock_common.sc_datasource.eastmoney_stock_info_push2
2026-08-03 10:24:36,319 | WARNING | PUSH2 used: stock_common.sc_datasource.get_em_quote_full
2026-08-03 10:24:37,354 | WARNING | PUSH2 used: stock_common.sc_datasource.eastmoney_stock_info_push2
2026-08-03 10:24:38,301 | WARNING | PUSH2 used: stock_common.sc_datasource.get_em_quote_full
2026-08-03 10:24:39,398 | WARNING | PUSH2 used: stock_common.sc_datasource.eastmoney_stock_info_push2
2026-08-03 10:24:40,320 | WARNING | PUSH2 used: stock_common.sc_datasource.get_em_quote_full
2026-08-03 10:24:41,314 | WARNING | PUSH2 used: stock_common.sc_datasource.eastmoney_stock_info_push2
2026-08-03 10:24:42,348 | WARNING | PUSH2 used: stock_common.sc_datasource.get_em_quote_full
2026-08-03 10:24:43,321 | WARNING | PUSH2 used: stock_common.sc_datasource.eastmoney_stock_info_push2
2026-08-03 10:24:44,414 | WARNING | PUSH2 used: stock_common.sc_datasource.get_em_quote_full
2026-08-03 10:24:45,384 | WARNING | PUSH2 used: stock_common.sc_datasource.eastmoney_stock_info_push2
2026-08-03 10:24:46,572 | WARNING | PUSH2 used: stock_common.sc_datasource.eastmoney_stock_info_push2
2026-08-03 10:24:47,168 | WARNING | PUSH2 used: stock_common.sc_datasource.eastmoney_stock_info_push2
2026-08-03 10:24:48,169 | WARNING | PUSH2 used: stock_common.sc_datasource.eastmoney_stock_info_push2
2026-08-03 10:24:49,168 | WARNING | PUSH2 used: stock_common.sc_datasource.eastmoney_stock_info_push2
2026-08-03 10:24:50,168 | WARNING | PUSH2 used: stock_common.sc_datasource.eastmoney_stock_info_push2
2026-08-03 10:24:51,106 | WARNING | PUSH2 used: stock_common.sc_datasource.get_em_quote_full
2026-08-03 10:24:52,523 | WARNING | PUSH2 used: stock_common.sc_datasource.eastmoney_stock_info_push2
2026-08-03 10:24:53,173 | WARNING | PUSH2 used: stock_common.sc_datasource.eastmoney_stock_info_push2
2026-08-03 10:24:54,183 | WARNING | PUSH2 used: stock_common.sc_datasource.eastmoney_stock_info_push2
2026-08-03 10:24:55,172 | WARNING | PUSH2 used: stock_common.sc_datasource.eastmoney_stock_info_push2
2026-08-03 10:24:56,171 | WARNING | PUSH2 used: stock_common.sc_datasource.eastmoney_stock_info_push2
2026-08-03 10:24:57,173 | WARNING | PUSH2 used: stock_common.sc_datasource.eastmoney_stock_info_push2
2026-08-03 10:24:58,176 | WARNING | PUSH2 used: stock_common.sc_datasource.eastmoney_stock_info_push2
2026-08-03 10:24:59,173 | WARNING | PUSH2 used: stock_common.sc_datasource.eastmoney_stock_info_push2
2026-08-03 10:25:00,097 | WARNING | PUSH2 used: stock_common.sc_datasource.get_em_quote_full
2026-08-03 10:25:01,536 | WARNING | PUSH2 used: stock_common.sc_datasource.eastmoney_stock_info_push2
2026-08-03 10:25:02,176 | WARNING | PUSH2 used: stock_common.sc_datasource.eastmoney_stock_info_push2
2026-08-03 10:25:03,177 | WARNING | PUSH2 used: stock_common.sc_datasource.eastmoney_stock_info_push2
2026-08-03 10:25:04,172 | WARNING | PUSH2 used: stock_common.sc_datasource.eastmoney_stock_info_push2
2026-08-03 10:25:05,041 | WARNING | PUSH2 used: stock_common.sc_datasource.get_em_quote_full
2026-08-03 10:25:06,583 | WARNING | PUSH2 used: stock_common.sc_datasource.eastmoney_stock_info_push2
2026-08-03 10:25:07,172 | WARNING | PUSH2 used: stock_common.sc_datasource.eastmoney_stock_info_push2
2026-08-03 10:25:08,182 | WARNING | PUSH2 used: stock_common.sc_datasource.eastmoney_stock_info_push2
2026-08-03 10:25:09,002 | WARNING | PUSH2 used: stock_common.sc_datasource.get_em_quote_full
2026-08-03 10:25:10,309 | WARNING | PUSH2 used: stock_common.sc_datasource.eastmoney_stock_info_push2
2026-08-03 10:25:11,288 | WARNING | PUSH2 used: stock_common.sc_datasource.get_em_quote_full
2026-08-03 10:25:12,324 | WARNING | PUSH2 used: stock_common.sc_datasource.eastmoney_stock_info_push2
2026-08-03 10:25:13,282 | WARNING | PUSH2 used: stock_common.sc_datasource.get_em_quote_full
2026-08-03 10:25:14,342 | WARNING | PUSH2 used: stock_common.sc_datasource.eastmoney_stock_info_push2
2026-08-03 10:25:15,293 | WARNING | PUSH2 used: stock_common.sc_datasource.get_em_quote_full
2026-08-03 10:25:16,601 | WARNING | PUSH2 used: stock_common.sc_datasource.eastmoney_stock_info_push2
2026-08-03 10:25:17,301 | WARNING | PUSH2 used: stock_common.sc_datasource.get_em_quote_full
2026-08-03 10:25:18,326 | WARNING | PUSH2 used: stock_common.sc_datasource.eastmoney_stock_info_push2
2026-08-03 10:25:19,290 | WARNING | PUSH2 used: stock_common.sc_datasource.get_em_quote_full
2026-08-03 10:25:20,301 | WARNING | PUSH2 used: stock_common.sc_datasource.eastmoney_stock_info_push2
2026-08-03 10:25:21,306 | WARNING | PUSH2 used: stock_common.sc_datasource.get_em_quote_full
2026-08-03 10:25:22,343 | WARNING | PUSH2 used: stock_common.sc_datasource.eastmoney_stock_info_push2
2026-08-03 10:25:23,281 | WARNING | PUSH2 used: stock_common.sc_datasource.get_em_quote_full
2026-08-03 10:25:24,293 | WARNING | PUSH2 used: stock_common.sc_datasource.eastmoney_stock_info_push2
2026-08-03 10:25:25,295 | WARNING | PUSH2 used: stock_common.sc_datasource.get_em_quote_full
2026-08-03 10:25:26,311 | WARNING | PUSH2 used: stock_common.sc_datasource.eastmoney_stock_info_push2
2026-08-03 10:25:27,279 | WARNING | PUSH2 used: stock_common.sc_datasource.get_em_quote_full
2026-08-03 10:25:28,427 | WARNING | PUSH2 used: stock_common.sc_datasource.eastmoney_stock_info_push2
2026-08-03 10:25:29,369 | WARNING | PUSH2 used: stock_common.sc_datasource.get_em_quote_full
2026-08-03 10:25:30,411 | WARNING | PUSH2 used: stock_common.sc_datasource.eastmoney_stock_info_push2
2026-08-03 10:25:31,345 | WARNING | PUSH2 used: stock_common.sc_datasource.get_em_quote_full
2026-08-03 10:25:32,352 | WARNING | PUSH2 used: stock_common.sc_datasource.eastmoney_stock_info_push2
2026-08-03 10:25:33,690 | WARNING | PUSH2 used: stock_common.sc_datasource.get_em_quote_full
2026-08-03 10:25:34,553 | WARNING | PUSH2 used: stock_common.sc_datasource.eastmoney_stock_info_push2
2026-08-03 10:25:35,178 | WARNING | PUSH2 used: stock_common.sc_datasource.eastmoney_stock_info_push2
2026-08-03 10:25:36,187 | WARNING | PUSH2 used: stock_common.sc_datasource.eastmoney_stock_info_push2
2026-08-03 10:25:37,179 | WARNING | PUSH2 used: stock_common.sc_datasource.eastmoney_stock_info_push2
2026-08-03 10:25:38,182 | WARNING | PUSH2 used: stock_common.sc_datasource.eastmoney_stock_info_push2
2026-08-03 10:25:39,185 | WARNING | PUSH2 used: stock_common.sc_datasource.eastmoney_stock_info_push2
2026-08-03 10:25:40,180 | WARNING | PUSH2 used: stock_common.sc_datasource.eastmoney_stock_info_push2
2026-08-03 10:25:41,183 | WARNING | PUSH2 used: stock_common.sc_datasource.eastmoney_stock_info_push2
2026-08-03 10:25:42,184 | WARNING | PUSH2 used: stock_common.sc_datasource.eastmoney_stock_info_push2
2026-08-03 10:25:43,191 | WARNING | PUSH2 used: stock_common.sc_datasource.eastmoney_stock_info_push2
2026-08-03 10:25:44,183 | WARNING | PUSH2 used: stock_common.sc_datasource.eastmoney_stock_info_push2
2026-08-03 10:25:45,180 | WARNING | PUSH2 used: stock_common.sc_datasource.eastmoney_stock_info_push2
2026-08-03 10:25:46,207 | WARNING | PUSH2 used: stock_common.sc_datasource.eastmoney_stock_info_push2
2026-08-03 10:25:47,263 | WARNING | PUSH2 used: stock_common.sc_datasource.eastmoney_stock_info_push2
2026-08-03 10:25:48,189 | WARNING | PUSH2 used: stock_common.sc_datasource.eastmoney_stock_info_push2
2026-08-03 10:25:49,182 | WARNING | PUSH2 used: stock_common.sc_datasource.eastmoney_stock_info_push2
2026-08-03 10:25:50,187 | WARNING | PUSH2 used: stock_common.sc_datasource.eastmoney_stock_info_push2
2026-08-03 10:25:51,059 | WARNING | PUSH2 used: stock_common.sc_datasource.get_em_quote_full
2026-08-03 10:25:52,549 | WARNING | PUSH2 used: stock_common.sc_datasource.eastmoney_stock_info_push2
2026-08-03 10:25:53,171 | WARNING | PUSH2 used: stock_common.sc_datasource.eastmoney_stock_info_push2
2026-08-03 10:25:54,194 | WARNING | PUSH2 used: stock_common.sc_datasource.eastmoney_stock_info_push2
2026-08-03 10:25:55,179 | WARNING | PUSH2 used: stock_common.sc_datasource.eastmoney_stock_info_push2
2026-08-03 10:25:56,011 | WARNING | PUSH2 used: stock_common.sc_datasource.get_em_quote_full
2026-08-03 10:25:57,445 | WARNING | PUSH2 used: stock_common.sc_datasource.eastmoney_stock_info_push2
2026-08-03 10:25:58,398 | WARNING | PUSH2 used: stock_common.sc_datasource.get_em_quote_full
2026-08-03 10:25:59,459 | WARNING | PUSH2 used: stock_common.sc_datasource.eastmoney_stock_info_push2
2026-08-03 10:28:06,740 | WARNING | PUSH2 used: stock_common.sc_datasource.eastmoney_stock_info_push2
2026-08-03 10:28:07,407 | WARNING | PUSH2 used: stock_common.sc_datasource.eastmoney_stock_info_push2
2026-08-03 10:28:08,046 | WARNING | PUSH2 used: stock_common.sc_datasource.eastmoney_stock_info_push2
2026-08-03 10:28:08,569 | WARNING | PUSH2 used: stock_common.sc_datasource.eastmoney_stock_info_push2
2026-08-03 10:28:09,073 | WARNING | PUSH2 used: stock_common.sc_datasource.eastmoney_stock_info_push2
2026-08-03 10:28:09,532 | WARNING | PUSH2 used: stock_common.sc_datasource.eastmoney_stock_info_push2
2026-08-03 10:28:10,193 | WARNING | PUSH2 used: stock_common.sc_datasource.eastmoney_stock_info_push2
2026-08-03 10:28:11,181 | WARNING | PUSH2 used: stock_common.sc_datasource.eastmoney_stock_info_push2
2026-08-03 10:28:12,183 | WARNING | PUSH2 used: stock_common.sc_datasource.eastmoney_stock_info_push2
2026-08-03 10:28:13,206 | WARNING | PUSH2 used: stock_common.sc_datasource.eastmoney_stock_info_push2
2026-08-03 10:28:14,212 | WARNING | PUSH2 used: stock_common.sc_datasource.eastmoney_stock_info_push2
2026-08-03 10:28:15,219 | WARNING | PUSH2 used: stock_common.sc_datasource.eastmoney_stock_info_push2
2026-08-03 10:28:16,191 | WARNING | PUSH2 used: stock_common.sc_datasource.eastmoney_stock_info_push2
2026-08-03 10:28:17,191 | WARNING | PUSH2 used: stock_common.sc_datasource.eastmoney_stock_info_push2
2026-08-03 10:28:18,189 | WARNING | PUSH2 used: stock_common.sc_datasource.eastmoney_stock_info_push2
2026-08-03 10:28:19,173 | WARNING | PUSH2 used: stock_common.sc_datasource.eastmoney_stock_info_push2
2026-08-03 10:28:20,194 | WARNING | PUSH2 used: stock_common.sc_datasource.eastmoney_stock_info_push2
2026-08-03 10:28:21,219 | WARNING | PUSH2 used: stock_common.sc_datasource.eastmoney_stock_info_push2
2026-08-03 10:28:22,190 | WARNING | PUSH2 used: stock_common.sc_datasource.eastmoney_stock_info_push2
2026-08-03 10:28:23,251 | WARNING | PUSH2 used: stock_common.sc_datasource.eastmoney_stock_info_push2
2026-08-03 10:28:24,240 | WARNING | PUSH2 used: stock_common.sc_datasource.eastmoney_stock_info_push2
2026-08-03 10:28:25,223 | WARNING | PUSH2 used: stock_common.sc_datasource.eastmoney_stock_info_push2
2026-08-03 10:28:26,230 | WARNING | PUSH2 used: stock_common.sc_datasource.eastmoney_stock_info_push2
2026-08-03 10:28:27,222 | WARNING | PUSH2 used: stock_common.sc_datasource.eastmoney_stock_info_push2
2026-08-03 10:28:28,218 | WARNING | PUSH2 used: stock_common.sc_datasource.eastmoney_stock_info_push2
2026-08-03 10:28:29,228 | WARNING | PUSH2 used: stock_common.sc_datasource.eastmoney_stock_info_push2
2026-08-03 10:28:30,219 | WARNING | PUSH2 used: stock_common.sc_datasource.eastmoney_stock_info_push2
2026-08-03 10:28:31,278 | WARNING | PUSH2 used: stock_common.sc_datasource.eastmoney_stock_info_push2
2026-08-03 10:28:32,271 | WARNING | PUSH2 used: stock_common.sc_datasource.eastmoney_stock_info_push2
2026-08-03 10:28:33,262 | WARNING | PUSH2 used: stock_common.sc_datasource.eastmoney_stock_info_push2
2026-08-03 10:28:34,314 | WARNING | PUSH2 used: stock_common.sc_datasource.eastmoney_stock_info_push2
2026-08-03 10:28:35,223 | WARNING | PUSH2 used: stock_common.sc_datasource.eastmoney_stock_info_push2
2026-08-03 10:28:36,324 | WARNING | PUSH2 used: stock_common.sc_datasource.eastmoney_stock_info_push2
2026-08-03 10:28:37,243 | WARNING | PUSH2 used: stock_common.sc_datasource.eastmoney_stock_info_push2
2026-08-03 10:28:38,340 | WARNING | PUSH2 used: stock_common.sc_datasource.eastmoney_stock_info_push2
2026-08-03 10:28:39,255 | WARNING | PUSH2 used: stock_common.sc_datasource.eastmoney_stock_info_push2
2026-08-03 10:28:40,312 | WARNING | PUSH2 used: stock_common.sc_datasource.eastmoney_stock_info_push2
2026-08-03 10:28:41,270 | WARNING | PUSH2 used: stock_common.sc_datasource.eastmoney_stock_info_push2
2026-08-03 10:28:43,007 | WARNING | PUSH2 used: stock_common.sc_datasource.eastmoney_stock_info_push2
2026-08-03 10:28:43,296 | WARNING | PUSH2 used: stock_common.sc_datasource.eastmoney_stock_info_push2
2026-08-03 10:28:44,473 | WARNING | PUSH2 used: stock_common.sc_datasource.eastmoney_stock_info_push2
2026-08-03 10:28:45,050 | WARNING | PUSH2 used: stock_common.sc_datasource.eastmoney_stock_info_push2
2026-08-03 10:28:46,067 | WARNING | PUSH2 used: stock_common.sc_datasource.eastmoney_stock_info_push2
2026-08-03 10:28:47,053 | WARNING | PUSH2 used: stock_common.sc_datasource.eastmoney_stock_info_push2
2026-08-03 10:28:48,055 | WARNING | PUSH2 used: stock_common.sc_datasource.eastmoney_stock_info_push2
2026-08-03 10:28:49,058 | WARNING | PUSH2 used: stock_common.sc_datasource.eastmoney_stock_info_push2
2026-08-03 10:28:50,058 | WARNING | PUSH2 used: stock_common.sc_datasource.eastmoney_stock_info_push2
2026-08-03 10:28:51,053 | WARNING | PUSH2 used: stock_common.sc_datasource.eastmoney_stock_info_push2
2026-08-03 10:28:52,060 | WARNING | PUSH2 used: stock_common.sc_datasource.eastmoney_stock_info_push2
2026-08-03 10:28:53,050 | WARNING | PUSH2 used: stock_common.sc_datasource.eastmoney_stock_info_push2
2026-08-03 10:28:54,052 | WARNING | PUSH2 used: stock_common.sc_datasource.eastmoney_stock_info_push2
2026-08-03 10:28:55,053 | WARNING | PUSH2 used: stock_common.sc_datasource.eastmoney_stock_info_push2
2026-08-03 10:28:56,001 | WARNING | PUSH2 used: stock_common.sc_datasource.eastmoney_stock_info_push2
2026-08-03 10:28:57,486 | WARNING | PUSH2 used: stock_common.sc_datasource.eastmoney_stock_info_push2
2026-08-03 10:28:57,868 | WARNING | PUSH2 used: stock_common.sc_datasource.eastmoney_stock_info_push2
2026-08-03 10:28:59,324 | WARNING | PUSH2 used: stock_common.sc_datasource.eastmoney_stock_info_push2
2026-08-03 10:29:00,314 | WARNING | PUSH2 used: stock_common.sc_datasource.eastmoney_stock_info_push2
2026-08-03 10:29:01,332 | WARNING | PUSH2 used: stock_common.sc_datasource.eastmoney_stock_info_push2
2026-08-03 10:29:02,300 | WARNING | PUSH2 used: stock_common.sc_datasource.eastmoney_stock_info_push2
2026-08-03 10:29:03,354 | WARNING | PUSH2 used: stock_common.sc_datasource.eastmoney_stock_info_push2
2026-08-03 10:29:04,365 | WARNING | PUSH2 used: stock_common.sc_datasource.eastmoney_stock_info_push2
2026-08-03 10:29:05,332 | WARNING | PUSH2 used: stock_common.sc_datasource.eastmoney_stock_info_push2
2026-08-03 10:29:06,312 | WARNING | PUSH2 used: stock_common.sc_datasource.eastmoney_stock_info_push2
2026-08-03 10:29:07,311 | WARNING | PUSH2 used: stock_common.sc_datasource.eastmoney_stock_info_push2
2026-08-03 10:29:08,289 | WARNING | PUSH2 used: stock_common.sc_datasource.eastmoney_stock_info_push2
2026-08-03 10:29:09,298 | WARNING | PUSH2 used: stock_common.sc_datasource.eastmoney_stock_info_push2
2026-08-03 10:29:10,304 | WARNING | PUSH2 used: stock_common.sc_datasource.eastmoney_stock_info_push2
2026-08-03 10:29:11,321 | WARNING | PUSH2 used: stock_common.sc_datasource.eastmoney_stock_info_push2
2026-08-03 10:29:12,297 | WARNING | PUSH2 used: stock_common.sc_datasource.eastmoney_stock_info_push2
2026-08-03 10:29:13,278 | WARNING | PUSH2 used: stock_common.sc_datasource.eastmoney_stock_info_push2
2026-08-03 10:29:14,319 | WARNING | PUSH2 used: stock_common.sc_datasource.eastmoney_stock_info_push2
2026-08-03 10:29:15,314 | WARNING | PUSH2 used: stock_common.sc_datasource.eastmoney_stock_info_push2
2026-08-03 10:29:16,362 | WARNING | PUSH2 used: stock_common.sc_datasource.eastmoney_stock_info_push2
2026-08-03 10:29:17,296 | WARNING | PUSH2 used: stock_common.sc_datasource.eastmoney_stock_info_push2
2026-08-03 10:29:18,307 | WARNING | PUSH2 used: stock_common.sc_datasource.eastmoney_stock_info_push2
2026-08-03 10:29:19,290 | WARNING | PUSH2 used: stock_common.sc_datasource.eastmoney_stock_info_push2
2026-08-03 10:29:20,301 | WARNING | PUSH2 used: stock_common.sc_datasource.eastmoney_stock_info_push2
2026-08-03 10:29:21,274 | WARNING | PUSH2 used: stock_common.sc_datasource.eastmoney_stock_info_push2
2026-08-03 10:29:22,292 | WARNING | PUSH2 used: stock_common.sc_datasource.eastmoney_stock_info_push2
2026-08-03 10:29:23,302 | WARNING | PUSH2 used: stock_common.sc_datasource.eastmoney_stock_info_push2
2026-08-03 10:29:24,502 | WARNING | PUSH2 used: stock_common.sc_datasource.eastmoney_stock_info_push2
2026-08-03 10:29:25,048 | WARNING | PUSH2 used: stock_common.sc_datasource.eastmoney_stock_info_push2
2026-08-03 10:29:25,926 | WARNING | PUSH2 used: stock_common.sc_datasource.eastmoney_stock_info_push2
2026-08-03 10:29:27,384 | WARNING | PUSH2 used: stock_common.sc_datasource.eastmoney_stock_info_push2
2026-08-03 10:29:28,518 | WARNING | PUSH2 used: stock_common.sc_datasource.eastmoney_stock_info_push2
2026-08-03 10:29:29,048 | WARNING | PUSH2 used: stock_common.sc_datasource.eastmoney_stock_info_push2
2026-08-03 10:29:30,049 | WARNING | PUSH2 used: stock_common.sc_datasource.eastmoney_stock_info_push2
2026-08-03 10:29:31,049 | WARNING | PUSH2 used: stock_common.sc_datasource.eastmoney_stock_info_push2
2026-08-03 10:29:32,049 | WARNING | PUSH2 used: stock_common.sc_datasource.eastmoney_stock_info_push2
2026-08-03 10:29:33,048 | WARNING | PUSH2 used: stock_common.sc_datasource.eastmoney_stock_info_push2
2026-08-03 10:29:34,051 | WARNING | PUSH2 used: stock_common.sc_datasource.eastmoney_stock_info_push2
2026-08-03 10:29:35,058 | WARNING | PUSH2 used: stock_common.sc_datasource.eastmoney_stock_info_push2
2026-08-03 10:29:36,049 | WARNING | PUSH2 used: stock_common.sc_datasource.eastmoney_stock_info_push2
2026-08-03 10:29:37,051 | WARNING | PUSH2 used: stock_common.sc_datasource.eastmoney_stock_info_push2
2026-08-03 10:29:38,049 | WARNING | PUSH2 used: stock_common.sc_datasource.eastmoney_stock_info_push2
2026-08-03 10:29:39,049 | WARNING | PUSH2 used: stock_common.sc_datasource.eastmoney_stock_info_push2
2026-08-03 10:29:40,051 | WARNING | PUSH2 used: stock_common.sc_datasource.eastmoney_stock_info_push2
2026-08-03 10:29:41,050 | WARNING | PUSH2 used: stock_common.sc_datasource.eastmoney_stock_info_push2
2026-08-03 10:29:42,066 | WARNING | PUSH2 used: stock_common.sc_datasource.eastmoney_stock_info_push2
2026-08-03 10:29:42,901 | WARNING | PUSH2 used: stock_common.sc_datasource.eastmoney_stock_info_push2
2026-08-03 10:29:44,464 | WARNING | PUSH2 used: stock_common.sc_datasource.eastmoney_stock_info_push2
2026-08-03 10:29:45,043 | WARNING | PUSH2 used: stock_common.sc_datasource.eastmoney_stock_info_push2
2026-08-03 10:29:46,042 | WARNING | PUSH2 used: stock_common.sc_datasource.eastmoney_stock_info_push2
2026-08-03 10:29:46,920 | WARNING | PUSH2 used: stock_common.sc_datasource.eastmoney_stock_info_push2
2026-08-03 10:29:48,248 | WARNING | PUSH2 used: stock_common.sc_datasource.eastmoney_stock_info_push2
2026-08-03 10:29:49,265 | WARNING | PUSH2 used: stock_common.sc_datasource.eastmoney_stock_info_push2
2026-08-03 10:29:50,290 | WARNING | PUSH2 used: stock_common.sc_datasource.eastmoney_stock_info_push2
2026-08-03 10:29:51,298 | WARNING | PUSH2 used: stock_common.sc_datasource.eastmoney_stock_info_push2
2026-08-03 10:29:52,249 | WARNING | PUSH2 used: stock_common.sc_datasource.eastmoney_stock_info_push2
2026-08-03 10:29:53,265 | WARNING | PUSH2 used: stock_common.sc_datasource.eastmoney_stock_info_push2
2026-08-03 10:29:54,239 | WARNING | PUSH2 used: stock_common.sc_datasource.eastmoney_stock_info_push2
2026-08-03 10:29:55,254 | WARNING | PUSH2 used: stock_common.sc_datasource.eastmoney_stock_info_push2
2026-08-03 10:32:33,521 | WARNING | PUSH2 used: stock_common.sc_datasource.eastmoney_stock_info_push2
2026-08-03 10:32:34,225 | WARNING | PUSH2 used: stock_common.sc_datasource.eastmoney_stock_info_push2
2026-08-03 10:36:30,211 | WARNING | PUSH2 used: stock_common.sc_datasource.eastmoney_stock_info_push2
2026-08-03 10:36:30,954 | WARNING | PUSH2 used: stock_common.sc_datasource.eastmoney_stock_info_push2
2026-08-03 10:36:30,990 | WARNING | PUSH2 used: stock_common.sc_datasource.eastmoney_stock_info_push2
2026-08-03 10:36:31,534 | WARNING | PUSH2 used: stock_common.sc_datasource.eastmoney_stock_info_push2
2026-08-03 10:36:32,470 | WARNING | PUSH2 used: stock_common.sc_datasource.eastmoney_stock_info_push2
2026-08-03 10:36:32,763 | WARNING | PUSH2 used: stock_common.sc_datasource.eastmoney_stock_info_push2
2026-08-03 10:36:33,543 | WARNING | PUSH2 used: stock_common.sc_datasource.eastmoney_stock_info_push2
2026-08-03 10:36:34,507 | WARNING | PUSH2 used: stock_common.sc_datasource.eastmoney_stock_info_push2
2026-08-03 10:36:35,636 | WARNING | PUSH2 used: stock_common.sc_datasource.eastmoney_stock_info_push2
2026-08-03 10:36:36,692 | WARNING | PUSH2 used: stock_common.sc_datasource.eastmoney_stock_info_push2
2026-08-03 10:36:37,497 | WARNING | PUSH2 used: stock_common.sc_datasource.eastmoney_stock_info_push2
2026-08-03 10:36:38,536 | WARNING | PUSH2 used: stock_common.sc_datasource.eastmoney_stock_info_push2
2026-08-03 10:36:39,504 | WARNING | PUSH2 used: stock_common.sc_datasource.eastmoney_stock_info_push2
2026-08-03 10:36:40,628 | WARNING | PUSH2 used: stock_common.sc_datasource.eastmoney_stock_info_push2
2026-08-03 10:36:41,702 | WARNING | PUSH2 used: stock_common.sc_datasource.eastmoney_stock_info_push2
2026-08-03 10:36:42,498 | WARNING | PUSH2 used: stock_common.sc_datasource.eastmoney_stock_info_push2
2026-08-03 10:36:43,248 | WARNING | PUSH2 used: stock_common.sc_datasource.eastmoney_stock_info_push2
2026-08-03 10:36:44,839 | WARNING | PUSH2 used: stock_common.sc_datasource.eastmoney_stock_info_push2
2026-08-03 10:36:45,742 | WARNING | PUSH2 used: stock_common.sc_datasource.eastmoney_stock_info_push2
2026-08-03 10:36:46,990 | WARNING | PUSH2 used: stock_common.sc_datasource.eastmoney_stock_info_push2
2026-08-03 10:36:47,661 | WARNING | PUSH2 used: stock_common.sc_datasource.eastmoney_stock_info_push2
2026-08-03 10:36:48,586 | WARNING | PUSH2 used: stock_common.sc_datasource.eastmoney_stock_info_push2
2026-08-03 10:36:49,628 | WARNING | PUSH2 used: stock_common.sc_datasource.eastmoney_stock_info_push2
2026-08-03 10:36:50,616 | WARNING | PUSH2 used: stock_common.sc_datasource.eastmoney_stock_info_push2
2026-08-03 10:36:51,847 | WARNING | PUSH2 used: stock_common.sc_datasource.eastmoney_stock_info_push2
2026-08-03 10:36:52,607 | WARNING | PUSH2 used: stock_common.sc_datasource.eastmoney_stock_info_push2
2026-08-03 10:36:53,614 | WARNING | PUSH2 used: stock_common.sc_datasource.eastmoney_stock_info_push2
2026-08-03 10:36:55,230 | WARNING | PUSH2 used: stock_common.sc_datasource.eastmoney_stock_info_push2
2026-08-03 10:36:55,633 | WARNING | PUSH2 used: stock_common.sc_datasource.eastmoney_stock_info_push2
2026-08-03 10:36:56,626 | WARNING | PUSH2 used: stock_common.sc_datasource.eastmoney_stock_info_push2
2026-08-03 10:36:57,889 | WARNING | PUSH2 used: stock_common.sc_datasource.eastmoney_stock_info_push2
2026-08-03 10:36:58,626 | WARNING | PUSH2 used: stock_common.sc_datasource.eastmoney_stock_info_push2
2026-08-03 10:36:59,622 | WARNING | PUSH2 used: stock_common.sc_datasource.eastmoney_stock_info_push2
2026-08-03 10:37:00,645 | WARNING | PUSH2 used: stock_common.sc_datasource.eastmoney_stock_info_push2
2026-08-03 10:37:01,654 | WARNING | PUSH2 used: stock_common.sc_datasource.eastmoney_stock_info_push2
2026-08-03 10:37:02,618 | WARNING | PUSH2 used: stock_common.sc_datasource.eastmoney_stock_info_push2
2026-08-03 10:37:03,618 | WARNING | PUSH2 used: stock_common.sc_datasource.eastmoney_stock_info_push2
2026-08-03 10:37:04,629 | WARNING | PUSH2 used: stock_common.sc_datasource.eastmoney_stock_info_push2
2026-08-03 10:37:05,606 | WARNING | PUSH2 used: stock_common.sc_datasource.eastmoney_stock_info_push2
2026-08-03 10:37:06,656 | WARNING | PUSH2 used: stock_common.sc_datasource.eastmoney_stock_info_push2
2026-08-03 10:37:07,750 | WARNING | PUSH2 used: stock_common.sc_datasource.eastmoney_stock_info_push2
2026-08-03 10:37:08,633 | WARNING | PUSH2 used: stock_common.sc_datasource.eastmoney_stock_info_push2
2026-08-03 10:37:09,750 | WARNING | PUSH2 used: stock_common.sc_datasource.eastmoney_stock_info_push2
2026-08-03 10:37:10,692 | WARNING | PUSH2 used: stock_common.sc_datasource.eastmoney_stock_info_push2
2026-08-03 10:37:11,718 | WARNING | PUSH2 used: stock_common.sc_datasource.eastmoney_stock_info_push2
2026-08-03 10:37:12,613 | WARNING | PUSH2 used: stock_common.sc_datasource.eastmoney_stock_info_push2
2026-08-03 10:37:13,665 | WARNING | PUSH2 used: stock_common.sc_datasource.eastmoney_stock_info_push2
2026-08-03 10:37:14,792 | WARNING | PUSH2 used: stock_common.sc_datasource.eastmoney_stock_info_push2
2026-08-03 10:37:15,739 | WARNING | PUSH2 used: stock_common.sc_datasource.eastmoney_stock_info_push2
2026-08-03 10:37:16,687 | WARNING | PUSH2 used: stock_common.sc_datasource.eastmoney_stock_info_push2
2026-08-03 10:37:17,684 | WARNING | PUSH2 used: stock_common.sc_datasource.eastmoney_stock_info_push2
2026-08-03 10:37:18,862 | WARNING | PUSH2 used: stock_common.sc_datasource.eastmoney_stock_info_push2
2026-08-03 10:37:19,248 | WARNING | PUSH2 used: stock_common.sc_datasource.eastmoney_stock_info_push2
2026-08-03 10:37:20,872 | WARNING | PUSH2 used: stock_common.sc_datasource.eastmoney_stock_info_push2
2026-08-03 10:37:21,371 | WARNING | PUSH2 used: stock_common.sc_datasource.eastmoney_stock_info_push2
2026-08-03 10:37:22,882 | WARNING | PUSH2 used: stock_common.sc_datasource.eastmoney_stock_info_push2
2026-08-03 10:37:23,491 | WARNING | PUSH2 used: stock_common.sc_datasource.eastmoney_stock_info_push2
2026-08-03 10:37:24,490 | WARNING | PUSH2 used: stock_common.sc_datasource.eastmoney_stock_info_push2
2026-08-03 10:37:25,439 | WARNING | PUSH2 used: stock_common.sc_datasource.eastmoney_stock_info_push2
2026-08-03 10:37:26,869 | WARNING | PUSH2 used: stock_common.sc_datasource.eastmoney_stock_info_push2
2026-08-03 10:37:27,492 | WARNING | PUSH2 used: stock_common.sc_datasource.eastmoney_stock_info_push2
2026-08-03 10:37:28,492 | WARNING | PUSH2 used: stock_common.sc_datasource.eastmoney_stock_info_push2
2026-08-03 10:37:29,493 | WARNING | PUSH2 used: stock_common.sc_datasource.eastmoney_stock_info_push2
2026-08-03 10:37:30,492 | WARNING | PUSH2 used: stock_common.sc_datasource.eastmoney_stock_info_push2
2026-08-03 10:37:31,491 | WARNING | PUSH2 used: stock_common.sc_datasource.eastmoney_stock_info_push2
2026-08-03 10:37:32,514 | WARNING | PUSH2 used: stock_common.sc_datasource.eastmoney_stock_info_push2
2026-08-03 10:37:33,618 | WARNING | PUSH2 used: stock_common.sc_datasource.eastmoney_stock_info_push2
2026-08-03 10:37:34,642 | WARNING | PUSH2 used: stock_common.sc_datasource.eastmoney_stock_info_push2
2026-08-03 10:37:35,652 | WARNING | PUSH2 used: stock_common.sc_datasource.eastmoney_stock_info_push2
2026-08-03 10:37:36,602 | WARNING | PUSH2 used: stock_common.sc_datasource.eastmoney_stock_info_push2
2026-08-03 10:37:37,649 | WARNING | PUSH2 used: stock_common.sc_datasource.eastmoney_stock_info_push2
2026-08-03 10:37:38,633 | WARNING | PUSH2 used: stock_common.sc_datasource.eastmoney_stock_info_push2
2026-08-03 10:37:39,623 | WARNING | PUSH2 used: stock_common.sc_datasource.eastmoney_stock_info_push2
2026-08-03 10:37:40,622 | WARNING | PUSH2 used: stock_common.sc_datasource.eastmoney_stock_info_push2
2026-08-03 10:37:41,692 | WARNING | PUSH2 used: stock_common.sc_datasource.eastmoney_stock_info_push2
2026-08-03 10:37:42,616 | WARNING | PUSH2 used: stock_common.sc_datasource.eastmoney_stock_info_push2
2026-08-03 10:37:43,638 | WARNING | PUSH2 used: stock_common.sc_datasource.eastmoney_stock_info_push2
2026-08-03 10:37:44,633 | WARNING | PUSH2 used: stock_common.sc_datasource.eastmoney_stock_info_push2
2026-08-03 10:38:21,365 | WARNING | PUSH2 used: stock_common.sc_datasource.eastmoney_stock_info_push2
2026-08-03 10:39:49,185 | WARNING | PUSH2 used: stock_common.sc_datasource.eastmoney_stock_info_push2
2026-08-03 10:39:50,544 | WARNING | PUSH2 used: stock_common.sc_datasource.get_em_fund_flow
2026-08-03 10:39:51,455 | WARNING | PUSH2 used: stock_common.sc_datasource.get_em_fund_flow
2026-08-03 10:39:52,260 | WARNING | PUSH2 used: stock_common.sc_datasource.get_em_fund_flow
2026-08-03 10:39:53,046 | WARNING | PUSH2 used: stock_common.sc_datasource.get_em_fund_flow
2026-08-03 10:39:53,821 | WARNING | PUSH2 used: stock_common.sc_datasource.get_em_fund_flow
2026-08-03 10:39:54,620 | WARNING | PUSH2 used: stock_common.sc_datasource.get_em_fund_flow
2026-08-03 10:39:55,827 | WARNING | PUSH2 used: stock_common.sc_datasource.get_em_fund_flow
2026-08-03 10:39:55,867 | WARNING | PUSH2 used: stock_common.sc_datasource.get_em_fund_flow
2026-08-03 10:39:56,513 | WARNING | PUSH2 used: stock_common.sc_datasource.get_em_fund_flow
2026-08-03 10:39:56,978 | WARNING | PUSH2 used: stock_common.sc_datasource.get_em_board_list
2026-08-03 10:39:57,167 | WARNING | PUSH2 used: stock_common.sc_datasource.get_em_fund_flow
2026-08-03 10:39:59,723 | WARNING | PUSH2 used: stock_common.sc_datasource.get_em_fund_flow
2026-08-03 10:40:00,725 | WARNING | PUSH2 used: stock_common.sc_datasource.get_em_fund_flow
2026-08-03 10:40:01,844 | WARNING | PUSH2 used: stock_common.sc_datasource.get_em_fund_flow
2026-08-03 10:40:02,707 | WARNING | PUSH2 used: stock_common.sc_datasource.get_em_fund_flow
2026-08-03 10:40:03,518 | WARNING | PUSH2 used: stock_common.sc_datasource.get_em_fund_flow
2026-08-03 10:40:04,302 | WARNING | PUSH2 used: stock_common.sc_datasource.get_em_fund_flow
2026-08-03 10:40:05,574 | WARNING | PUSH2 used: stock_common.sc_datasource.get_em_fund_flow
2026-08-03 10:40:06,595 | WARNING | PUSH2 used: stock_common.sc_datasource.get_em_fund_flow
2026-08-03 10:40:07,622 | WARNING | PUSH2 used: stock_common.sc_datasource.get_em_fund_flow
2026-08-03 10:40:08,566 | WARNING | PUSH2 used: stock_common.sc_datasource.get_em_fund_flow
2026-08-03 10:40:09,766 | WARNING | PUSH2 used: stock_common.sc_datasource.get_em_fund_flow
2026-08-03 10:40:11,053 | WARNING | PUSH2 used: stock_common.sc_datasource.get_em_fund_flow
2026-08-03 10:40:12,113 | WARNING | PUSH2 used: stock_common.sc_datasource.get_em_fund_flow
2026-08-03 10:40:13,581 | WARNING | PUSH2 used: stock_common.sc_datasource.get_em_fund_flow
2026-08-03 10:40:14,766 | WARNING | PUSH2 used: stock_common.sc_datasource.get_em_fund_flow
2026-08-03 10:40:16,070 | WARNING | PUSH2 used: stock_common.sc_datasource.get_em_fund_flow
2026-08-03 10:40:17,586 | WARNING | PUSH2 used: stock_common.sc_datasource.get_em_fund_flow
2026-08-03 10:40:18,710 | WARNING | PUSH2 used: stock_common.sc_datasource.get_em_fund_flow
2026-08-03 10:40:20,055 | WARNING | PUSH2 used: stock_common.sc_datasource.get_em_fund_flow
2026-08-03 10:40:21,398 | WARNING | PUSH2 used: stock_common.sc_datasource.get_em_fund_flow
2026-08-03 10:40:22,678 | WARNING | PUSH2 used: stock_common.sc_datasource.get_em_fund_flow
2026-08-03 10:40:23,671 | WARNING | PUSH2 used: stock_common.sc_datasource.get_em_fund_flow
2026-08-03 10:40:23,931 | WARNING | PUSH2 used: stock_common.sc_datasource.get_em_fund_flow
2026-08-03 10:40:24,248 | WARNING | PUSH2 used: stock_common.sc_datasource.get_em_fund_flow
2026-08-03 10:40:24,918 | WARNING | PUSH2 used: stock_common.sc_datasource.get_em_fund_flow
2026-08-03 10:40:25,022 | WARNING | PUSH2 used: stock_common.sc_datasource.get_em_fund_flow
2026-08-03 10:40:25,884 | WARNING | PUSH2 used: stock_common.sc_datasource.get_em_fund_flow
2026-08-03 10:40:26,337 | WARNING | PUSH2 used: stock_common.sc_datasource.get_em_fund_flow
2026-08-03 10:40:27,161 | WARNING | PUSH2 used: stock_common.sc_datasource.get_em_fund_flow
2026-08-03 10:40:28,355 | WARNING | PUSH2 used: stock_common.sc_datasource.get_em_fund_flow
2026-08-03 10:40:29,675 | WARNING | PUSH2 used: stock_common.sc_datasource.get_em_fund_flow
2026-08-03 10:40:30,364 | WARNING | PUSH2 used: stock_common.sc_datasource.get_em_fund_flow
2026-08-03 10:40:31,704 | WARNING | PUSH2 used: stock_common.sc_datasource.get_em_fund_flow
2026-08-03 10:40:31,929 | WARNING | PUSH2 used: stock_common.sc_datasource.get_em_fund_flow
2026-08-03 10:40:33,291 | WARNING | PUSH2 used: stock_common.sc_datasource.get_em_fund_flow
2026-08-03 10:40:33,930 | WARNING | PUSH2 used: stock_common.sc_datasource.get_em_fund_flow
2026-08-03 10:40:35,179 | WARNING | PUSH2 used: stock_common.sc_datasource.get_em_fund_flow
2026-08-03 10:40:35,930 | WARNING | PUSH2 used: stock_common.sc_datasource.get_em_fund_flow
2026-08-03 10:40:37,313 | WARNING | PUSH2 used: stock_common.sc_datasource.get_em_fund_flow
2026-08-03 10:40:37,950 | WARNING | PUSH2 used: stock_common.sc_datasource.get_em_fund_flow
2026-08-03 10:40:39,512 | WARNING | PUSH2 used: stock_common.sc_datasource.get_em_fund_flow
2026-08-03 10:40:39,984 | WARNING | PUSH2 used: stock_common.sc_datasource.get_em_fund_flow
2026-08-03 10:40:41,418 | WARNING | PUSH2 used: stock_common.sc_datasource.get_em_fund_flow
2026-08-03 10:40:41,963 | WARNING | PUSH2 used: stock_common.sc_datasource.get_em_fund_flow
2026-08-03 10:40:43,311 | WARNING | PUSH2 used: stock_common.sc_datasource.get_em_fund_flow
2026-08-03 10:40:43,930 | WARNING | PUSH2 used: stock_common.sc_datasource.get_em_fund_flow
2026-08-03 10:40:45,303 | WARNING | PUSH2 used: stock_common.sc_datasource.get_em_fund_flow
2026-08-03 10:40:45,757 | WARNING | PUSH2 used: stock_common.sc_datasource.get_em_fund_flow
2026-08-03 10:40:47,556 | WARNING | PUSH2 used: stock_common.sc_datasource.get_em_fund_flow
2026-08-03 10:40:48,198 | WARNING | PUSH2 used: stock_common.sc_datasource.get_em_fund_flow
2026-08-03 10:40:49,561 | WARNING | PUSH2 used: stock_common.sc_datasource.get_em_fund_flow
2026-08-03 10:40:50,181 | WARNING | PUSH2 used: stock_common.sc_datasource.get_em_fund_flow
2026-08-03 10:40:51,445 | WARNING | PUSH2 used: stock_common.sc_datasource.get_em_fund_flow
2026-08-03 10:40:52,187 | WARNING | PUSH2 used: stock_common.sc_datasource.get_em_fund_flow
2026-08-03 10:40:53,558 | WARNING | PUSH2 used: stock_common.sc_datasource.get_em_fund_flow
2026-08-03 10:40:54,212 | WARNING | PUSH2 used: stock_common.sc_datasource.get_em_fund_flow
2026-08-03 10:40:55,440 | WARNING | PUSH2 used: stock_common.sc_datasource.get_em_fund_flow
2026-08-03 10:40:56,200 | WARNING | PUSH2 used: stock_common.sc_datasource.get_em_fund_flow
2026-08-03 10:40:57,434 | WARNING | PUSH2 used: stock_common.sc_datasource.get_em_fund_flow
2026-08-03 10:40:58,230 | WARNING | PUSH2 used: stock_common.sc_datasource.get_em_fund_flow
2026-08-03 10:40:59,467 | WARNING | PUSH2 used: stock_common.sc_datasource.get_em_fund_flow
2026-08-03 10:41:00,183 | WARNING | PUSH2 used: stock_common.sc_datasource.get_em_fund_flow
2026-08-03 10:41:01,589 | WARNING | PUSH2 used: stock_common.sc_datasource.get_em_fund_flow
2026-08-03 10:41:02,205 | WARNING | PUSH2 used: stock_common.sc_datasource.get_em_fund_flow
2026-08-03 10:41:03,568 | WARNING | PUSH2 used: stock_common.sc_datasource.get_em_fund_flow
2026-08-03 10:41:04,168 | WARNING | PUSH2 used: stock_common.sc_datasource.get_em_fund_flow
2026-08-03 10:41:05,596 | WARNING | PUSH2 used: stock_common.sc_datasource.get_em_fund_flow
2026-08-03 10:41:06,235 | WARNING | PUSH2 used: stock_common.sc_datasource.get_em_fund_flow
2026-08-03 10:41:07,494 | WARNING | PUSH2 used: stock_common.sc_datasource.get_em_fund_flow
2026-08-03 10:41:08,221 | WARNING | PUSH2 used: stock_common.sc_datasource.get_em_fund_flow
2026-08-03 10:41:09,521 | WARNING | PUSH2 used: stock_common.sc_datasource.get_em_fund_flow
2026-08-03 10:41:10,459 | WARNING | PUSH2 used: stock_common.sc_datasource.get_em_fund_flow
2026-08-03 10:41:11,139 | WARNING | PUSH2 used: stock_common.sc_datasource.get_em_fund_flow
2026-08-03 10:41:12,511 | WARNING | PUSH2 used: stock_common.sc_datasource.get_em_fund_flow
2026-08-03 10:41:13,303 | WARNING | PUSH2 used: stock_common.sc_datasource.get_em_fund_flow
2026-08-03 10:41:13,933 | WARNING | PUSH2 used: stock_common.sc_datasource.get_em_fund_flow
2026-08-03 10:41:15,191 | WARNING | PUSH2 used: stock_common.sc_datasource.get_em_fund_flow
2026-08-03 10:41:16,467 | WARNING | PUSH2 used: stock_common.sc_datasource.get_em_fund_flow
2026-08-03 10:41:17,924 | WARNING | PUSH2 used: stock_common.sc_datasource.get_em_fund_flow
2026-08-03 10:41:18,602 | WARNING | PUSH2 used: stock_common.sc_datasource.get_em_fund_flow
2026-08-03 10:41:19,903 | WARNING | PUSH2 used: stock_common.sc_datasource.get_em_fund_flow
2026-08-03 10:41:20,483 | WARNING | PUSH2 used: stock_common.sc_datasource.get_em_fund_flow
2026-08-03 10:41:22,193 | WARNING | PUSH2 used: stock_common.sc_datasource.get_em_fund_flow
2026-08-03 10:41:22,544 | WARNING | PUSH2 used: stock_common.sc_datasource.get_em_fund_flow
2026-08-03 10:41:23,938 | WARNING | PUSH2 used: stock_common.sc_datasource.get_em_fund_flow
2026-08-03 10:41:24,127 | WARNING | PUSH2 used: stock_common.sc_datasource.get_em_fund_flow
2026-08-03 10:41:24,935 | WARNING | PUSH2 used: stock_common.sc_datasource.get_em_fund_flow
2026-08-03 10:41:26,292 | WARNING | PUSH2 used: stock_common.sc_datasource.get_em_fund_flow
2026-08-03 10:41:26,936 | WARNING | PUSH2 used: stock_common.sc_datasource.get_em_fund_flow
2026-08-03 10:41:28,283 | WARNING | PUSH2 used: stock_common.sc_datasource.get_em_fund_flow
2026-08-03 10:41:28,934 | WARNING | PUSH2 used: stock_common.sc_datasource.get_em_fund_flow
2026-08-03 10:41:30,181 | WARNING | PUSH2 used: stock_common.sc_datasource.get_em_fund_flow
2026-08-03 10:41:30,953 | WARNING | PUSH2 used: stock_common.sc_datasource.get_em_fund_flow
2026-08-03 10:41:32,186 | WARNING | PUSH2 used: stock_common.sc_datasource.get_em_fund_flow
2026-08-03 10:41:32,935 | WARNING | PUSH2 used: stock_common.sc_datasource.get_em_fund_flow
2026-08-03 10:41:34,312 | WARNING | PUSH2 used: stock_common.sc_datasource.get_em_fund_flow
2026-08-03 10:41:34,816 | WARNING | PUSH2 used: stock_common.sc_datasource.get_em_fund_flow
2026-08-03 10:41:36,601 | WARNING | PUSH2 used: stock_common.sc_datasource.get_em_fund_flow
2026-08-03 10:41:37,470 | WARNING | PUSH2 used: stock_common.sc_datasource.get_em_fund_flow
2026-08-03 10:41:38,880 | WARNING | PUSH2 used: stock_common.sc_datasource.get_em_fund_flow
2026-08-03 10:41:38,934 | WARNING | PUSH2 used: stock_common.sc_datasource.get_em_fund_flow
2026-08-03 10:41:40,314 | WARNING | PUSH2 used: stock_common.sc_datasource.get_em_fund_flow
2026-08-03 10:41:40,936 | WARNING | PUSH2 used: stock_common.sc_datasource.get_em_fund_flow
2026-08-03 10:41:42,288 | WARNING | PUSH2 used: stock_common.sc_datasource.get_em_fund_flow
2026-08-03 10:41:42,938 | WARNING | PUSH2 used: stock_common.sc_datasource.get_em_fund_flow
2026-08-03 10:41:44,182 | WARNING | PUSH2 used: stock_common.sc_datasource.get_em_fund_flow
2026-08-03 10:41:45,416 | WARNING | PUSH2 used: stock_common.sc_datasource.get_em_fund_flow
2026-08-03 10:41:46,775 | WARNING | PUSH2 used: stock_common.sc_datasource.get_em_fund_flow
2026-08-03 10:41:47,467 | WARNING | PUSH2 used: stock_common.sc_datasource.get_em_fund_flow
2026-08-03 10:41:48,857 | WARNING | PUSH2 used: stock_common.sc_datasource.get_em_fund_flow
2026-08-03 10:41:49,331 | WARNING | PUSH2 used: stock_common.sc_datasource.get_em_fund_flow
2026-08-03 10:41:50,687 | WARNING | PUSH2 used: stock_common.sc_datasource.get_em_fund_flow
2026-08-03 10:41:51,321 | WARNING | PUSH2 used: stock_common.sc_datasource.get_em_fund_flow
2026-08-03 10:41:52,636 | WARNING | PUSH2 used: stock_common.sc_datasource.get_em_fund_flow
2026-08-03 10:41:53,378 | WARNING | PUSH2 used: stock_common.sc_datasource.get_em_fund_flow
2026-08-03 10:41:55,303 | WARNING | PUSH2 used: stock_common.sc_datasource.get_em_fund_flow
2026-08-03 10:41:56,268 | WARNING | PUSH2 used: stock_common.sc_datasource.get_em_fund_flow
2026-08-03 10:41:57,292 | WARNING | PUSH2 used: stock_common.sc_datasource.get_em_fund_flow
2026-08-03 10:41:58,265 | WARNING | PUSH2 used: stock_common.sc_datasource.get_em_fund_flow
2026-08-03 10:41:59,298 | WARNING | PUSH2 used: stock_common.sc_datasource.get_em_fund_flow
2026-08-03 10:42:00,252 | WARNING | PUSH2 used: stock_common.sc_datasource.get_em_fund_flow
2026-08-03 10:42:01,281 | WARNING | PUSH2 used: stock_common.sc_datasource.get_em_fund_flow
2026-08-03 10:42:02,274 | WARNING | PUSH2 used: stock_common.sc_datasource.get_em_fund_flow
2026-08-03 10:42:03,451 | WARNING | PUSH2 used: stock_common.sc_datasource.get_em_fund_flow
2026-08-03 10:42:03,774 | WARNING | PUSH2 used: stock_common.sc_datasource.get_em_fund_flow
2026-08-03 10:42:05,335 | WARNING | PUSH2 used: stock_common.sc_datasource.get_em_fund_flow
2026-08-03 10:42:06,355 | WARNING | PUSH2 used: stock_common.sc_datasource.get_em_fund_flow
2026-08-03 10:42:07,479 | WARNING | PUSH2 used: stock_common.sc_datasource.get_em_fund_flow
2026-08-03 10:42:08,487 | WARNING | PUSH2 used: stock_common.sc_datasource.get_em_fund_flow
2026-08-03 10:42:08,933 | WARNING | PUSH2 used: stock_common.sc_datasource.get_em_fund_flow
2026-08-03 10:42:09,931 | WARNING | PUSH2 used: stock_common.sc_datasource.get_em_fund_flow
2026-08-03 10:42:10,931 | WARNING | PUSH2 used: stock_common.sc_datasource.get_em_fund_flow
2026-08-03 10:42:11,793 | WARNING | PUSH2 used: stock_common.sc_datasource.get_em_fund_flow
2026-08-03 10:42:13,505 | WARNING | PUSH2 used: stock_common.sc_datasource.get_em_fund_flow
2026-08-03 10:42:13,939 | WARNING | PUSH2 used: stock_common.sc_datasource.get_em_fund_flow
2026-08-03 10:42:14,935 | WARNING | PUSH2 used: stock_common.sc_datasource.get_em_fund_flow
2026-08-03 10:42:15,951 | WARNING | PUSH2 used: stock_common.sc_datasource.get_em_fund_flow
2026-08-03 10:42:16,936 | WARNING | PUSH2 used: stock_common.sc_datasource.get_em_fund_flow
2026-08-03 10:42:17,936 | WARNING | PUSH2 used: stock_common.sc_datasource.get_em_fund_flow
2026-08-03 10:42:18,934 | WARNING | PUSH2 used: stock_common.sc_datasource.get_em_fund_flow
2026-08-03 10:42:19,932 | WARNING | PUSH2 used: stock_common.sc_datasource.get_em_fund_flow
2026-08-03 10:42:20,938 | WARNING | PUSH2 used: stock_common.sc_datasource.get_em_fund_flow
2026-08-03 10:42:21,937 | WARNING | PUSH2 used: stock_common.sc_datasource.get_em_fund_flow
2026-08-03 10:42:22,803 | WARNING | PUSH2 used: stock_common.sc_datasource.get_em_fund_flow
2026-08-03 10:42:24,328 | WARNING | PUSH2 used: stock_common.sc_datasource.get_em_fund_flow
2026-08-03 10:42:25,166 | WARNING | PUSH2 used: stock_common.sc_datasource.get_em_fund_flow
2026-08-03 10:42:26,204 | WARNING | PUSH2 used: stock_common.sc_datasource.get_em_fund_flow
2026-08-03 10:42:27,147 | WARNING | PUSH2 used: stock_common.sc_datasource.get_em_fund_flow
2026-08-03 10:42:28,180 | WARNING | PUSH2 used: stock_common.sc_datasource.get_em_fund_flow
2026-08-03 10:42:29,218 | WARNING | PUSH2 used: stock_common.sc_datasource.get_em_fund_flow
2026-08-03 10:42:30,169 | WARNING | PUSH2 used: stock_common.sc_datasource.get_em_fund_flow
2026-08-03 10:42:31,193 | WARNING | PUSH2 used: stock_common.sc_datasource.get_em_fund_flow
2026-08-03 10:42:32,186 | WARNING | PUSH2 used: stock_common.sc_datasource.get_em_fund_flow
2026-08-03 10:42:33,147 | WARNING | PUSH2 used: stock_common.sc_datasource.get_em_fund_flow
2026-08-03 10:42:34,204 | WARNING | PUSH2 used: stock_common.sc_datasource.get_em_fund_flow
2026-08-03 10:42:35,173 | WARNING | PUSH2 used: stock_common.sc_datasource.get_em_fund_flow
2026-08-03 10:42:36,146 | WARNING | PUSH2 used: stock_common.sc_datasource.get_em_fund_flow
2026-08-03 10:42:37,098 | WARNING | PUSH2 used: stock_common.sc_datasource.get_em_fund_flow
2026-08-03 10:42:38,131 | WARNING | PUSH2 used: stock_common.sc_datasource.get_em_fund_flow
2026-08-03 10:42:39,122 | WARNING | PUSH2 used: stock_common.sc_datasource.get_em_fund_flow
2026-08-03 10:42:40,117 | WARNING | PUSH2 used: stock_common.sc_datasource.get_em_fund_flow
2026-08-03 10:42:41,112 | WARNING | PUSH2 used: stock_common.sc_datasource.get_em_fund_flow
2026-08-03 10:42:42,113 | WARNING | PUSH2 used: stock_common.sc_datasource.get_em_fund_flow
2026-08-03 10:42:43,128 | WARNING | PUSH2 used: stock_common.sc_datasource.get_em_fund_flow
2026-08-03 10:42:44,127 | WARNING | PUSH2 used: stock_common.sc_datasource.get_em_fund_flow
2026-08-03 10:42:45,113 | WARNING | PUSH2 used: stock_common.sc_datasource.get_em_fund_flow
2026-08-03 10:42:46,227 | WARNING | PUSH2 used: stock_common.sc_datasource.get_em_fund_flow
2026-08-03 10:42:47,217 | WARNING | PUSH2 used: stock_common.sc_datasource.get_em_fund_flow
2026-08-03 10:42:48,195 | WARNING | PUSH2 used: stock_common.sc_datasource.get_em_fund_flow
2026-08-03 10:42:49,215 | WARNING | PUSH2 used: stock_common.sc_datasource.get_em_fund_flow
2026-08-03 10:42:50,191 | WARNING | PUSH2 used: stock_common.sc_datasource.get_em_fund_flow
2026-08-03 10:42:51,231 | WARNING | PUSH2 used: stock_common.sc_datasource.get_em_fund_flow
2026-08-03 10:42:52,317 | WARNING | PUSH2 used: stock_common.sc_datasource.get_em_fund_flow
2026-08-03 10:42:53,309 | WARNING | PUSH2 used: stock_common.sc_datasource.get_em_fund_flow
2026-08-03 10:42:54,282 | WARNING | PUSH2 used: stock_common.sc_datasource.get_em_fund_flow
2026-08-03 10:42:55,418 | WARNING | PUSH2 used: stock_common.sc_datasource.get_em_fund_flow
2026-08-03 10:42:55,919 | WARNING | PUSH2 used: stock_common.sc_datasource.get_em_fund_flow
2026-08-03 10:42:56,717 | WARNING | PUSH2 used: stock_common.sc_datasource.get_em_fund_flow
2026-08-03 10:42:58,407 | WARNING | PUSH2 used: stock_common.sc_datasource.get_em_fund_flow
2026-08-03 10:42:58,910 | WARNING | PUSH2 used: stock_common.sc_datasource.get_em_fund_flow
2026-08-03 10:42:59,910 | WARNING | PUSH2 used: stock_common.sc_datasource.get_em_fund_flow
2026-08-03 10:43:00,908 | WARNING | PUSH2 used: stock_common.sc_datasource.get_em_fund_flow
2026-08-03 10:43:01,912 | WARNING | PUSH2 used: stock_common.sc_datasource.get_em_fund_flow
2026-08-03 10:43:02,910 | WARNING | PUSH2 used: stock_common.sc_datasource.get_em_fund_flow
2026-08-03 10:43:04,000 | WARNING | PUSH2 used: stock_common.sc_datasource.get_em_fund_flow
2026-08-03 10:43:04,911 | WARNING | PUSH2 used: stock_common.sc_datasource.get_em_fund_flow
2026-08-03 10:43:05,910 | WARNING | PUSH2 used: stock_common.sc_datasource.get_em_fund_flow
2026-08-03 10:43:06,910 | WARNING | PUSH2 used: stock_common.sc_datasource.get_em_fund_flow
2026-08-03 10:43:07,918 | WARNING | PUSH2 used: stock_common.sc_datasource.get_em_fund_flow
2026-08-03 10:43:08,911 | WARNING | PUSH2 used: stock_common.sc_datasource.get_em_fund_flow
2026-08-03 10:43:09,917 | WARNING | PUSH2 used: stock_common.sc_datasource.get_em_fund_flow
2026-08-03 10:43:10,915 | WARNING | PUSH2 used: stock_common.sc_datasource.get_em_fund_flow
2026-08-03 10:43:11,910 | WARNING | PUSH2 used: stock_common.sc_datasource.get_em_fund_flow
2026-08-03 10:43:12,865 | WARNING | PUSH2 used: stock_common.sc_datasource.get_em_fund_flow
2026-08-03 10:43:14,213 | WARNING | PUSH2 used: stock_common.sc_datasource.get_em_fund_flow
2026-08-03 10:43:15,239 | WARNING | PUSH2 used: stock_common.sc_datasource.get_em_fund_flow
2026-08-03 10:43:16,367 | WARNING | PUSH2 used: stock_common.sc_datasource.get_em_fund_flow
2026-08-03 10:43:17,305 | WARNING | PUSH2 used: stock_common.sc_datasource.get_em_fund_flow
2026-08-03 10:43:18,298 | WARNING | PUSH2 used: stock_common.sc_datasource.get_em_fund_flow
2026-08-03 10:43:19,332 | WARNING | PUSH2 used: stock_common.sc_datasource.get_em_fund_flow
2026-08-03 10:43:20,303 | WARNING | PUSH2 used: stock_common.sc_datasource.get_em_fund_flow
2026-08-03 10:43:21,347 | WARNING | PUSH2 used: stock_common.sc_datasource.get_em_fund_flow
2026-08-03 10:43:22,262 | WARNING | PUSH2 used: stock_common.sc_datasource.get_em_fund_flow
2026-08-03 10:43:23,281 | WARNING | PUSH2 used: stock_common.sc_datasource.get_em_fund_flow
2026-08-03 10:43:24,358 | WARNING | PUSH2 used: stock_common.sc_datasource.get_em_fund_flow
2026-08-03 10:43:25,313 | WARNING | PUSH2 used: stock_common.sc_datasource.get_em_fund_flow
2026-08-03 10:43:26,257 | WARNING | PUSH2 used: stock_common.sc_datasource.get_em_fund_flow
2026-08-03 10:43:27,295 | WARNING | PUSH2 used: stock_common.sc_datasource.get_em_fund_flow
2026-08-03 10:43:28,280 | WARNING | PUSH2 used: stock_common.sc_datasource.get_em_fund_flow
2026-08-03 10:43:29,327 | WARNING | PUSH2 used: stock_common.sc_datasource.get_em_fund_flow
2026-08-03 10:43:30,272 | WARNING | PUSH2 used: stock_common.sc_datasource.get_em_fund_flow
2026-08-03 10:43:31,337 | WARNING | PUSH2 used: stock_common.sc_datasource.get_em_fund_flow
2026-08-03 10:43:32,293 | WARNING | PUSH2 used: stock_common.sc_datasource.get_em_fund_flow
2026-08-03 10:43:33,269 | WARNING | PUSH2 used: stock_common.sc_datasource.get_em_fund_flow
2026-08-03 10:43:34,278 | WARNING | PUSH2 used: stock_common.sc_datasource.get_em_fund_flow
2026-08-03 10:43:35,398 | WARNING | PUSH2 used: stock_common.sc_datasource.get_em_fund_flow
2026-08-03 10:43:36,292 | WARNING | PUSH2 used: stock_common.sc_datasource.get_em_fund_flow
2026-08-03 10:43:37,321 | WARNING | PUSH2 used: stock_common.sc_datasource.get_em_fund_flow
2026-08-03 10:43:38,255 | WARNING | PUSH2 used: stock_common.sc_datasource.get_em_fund_flow
2026-08-03 10:43:39,269 | WARNING | PUSH2 used: stock_common.sc_datasource.get_em_fund_flow
2026-08-03 10:43:40,220 | WARNING | PUSH2 used: stock_common.sc_datasource.get_em_fund_flow
2026-08-03 10:43:41,261 | WARNING | PUSH2 used: stock_common.sc_datasource.get_em_fund_flow
2026-08-03 10:43:42,244 | WARNING | PUSH2 used: stock_common.sc_datasource.get_em_fund_flow
2026-08-03 10:43:43,391 | WARNING | PUSH2 used: stock_common.sc_datasource.get_em_fund_flow
2026-08-03 10:43:43,873 | WARNING | PUSH2 used: stock_common.sc_datasource.get_em_fund_flow
2026-08-03 10:43:45,464 | WARNING | PUSH2 used: stock_common.sc_datasource.get_em_fund_flow
2026-08-03 10:43:45,952 | WARNING | PUSH2 used: stock_common.sc_datasource.get_em_fund_flow
2026-08-03 10:43:46,942 | WARNING | PUSH2 used: stock_common.sc_datasource.get_em_fund_flow
2026-08-03 10:43:47,942 | WARNING | PUSH2 used: stock_common.sc_datasource.get_em_fund_flow
2026-08-03 10:43:48,940 | WARNING | PUSH2 used: stock_common.sc_datasource.get_em_fund_flow
2026-08-03 10:43:49,939 | WARNING | PUSH2 used: stock_common.sc_datasource.get_em_fund_flow
2026-08-03 10:43:50,943 | WARNING | PUSH2 used: stock_common.sc_datasource.get_em_fund_flow
2026-08-03 10:43:51,940 | WARNING | PUSH2 used: stock_common.sc_datasource.get_em_fund_flow
2026-08-03 10:43:52,939 | WARNING | PUSH2 used: stock_common.sc_datasource.get_em_fund_flow
2026-08-03 10:43:53,941 | WARNING | PUSH2 used: stock_common.sc_datasource.get_em_fund_flow
2026-08-03 10:43:54,942 | WARNING | PUSH2 used: stock_common.sc_datasource.get_em_fund_flow
2026-08-03 10:43:55,936 | WARNING | PUSH2 used: stock_common.sc_datasource.get_em_fund_flow
2026-08-03 10:43:56,946 | WARNING | PUSH2 used: stock_common.sc_datasource.get_em_fund_flow
2026-08-03 10:43:57,940 | WARNING | PUSH2 used: stock_common.sc_datasource.get_em_fund_flow
2026-08-03 10:43:58,939 | WARNING | PUSH2 used: stock_common.sc_datasource.get_em_fund_flow
2026-08-03 10:43:59,939 | WARNING | PUSH2 used: stock_common.sc_datasource.get_em_fund_flow
2026-08-03 10:44:00,945 | WARNING | PUSH2 used: stock_common.sc_datasource.get_em_fund_flow
2026-08-03 10:44:01,936 | WARNING | PUSH2 used: stock_common.sc_datasource.get_em_fund_flow
2026-08-03 10:44:02,768 | WARNING | PUSH2 used: stock_common.sc_datasource.get_em_fund_flow
2026-08-03 10:44:04,183 | WARNING | PUSH2 used: stock_common.sc_datasource.get_em_fund_flow
2026-08-03 10:44:05,257 | WARNING | PUSH2 used: stock_common.sc_datasource.get_em_fund_flow
2026-08-03 10:44:06,171 | WARNING | PUSH2 used: stock_common.sc_datasource.get_em_fund_flow
2026-08-03 10:44:07,193 | WARNING | PUSH2 used: stock_common.sc_datasource.get_em_fund_flow
2026-08-03 10:44:08,162 | WARNING | PUSH2 used: stock_common.sc_datasource.get_em_fund_flow
2026-08-03 10:44:09,165 | WARNING | PUSH2 used: stock_common.sc_datasource.get_em_fund_flow
2026-08-03 10:44:10,205 | WARNING | PUSH2 used: stock_common.sc_datasource.get_em_fund_flow
2026-08-03 10:44:11,292 | WARNING | PUSH2 used: stock_common.sc_datasource.get_em_fund_flow
2026-08-03 10:44:12,280 | WARNING | PUSH2 used: stock_common.sc_datasource.get_em_fund_flow
2026-08-03 10:44:13,177 | WARNING | PUSH2 used: stock_common.sc_datasource.get_em_fund_flow
2026-08-03 10:44:14,171 | WARNING | PUSH2 used: stock_common.sc_datasource.get_em_fund_flow
2026-08-03 10:44:15,172 | WARNING | PUSH2 used: stock_common.sc_datasource.get_em_fund_flow
2026-08-03 10:44:16,244 | WARNING | PUSH2 used: stock_common.sc_datasource.get_em_fund_flow
2026-08-03 10:44:17,185 | WARNING | PUSH2 used: stock_common.sc_datasource.get_em_fund_flow
2026-08-03 10:44:18,182 | WARNING | PUSH2 used: stock_common.sc_datasource.get_em_fund_flow
2026-08-03 10:44:19,230 | WARNING | PUSH2 used: stock_common.sc_datasource.get_em_fund_flow
2026-08-03 10:44:20,170 | WARNING | PUSH2 used: stock_common.sc_datasource.get_em_fund_flow
2026-08-03 10:44:21,197 | WARNING | PUSH2 used: stock_common.sc_datasource.get_em_fund_flow
2026-08-03 10:44:22,168 | WARNING | PUSH2 used: stock_common.sc_datasource.get_em_fund_flow
2026-08-03 10:44:23,149 | WARNING | PUSH2 used: stock_common.sc_datasource.get_em_fund_flow
2026-08-03 10:44:24,155 | WARNING | PUSH2 used: stock_common.sc_datasource.get_em_fund_flow
2026-08-03 10:44:25,139 | WARNING | PUSH2 used: stock_common.sc_datasource.get_em_fund_flow
2026-08-03 10:44:26,156 | WARNING | PUSH2 used: stock_common.sc_datasource.get_em_fund_flow
2026-08-03 10:44:27,162 | WARNING | PUSH2 used: stock_common.sc_datasource.get_em_fund_flow
2026-08-03 10:44:28,138 | WARNING | PUSH2 used: stock_common.sc_datasource.get_em_fund_flow
2026-08-03 10:44:29,169 | WARNING | PUSH2 used: stock_common.sc_datasource.get_em_fund_flow
2026-08-03 10:44:30,138 | WARNING | PUSH2 used: stock_common.sc_datasource.get_em_fund_flow
2026-08-03 10:44:31,161 | WARNING | PUSH2 used: stock_common.sc_datasource.get_em_fund_flow
2026-08-03 10:44:32,170 | WARNING | PUSH2 used: stock_common.sc_datasource.get_em_fund_flow
2026-08-03 10:44:33,322 | WARNING | PUSH2 used: stock_common.sc_datasource.get_em_fund_flow
2026-08-03 10:44:33,780 | WARNING | PUSH2 used: stock_common.sc_datasource.get_em_fund_flow
2026-08-03 10:44:35,317 | WARNING | PUSH2 used: stock_common.sc_datasource.get_em_fund_flow
2026-08-03 10:44:35,772 | WARNING | PUSH2 used: stock_common.sc_datasource.get_em_fund_flow
2026-08-03 10:44:37,325 | WARNING | PUSH2 used: stock_common.sc_datasource.get_em_fund_flow
2026-08-03 10:44:37,888 | WARNING | PUSH2 used: stock_common.sc_datasource.get_em_fund_flow
2026-08-03 10:44:39,310 | WARNING | PUSH2 used: stock_common.sc_datasource.get_em_fund_flow
2026-08-03 10:44:39,935 | WARNING | PUSH2 used: stock_common.sc_datasource.get_em_fund_flow
2026-08-03 10:44:40,934 | WARNING | PUSH2 used: stock_common.sc_datasource.get_em_fund_flow
2026-08-03 10:44:41,935 | WARNING | PUSH2 used: stock_common.sc_datasource.get_em_fund_flow
2026-08-03 10:44:42,936 | WARNING | PUSH2 used: stock_common.sc_datasource.get_em_fund_flow
2026-08-03 10:44:43,935 | WARNING | PUSH2 used: stock_common.sc_datasource.get_em_fund_flow
2026-08-03 10:44:44,843 | WARNING | PUSH2 used: stock_common.sc_datasource.get_em_fund_flow
2026-08-03 10:44:46,304 | WARNING | PUSH2 used: stock_common.sc_datasource.get_em_fund_flow
2026-08-03 10:44:46,933 | WARNING | PUSH2 used: stock_common.sc_datasource.get_em_fund_flow
2026-08-03 10:44:47,937 | WARNING | PUSH2 used: stock_common.sc_datasource.get_em_fund_flow
2026-08-03 10:44:48,893 | WARNING | PUSH2 used: stock_common.sc_datasource.get_em_fund_flow
2026-08-03 10:44:50,182 | WARNING | PUSH2 used: stock_common.sc_datasource.get_em_fund_flow
2026-08-03 10:44:51,134 | WARNING | PUSH2 used: stock_common.sc_datasource.get_em_fund_flow
2026-08-03 10:44:52,176 | WARNING | PUSH2 used: stock_common.sc_datasource.get_em_fund_flow
2026-08-03 10:44:53,141 | WARNING | PUSH2 used: stock_common.sc_datasource.get_em_fund_flow
2026-08-03 10:44:54,130 | WARNING | PUSH2 used: stock_common.sc_datasource.get_em_fund_flow
2026-08-03 10:44:55,115 | WARNING | PUSH2 used: stock_common.sc_datasource.get_em_fund_flow
2026-08-03 10:44:56,145 | WARNING | PUSH2 used: stock_common.sc_datasource.get_em_fund_flow
2026-08-03 10:44:57,150 | WARNING | PUSH2 used: stock_common.sc_datasource.get_em_fund_flow
2026-08-03 10:44:58,131 | WARNING | PUSH2 used: stock_common.sc_datasource.get_em_fund_flow
2026-08-03 10:44:59,122 | WARNING | PUSH2 used: stock_common.sc_datasource.get_em_fund_flow
2026-08-03 10:45:00,152 | WARNING | PUSH2 used: stock_common.sc_datasource.get_em_fund_flow
2026-08-03 10:45:01,117 | WARNING | PUSH2 used: stock_common.sc_datasource.get_em_fund_flow
2026-08-03 10:45:02,138 | WARNING | PUSH2 used: stock_common.sc_datasource.get_em_fund_flow
2026-08-03 10:45:03,162 | WARNING | PUSH2 used: stock_common.sc_datasource.get_em_fund_flow
2026-08-03 10:45:04,132 | WARNING | PUSH2 used: stock_common.sc_datasource.get_em_fund_flow
2026-08-03 10:45:05,116 | WARNING | PUSH2 used: stock_common.sc_datasource.get_em_fund_flow
2026-08-03 10:45:06,119 | WARNING | PUSH2 used: stock_common.sc_datasource.get_em_fund_flow
2026-08-03 10:45:07,117 | WARNING | PUSH2 used: stock_common.sc_datasource.get_em_fund_flow
2026-08-03 10:45:08,119 | WARNING | PUSH2 used: stock_common.sc_datasource.get_em_fund_flow
2026-08-03 10:45:09,142 | WARNING | PUSH2 used: stock_common.sc_datasource.get_em_fund_flow
2026-08-03 10:45:10,123 | WARNING | PUSH2 used: stock_common.sc_datasource.get_em_fund_flow
2026-08-03 10:45:11,127 | WARNING | PUSH2 used: stock_common.sc_datasource.get_em_fund_flow
2026-08-03 10:45:12,135 | WARNING | PUSH2 used: stock_common.sc_datasource.get_em_fund_flow
2026-08-03 10:45:13,129 | WARNING | PUSH2 used: stock_common.sc_datasource.get_em_fund_flow
2026-08-03 10:45:14,115 | WARNING | PUSH2 used: stock_common.sc_datasource.get_em_fund_flow
2026-08-03 10:45:15,140 | WARNING | PUSH2 used: stock_common.sc_datasource.get_em_fund_flow
2026-08-03 10:45:16,151 | WARNING | PUSH2 used: stock_common.sc_datasource.get_em_fund_flow
2026-08-03 10:45:17,157 | WARNING | PUSH2 used: stock_common.sc_datasource.get_em_fund_flow
2026-08-03 10:45:18,037 | WARNING | PUSH2 used: stock_common.sc_datasource.get_em_fund_flow
2026-08-03 10:45:19,197 | WARNING | PUSH2 used: stock_common.sc_datasource.get_em_fund_flow
2026-08-03 10:45:20,183 | WARNING | PUSH2 used: stock_common.sc_datasource.get_em_fund_flow
2026-08-03 10:45:21,205 | WARNING | PUSH2 used: stock_common.sc_datasource.get_em_fund_flow
2026-08-03 10:45:22,192 | WARNING | PUSH2 used: stock_common.sc_datasource.get_em_fund_flow
2026-08-03 10:45:23,137 | WARNING | PUSH2 used: stock_common.sc_datasource.get_em_fund_flow
2026-08-03 10:45:24,155 | WARNING | PUSH2 used: stock_common.sc_datasource.get_em_fund_flow
2026-08-03 10:45:25,274 | WARNING | PUSH2 used: stock_common.sc_datasource.get_em_fund_flow
2026-08-03 10:45:26,179 | WARNING | PUSH2 used: stock_common.sc_datasource.get_em_fund_flow
2026-08-03 10:45:27,311 | WARNING | PUSH2 used: stock_common.sc_datasource.get_em_fund_flow
2026-08-03 10:45:27,919 | WARNING | PUSH2 used: stock_common.sc_datasource.get_em_fund_flow
2026-08-03 10:45:29,326 | WARNING | PUSH2 used: stock_common.sc_datasource.get_em_fund_flow
2026-08-03 10:45:29,922 | WARNING | PUSH2 used: stock_common.sc_datasource.get_em_fund_flow
2026-08-03 10:45:30,922 | WARNING | PUSH2 used: stock_common.sc_datasource.get_em_fund_flow
2026-08-03 10:45:31,754 | WARNING | PUSH2 used: stock_common.sc_datasource.get_em_fund_flow
2026-08-03 10:45:33,310 | WARNING | PUSH2 used: stock_common.sc_datasource.get_em_fund_flow
2026-08-03 10:45:33,921 | WARNING | PUSH2 used: stock_common.sc_datasource.get_em_fund_flow
2026-08-03 10:45:34,923 | WARNING | PUSH2 used: stock_common.sc_datasource.get_em_fund_flow
2026-08-03 10:45:35,756 | WARNING | PUSH2 used: stock_common.sc_datasource.get_em_fund_flow
2026-08-03 10:45:37,339 | WARNING | PUSH2 used: stock_common.sc_datasource.get_em_fund_flow
2026-08-03 10:45:37,922 | WARNING | PUSH2 used: stock_common.sc_datasource.get_em_fund_flow
2026-08-03 10:45:38,922 | WARNING | PUSH2 used: stock_common.sc_datasource.get_em_fund_flow
2026-08-03 10:45:39,818 | WARNING | PUSH2 used: stock_common.sc_datasource.get_em_fund_flow
2026-08-03 10:45:41,169 | WARNING | PUSH2 used: stock_common.sc_datasource.get_em_fund_flow
2026-08-03 10:45:42,169 | WARNING | PUSH2 used: stock_common.sc_datasource.get_em_fund_flow
2026-08-03 10:45:43,153 | WARNING | PUSH2 used: stock_common.sc_datasource.get_em_fund_flow
2026-08-03 10:45:44,169 | WARNING | PUSH2 used: stock_common.sc_datasource.get_em_fund_flow
2026-08-03 10:45:45,163 | WARNING | PUSH2 used: stock_common.sc_datasource.get_em_fund_flow
2026-08-03 10:45:46,158 | WARNING | PUSH2 used: stock_common.sc_datasource.get_em_fund_flow
2026-08-03 10:45:47,161 | WARNING | PUSH2 used: stock_common.sc_datasource.get_em_fund_flow
2026-08-03 10:45:48,146 | WARNING | PUSH2 used: stock_common.sc_datasource.get_em_fund_flow
2026-08-03 10:45:49,214 | WARNING | PUSH2 used: stock_common.sc_datasource.get_em_fund_flow
2026-08-03 10:45:50,205 | WARNING | PUSH2 used: stock_common.sc_datasource.get_em_fund_flow
2026-08-03 10:45:51,196 | WARNING | PUSH2 used: stock_common.sc_datasource.get_em_fund_flow
2026-08-03 10:45:52,179 | WARNING | PUSH2 used: stock_common.sc_datasource.get_em_fund_flow
2026-08-03 10:45:53,165 | WARNING | PUSH2 used: stock_common.sc_datasource.get_em_fund_flow
2026-08-03 10:45:54,251 | WARNING | PUSH2 used: stock_common.sc_datasource.get_em_fund_flow
2026-08-03 10:45:55,182 | WARNING | PUSH2 used: stock_common.sc_datasource.get_em_fund_flow
2026-08-03 10:45:56,210 | WARNING | PUSH2 used: stock_common.sc_datasource.get_em_fund_flow
2026-08-03 10:45:57,205 | WARNING | PUSH2 used: stock_common.sc_datasource.get_em_fund_flow
2026-08-03 10:45:58,185 | WARNING | PUSH2 used: stock_common.sc_datasource.get_em_fund_flow
2026-08-03 10:45:59,210 | WARNING | PUSH2 used: stock_common.sc_datasource.get_em_fund_flow
2026-08-03 10:46:00,200 | WARNING | PUSH2 used: stock_common.sc_datasource.get_em_fund_flow
2026-08-03 10:46:01,160 | WARNING | PUSH2 used: stock_common.sc_datasource.get_em_fund_flow
2026-08-03 10:46:02,173 | WARNING | PUSH2 used: stock_common.sc_datasource.get_em_fund_flow
2026-08-03 10:46:03,214 | WARNING | PUSH2 used: stock_common.sc_datasource.get_em_fund_flow
2026-08-03 10:46:04,200 | WARNING | PUSH2 used: stock_common.sc_datasource.get_em_fund_flow
2026-08-03 10:46:05,202 | WARNING | PUSH2 used: stock_common.sc_datasource.get_em_fund_flow
2026-08-03 10:46:06,201 | WARNING | PUSH2 used: stock_common.sc_datasource.get_em_fund_flow
2026-08-03 10:46:07,242 | WARNING | PUSH2 used: stock_common.sc_datasource.get_em_fund_flow
2026-08-03 10:46:08,247 | WARNING | PUSH2 used: stock_common.sc_datasource.get_em_fund_flow
2026-08-03 10:46:09,208 | WARNING | PUSH2 used: stock_common.sc_datasource.get_em_fund_flow
2026-08-03 10:46:10,182 | WARNING | PUSH2 used: stock_common.sc_datasource.get_em_fund_flow
2026-08-03 10:46:11,185 | WARNING | PUSH2 used: stock_common.sc_datasource.get_em_fund_flow
2026-08-03 10:46:12,172 | WARNING | PUSH2 used: stock_common.sc_datasource.get_em_fund_flow
2026-08-03 10:46:13,359 | WARNING | PUSH2 used: stock_common.sc_datasource.get_em_fund_flow
2026-08-03 10:46:13,758 | WARNING | PUSH2 used: stock_common.sc_datasource.get_em_fund_flow
2026-08-03 10:46:15,278 | WARNING | PUSH2 used: stock_common.sc_datasource.get_em_fund_flow
2026-08-03 10:46:16,371 | WARNING | PUSH2 used: stock_common.sc_datasource.get_em_fund_flow
2026-08-03 10:46:16,927 | WARNING | PUSH2 used: stock_common.sc_datasource.get_em_fund_flow
2026-08-03 10:46:17,803 | WARNING | PUSH2 used: stock_common.sc_datasource.get_em_fund_flow
2026-08-03 10:46:19,380 | WARNING | PUSH2 used: stock_common.sc_datasource.get_em_fund_flow
2026-08-03 10:46:19,929 | WARNING | PUSH2 used: stock_common.sc_datasource.get_em_fund_flow
2026-08-03 10:46:20,928 | WARNING | PUSH2 used: stock_common.sc_datasource.get_em_fund_flow
2026-08-03 10:46:21,801 | WARNING | PUSH2 used: stock_common.sc_datasource.get_em_fund_flow
2026-08-03 10:46:23,343 | WARNING | PUSH2 used: stock_common.sc_datasource.get_em_fund_flow
2026-08-03 10:46:23,932 | WARNING | PUSH2 used: stock_common.sc_datasource.get_em_fund_flow
2026-08-03 10:46:24,930 | WARNING | PUSH2 used: stock_common.sc_datasource.get_em_fund_flow
2026-08-03 10:46:25,929 | WARNING | PUSH2 used: stock_common.sc_datasource.get_em_fund_flow
2026-08-03 10:46:26,928 | WARNING | PUSH2 used: stock_common.sc_datasource.get_em_fund_flow
2026-08-03 10:46:27,927 | WARNING | PUSH2 used: stock_common.sc_datasource.get_em_fund_flow
2026-08-03 10:46:28,932 | WARNING | PUSH2 used: stock_common.sc_datasource.get_em_fund_flow
2026-08-03 10:46:29,930 | WARNING | PUSH2 used: stock_common.sc_datasource.get_em_fund_flow
2026-08-03 10:46:30,931 | WARNING | PUSH2 used: stock_common.sc_datasource.get_em_fund_flow
2026-08-03 10:46:31,929 | WARNING | PUSH2 used: stock_common.sc_datasource.get_em_fund_flow
2026-08-03 10:46:32,929 | WARNING | PUSH2 used: stock_common.sc_datasource.get_em_fund_flow
2026-08-03 10:46:33,756 | WARNING | PUSH2 used: stock_common.sc_datasource.get_em_fund_flow
2026-08-03 10:46:35,218 | WARNING | PUSH2 used: stock_common.sc_datasource.get_em_fund_flow
2026-08-03 10:46:36,239 | WARNING | PUSH2 used: stock_common.sc_datasource.get_em_fund_flow
2026-08-03 10:46:37,276 | WARNING | PUSH2 used: stock_common.sc_datasource.get_em_fund_flow
2026-08-03 10:46:38,239 | WARNING | PUSH2 used: stock_common.sc_datasource.get_em_fund_flow
2026-08-03 10:46:39,256 | WARNING | PUSH2 used: stock_common.sc_datasource.get_em_fund_flow
2026-08-03 10:46:40,244 | WARNING | PUSH2 used: stock_common.sc_datasource.get_em_fund_flow
2026-08-03 10:46:41,244 | WARNING | PUSH2 used: stock_common.sc_datasource.get_em_fund_flow
2026-08-03 10:46:42,254 | WARNING | PUSH2 used: stock_common.sc_datasource.get_em_fund_flow
2026-08-03 10:46:43,216 | WARNING | PUSH2 used: stock_common.sc_datasource.get_em_fund_flow
2026-08-03 10:46:44,249 | WARNING | PUSH2 used: stock_common.sc_datasource.get_em_fund_flow
2026-08-03 10:46:45,209 | WARNING | PUSH2 used: stock_common.sc_datasource.get_em_fund_flow
2026-08-03 10:46:46,245 | WARNING | PUSH2 used: stock_common.sc_datasource.get_em_fund_flow
2026-08-03 10:46:47,243 | WARNING | PUSH2 used: stock_common.sc_datasource.get_em_fund_flow
2026-08-03 10:46:48,215 | WARNING | PUSH2 used: stock_common.sc_datasource.get_em_fund_flow
2026-08-03 10:46:49,180 | WARNING | PUSH2 used: stock_common.sc_datasource.get_em_fund_flow
2026-08-03 10:46:50,174 | WARNING | PUSH2 used: stock_common.sc_datasource.get_em_fund_flow
2026-08-03 10:46:51,167 | WARNING | PUSH2 used: stock_common.sc_datasource.get_em_fund_flow
2026-08-03 10:46:52,195 | WARNING | PUSH2 used: stock_common.sc_datasource.get_em_fund_flow
2026-08-03 10:46:53,173 | WARNING | PUSH2 used: stock_common.sc_datasource.get_em_fund_flow
2026-08-03 10:46:54,235 | WARNING | PUSH2 used: stock_common.sc_datasource.get_em_fund_flow
2026-08-03 10:46:55,215 | WARNING | PUSH2 used: stock_common.sc_datasource.get_em_fund_flow
2026-08-03 10:46:56,208 | WARNING | PUSH2 used: stock_common.sc_datasource.get_em_fund_flow
2026-08-03 10:46:57,167 | WARNING | PUSH2 used: stock_common.sc_datasource.get_em_fund_flow
2026-08-03 10:46:58,139 | WARNING | PUSH2 used: stock_common.sc_datasource.get_em_fund_flow
2026-08-03 10:46:59,183 | WARNING | PUSH2 used: stock_common.sc_datasource.get_em_fund_flow
2026-08-03 10:47:00,177 | WARNING | PUSH2 used: stock_common.sc_datasource.get_em_fund_flow
2026-08-03 10:47:01,168 | WARNING | PUSH2 used: stock_common.sc_datasource.get_em_fund_flow
2026-08-03 10:47:02,186 | WARNING | PUSH2 used: stock_common.sc_datasource.get_em_fund_flow
2026-08-03 10:47:03,163 | WARNING | PUSH2 used: stock_common.sc_datasource.get_em_fund_flow
2026-08-03 10:47:04,196 | WARNING | PUSH2 used: stock_common.sc_datasource.get_em_fund_flow
2026-08-03 10:47:05,198 | WARNING | PUSH2 used: stock_common.sc_datasource.get_em_fund_flow
2026-08-03 10:47:06,333 | WARNING | PUSH2 used: stock_common.sc_datasource.get_em_fund_flow
2026-08-03 10:47:06,806 | WARNING | PUSH2 used: stock_common.sc_datasource.get_em_fund_flow
2026-08-03 10:47:08,333 | WARNING | PUSH2 used: stock_common.sc_datasource.get_em_fund_flow
2026-08-03 10:47:08,926 | WARNING | PUSH2 used: stock_common.sc_datasource.get_em_fund_flow
2026-08-03 10:47:09,840 | WARNING | PUSH2 used: stock_common.sc_datasource.get_em_fund_flow
2026-08-03 10:47:11,328 | WARNING | PUSH2 used: stock_common.sc_datasource.get_em_fund_flow
2026-08-03 10:47:11,851 | WARNING | PUSH2 used: stock_common.sc_datasource.get_em_fund_flow
2026-08-03 10:47:13,327 | WARNING | PUSH2 used: stock_common.sc_datasource.get_em_fund_flow
2026-08-03 10:47:13,928 | WARNING | PUSH2 used: stock_common.sc_datasource.get_em_fund_flow
2026-08-03 10:47:14,949 | WARNING | PUSH2 used: stock_common.sc_datasource.get_em_fund_flow
2026-08-03 10:47:15,932 | WARNING | PUSH2 used: stock_common.sc_datasource.get_em_fund_flow
2026-08-03 10:47:16,930 | WARNING | PUSH2 used: stock_common.sc_datasource.get_em_fund_flow
2026-08-03 10:47:17,928 | WARNING | PUSH2 used: stock_common.sc_datasource.get_em_fund_flow
2026-08-03 10:47:18,931 | WARNING | PUSH2 used: stock_common.sc_datasource.get_em_fund_flow
2026-08-03 10:47:19,929 | WARNING | PUSH2 used: stock_common.sc_datasource.get_em_fund_flow
2026-08-03 10:47:20,929 | WARNING | PUSH2 used: stock_common.sc_datasource.get_em_fund_flow
2026-08-03 10:47:21,926 | WARNING | PUSH2 used: stock_common.sc_datasource.get_em_fund_flow
2026-08-03 10:47:22,927 | WARNING | PUSH2 used: stock_common.sc_datasource.get_em_fund_flow
2026-08-03 10:47:23,931 | WARNING | PUSH2 used: stock_common.sc_datasource.get_em_fund_flow
2026-08-03 10:47:24,931 | WARNING | PUSH2 used: stock_common.sc_datasource.get_em_fund_flow
2026-08-03 10:47:25,756 | WARNING | PUSH2 used: stock_common.sc_datasource.get_em_fund_flow
2026-08-03 10:47:27,095 | WARNING | PUSH2 used: stock_common.sc_datasource.get_em_fund_flow
2026-08-03 10:47:28,064 | WARNING | PUSH2 used: stock_common.sc_datasource.get_em_fund_flow
2026-08-03 10:47:29,054 | WARNING | PUSH2 used: stock_common.sc_datasource.get_em_fund_flow
2026-08-03 10:47:30,055 | WARNING | PUSH2 used: stock_common.sc_datasource.get_em_fund_flow
2026-08-03 10:47:31,052 | WARNING | PUSH2 used: stock_common.sc_datasource.get_em_fund_flow
2026-08-03 10:47:32,073 | WARNING | PUSH2 used: stock_common.sc_datasource.get_em_fund_flow
2026-08-03 10:47:33,050 | WARNING | PUSH2 used: stock_common.sc_datasource.get_em_fund_flow
2026-08-03 10:47:34,080 | WARNING | PUSH2 used: stock_common.sc_datasource.get_em_fund_flow
2026-08-03 10:47:35,062 | WARNING | PUSH2 used: stock_common.sc_datasource.get_em_fund_flow
2026-08-03 10:47:36,057 | WARNING | PUSH2 used: stock_common.sc_datasource.get_em_fund_flow
2026-08-03 10:47:37,100 | WARNING | PUSH2 used: stock_common.sc_datasource.get_em_fund_flow
2026-08-03 10:47:38,108 | WARNING | PUSH2 used: stock_common.sc_datasource.get_em_fund_flow
2026-08-03 10:47:39,100 | WARNING | PUSH2 used: stock_common.sc_datasource.get_em_fund_flow
2026-08-03 10:47:40,064 | WARNING | PUSH2 used: stock_common.sc_datasource.get_em_fund_flow
2026-08-03 10:47:41,085 | WARNING | PUSH2 used: stock_common.sc_datasource.get_em_fund_flow
2026-08-03 10:47:42,044 | WARNING | PUSH2 used: stock_common.sc_datasource.get_em_fund_flow
2026-08-03 10:47:43,054 | WARNING | PUSH2 used: stock_common.sc_datasource.get_em_fund_flow
2026-08-03 10:47:44,060 | WARNING | PUSH2 used: stock_common.sc_datasource.get_em_fund_flow
2026-08-03 10:47:45,072 | WARNING | PUSH2 used: stock_common.sc_datasource.get_em_fund_flow
2026-08-03 10:47:46,077 | WARNING | PUSH2 used: stock_common.sc_datasource.get_em_fund_flow
2026-08-03 10:47:47,066 | WARNING | PUSH2 used: stock_common.sc_datasource.get_em_fund_flow
2026-08-03 10:47:48,088 | WARNING | PUSH2 used: stock_common.sc_datasource.get_em_fund_flow
2026-08-03 10:47:49,068 | WARNING | PUSH2 used: stock_common.sc_datasource.get_em_fund_flow
2026-08-03 10:47:50,071 | WARNING | PUSH2 used: stock_common.sc_datasource.get_em_fund_flow
2026-08-03 10:47:51,064 | WARNING | PUSH2 used: stock_common.sc_datasource.get_em_fund_flow
2026-08-03 10:47:52,059 | WARNING | PUSH2 used: stock_common.sc_datasource.get_em_fund_flow
2026-08-03 10:47:53,115 | WARNING | PUSH2 used: stock_common.sc_datasource.get_em_fund_flow
2026-08-03 10:47:54,128 | WARNING | PUSH2 used: stock_common.sc_datasource.get_em_fund_flow
2026-08-03 10:47:55,069 | WARNING | PUSH2 used: stock_common.sc_datasource.get_em_fund_flow
2026-08-03 10:47:56,111 | WARNING | PUSH2 used: stock_common.sc_datasource.get_em_fund_flow
2026-08-03 10:47:57,065 | WARNING | PUSH2 used: stock_common.sc_datasource.get_em_fund_flow
2026-08-03 10:47:58,101 | WARNING | PUSH2 used: stock_common.sc_datasource.get_em_fund_flow
2026-08-03 10:47:59,050 | WARNING | PUSH2 used: stock_common.sc_datasource.get_em_fund_flow
2026-08-03 10:48:00,067 | WARNING | PUSH2 used: stock_common.sc_datasource.get_em_fund_flow
2026-08-03 10:48:01,269 | WARNING | PUSH2 used: stock_common.sc_datasource.get_em_fund_flow
2026-08-03 10:48:01,907 | WARNING | PUSH2 used: stock_common.sc_datasource.get_em_fund_flow
2026-08-03 10:48:02,906 | WARNING | PUSH2 used: stock_common.sc_datasource.get_em_fund_flow
2026-08-03 10:48:03,909 | WARNING | PUSH2 used: stock_common.sc_datasource.get_em_fund_flow
2026-08-03 10:48:04,908 | WARNING | PUSH2 used: stock_common.sc_datasource.get_em_fund_flow
2026-08-03 10:48:05,906 | WARNING | PUSH2 used: stock_common.sc_datasource.get_em_fund_flow
2026-08-03 10:48:06,911 | WARNING | PUSH2 used: stock_common.sc_datasource.get_em_fund_flow
2026-08-03 10:48:07,909 | WARNING | PUSH2 used: stock_common.sc_datasource.get_em_fund_flow
2026-08-03 10:48:08,908 | WARNING | PUSH2 used: stock_common.sc_datasource.get_em_fund_flow
2026-08-03 10:48:09,912 | WARNING | PUSH2 used: stock_common.sc_datasource.get_em_fund_flow
2026-08-03 10:48:10,909 | WARNING | PUSH2 used: stock_common.sc_datasource.get_em_fund_flow
2026-08-03 10:48:11,908 | WARNING | PUSH2 used: stock_common.sc_datasource.get_em_fund_flow
2026-08-03 10:48:12,908 | WARNING | PUSH2 used: stock_common.sc_datasource.get_em_fund_flow
2026-08-03 10:48:13,907 | WARNING | PUSH2 used: stock_common.sc_datasource.get_em_fund_flow
2026-08-03 10:48:14,718 | WARNING | PUSH2 used: stock_common.sc_datasource.get_em_fund_flow
2026-08-03 10:48:16,095 | WARNING | PUSH2 used: stock_common.sc_datasource.get_em_fund_flow
2026-08-03 10:48:17,067 | WARNING | PUSH2 used: stock_common.sc_datasource.get_em_fund_flow
2026-08-03 10:48:18,047 | WARNING | PUSH2 used: stock_common.sc_datasource.get_em_fund_flow
2026-08-03 10:48:19,055 | WARNING | PUSH2 used: stock_common.sc_datasource.get_em_fund_flow
2026-08-03 10:48:20,077 | WARNING | PUSH2 used: stock_common.sc_datasource.get_em_fund_flow
2026-08-03 10:48:21,151 | WARNING | PUSH2 used: stock_common.sc_datasource.get_em_fund_flow
2026-08-03 10:48:22,112 | WARNING | PUSH2 used: stock_common.sc_datasource.get_em_fund_flow
2026-08-03 10:48:23,070 | WARNING | PUSH2 used: stock_common.sc_datasource.get_em_fund_flow
2026-08-03 10:48:24,104 | WARNING | PUSH2 used: stock_common.sc_datasource.get_em_fund_flow
2026-08-03 10:48:25,078 | WARNING | PUSH2 used: stock_common.sc_datasource.get_em_fund_flow
2026-08-03 10:48:26,063 | WARNING | PUSH2 used: stock_common.sc_datasource.get_em_fund_flow
2026-08-03 10:48:27,039 | WARNING | PUSH2 used: stock_common.sc_datasource.get_em_fund_flow
2026-08-03 10:48:28,071 | WARNING | PUSH2 used: stock_common.sc_datasource.get_em_fund_flow
2026-08-03 10:48:29,057 | WARNING | PUSH2 used: stock_common.sc_datasource.get_em_fund_flow
2026-08-03 10:48:30,059 | WARNING | PUSH2 used: stock_common.sc_datasource.get_em_fund_flow
2026-08-03 10:48:31,081 | WARNING | PUSH2 used: stock_common.sc_datasource.get_em_fund_flow
2026-08-03 10:48:32,059 | WARNING | PUSH2 used: stock_common.sc_datasource.get_em_fund_flow
2026-08-03 10:48:33,059 | WARNING | PUSH2 used: stock_common.sc_datasource.get_em_fund_flow
2026-08-03 10:48:34,062 | WARNING | PUSH2 used: stock_common.sc_datasource.get_em_fund_flow
2026-08-03 10:48:35,055 | WARNING | PUSH2 used: stock_common.sc_datasource.get_em_fund_flow
2026-08-03 10:48:36,055 | WARNING | PUSH2 used: stock_common.sc_datasource.get_em_fund_flow
2026-08-03 10:48:37,063 | WARNING | PUSH2 used: stock_common.sc_datasource.get_em_fund_flow
2026-08-03 10:48:38,058 | WARNING | PUSH2 used: stock_common.sc_datasource.get_em_fund_flow
2026-08-03 10:48:39,049 | WARNING | PUSH2 used: stock_common.sc_datasource.get_em_fund_flow
2026-08-03 10:48:40,040 | WARNING | PUSH2 used: stock_common.sc_datasource.get_em_fund_flow
2026-08-03 10:48:41,070 | WARNING | PUSH2 used: stock_common.sc_datasource.get_em_fund_flow
2026-08-03 10:48:42,052 | WARNING | PUSH2 used: stock_common.sc_datasource.get_em_fund_flow
2026-08-03 10:48:43,075 | WARNING | PUSH2 used: stock_common.sc_datasource.get_em_fund_flow
2026-08-03 10:48:44,054 | WARNING | PUSH2 used: stock_common.sc_datasource.get_em_fund_flow
2026-08-03 10:48:45,073 | WARNING | PUSH2 used: stock_common.sc_datasource.get_em_fund_flow
2026-08-03 10:48:46,253 | WARNING | PUSH2 used: stock_common.sc_datasource.get_em_fund_flow
2026-08-03 10:48:46,723 | WARNING | PUSH2 used: stock_common.sc_datasource.get_em_fund_flow
2026-08-03 10:48:48,095 | WARNING | PUSH2 used: stock_common.sc_datasource.get_em_fund_flow
2026-08-03 10:48:49,254 | WARNING | PUSH2 used: stock_common.sc_datasource.get_em_fund_flow
2026-08-03 10:48:49,749 | WARNING | PUSH2 used: stock_common.sc_datasource.get_em_fund_flow
2026-08-03 10:48:51,258 | WARNING | PUSH2 used: stock_common.sc_datasource.get_em_fund_flow
2026-08-03 10:48:51,890 | WARNING | PUSH2 used: stock_common.sc_datasource.get_em_fund_flow
2026-08-03 10:48:53,244 | WARNING | PUSH2 used: stock_common.sc_datasource.get_em_fund_flow
2026-08-03 10:48:53,904 | WARNING | PUSH2 used: stock_common.sc_datasource.get_em_fund_flow
2026-08-03 10:48:54,904 | WARNING | PUSH2 used: stock_common.sc_datasource.get_em_fund_flow
2026-08-03 10:48:55,903 | WARNING | PUSH2 used: stock_common.sc_datasource.get_em_fund_flow
2026-08-03 10:48:56,923 | WARNING | PUSH2 used: stock_common.sc_datasource.get_em_fund_flow
2026-08-03 10:48:57,904 | WARNING | PUSH2 used: stock_common.sc_datasource.get_em_fund_flow
2026-08-03 10:48:58,906 | WARNING | PUSH2 used: stock_common.sc_datasource.get_em_fund_flow
2026-08-03 10:48:59,904 | WARNING | PUSH2 used: stock_common.sc_datasource.get_em_fund_flow
2026-08-03 10:49:00,905 | WARNING | PUSH2 used: stock_common.sc_datasource.get_em_fund_flow
2026-08-03 10:49:01,905 | WARNING | PUSH2 used: stock_common.sc_datasource.get_em_fund_flow
2026-08-03 10:49:02,706 | WARNING | PUSH2 used: stock_common.sc_datasource.get_em_fund_flow
2026-08-03 10:49:04,045 | WARNING | PUSH2 used: stock_common.sc_datasource.get_em_fund_flow
2026-08-03 10:49:05,048 | WARNING | PUSH2 used: stock_common.sc_datasource.get_em_fund_flow
2026-08-03 10:49:06,067 | WARNING | PUSH2 used: stock_common.sc_datasource.get_em_fund_flow
2026-08-03 10:49:07,086 | WARNING | PUSH2 used: stock_common.sc_datasource.get_em_fund_flow
2026-08-03 10:49:08,065 | WARNING | PUSH2 used: stock_common.sc_datasource.get_em_fund_flow
2026-08-03 10:49:09,049 | WARNING | PUSH2 used: stock_common.sc_datasource.get_em_fund_flow
2026-08-03 10:49:10,061 | WARNING | PUSH2 used: stock_common.sc_datasource.get_em_fund_flow
2026-08-03 10:49:11,044 | WARNING | PUSH2 used: stock_common.sc_datasource.get_em_fund_flow
2026-08-03 10:49:12,048 | WARNING | PUSH2 used: stock_common.sc_datasource.get_em_fund_flow
2026-08-03 10:49:13,053 | WARNING | PUSH2 used: stock_common.sc_datasource.get_em_fund_flow
2026-08-03 10:49:14,053 | WARNING | PUSH2 used: stock_common.sc_datasource.get_em_fund_flow
2026-08-03 10:49:15,063 | WARNING | PUSH2 used: stock_common.sc_datasource.get_em_fund_flow
2026-08-03 10:49:16,077 | WARNING | PUSH2 used: stock_common.sc_datasource.get_em_fund_flow
2026-08-03 10:49:17,094 | WARNING | PUSH2 used: stock_common.sc_datasource.get_em_fund_flow
2026-08-03 10:49:18,057 | WARNING | PUSH2 used: stock_common.sc_datasource.get_em_fund_flow
2026-08-03 10:49:19,055 | WARNING | PUSH2 used: stock_common.sc_datasource.get_em_fund_flow
2026-08-03 10:49:20,081 | WARNING | PUSH2 used: stock_common.sc_datasource.get_em_fund_flow
2026-08-03 10:49:21,077 | WARNING | PUSH2 used: stock_common.sc_datasource.get_em_fund_flow
2026-08-03 10:49:22,147 | WARNING | PUSH2 used: stock_common.sc_datasource.get_em_fund_flow
2026-08-03 10:49:23,060 | WARNING | PUSH2 used: stock_common.sc_datasource.get_em_fund_flow
2026-08-03 10:49:24,225 | WARNING | PUSH2 used: stock_common.sc_datasource.get_em_fund_flow
2026-08-03 10:49:25,074 | WARNING | PUSH2 used: stock_common.sc_datasource.get_em_fund_flow
2026-08-03 10:49:26,202 | WARNING | PUSH2 used: stock_common.sc_datasource.get_em_fund_flow
2026-08-03 10:49:27,191 | WARNING | PUSH2 used: stock_common.sc_datasource.get_em_fund_flow
2026-08-03 10:49:28,193 | WARNING | PUSH2 used: stock_common.sc_datasource.get_em_fund_flow
2026-08-03 10:49:29,194 | WARNING | PUSH2 used: stock_common.sc_datasource.get_em_fund_flow
2026-08-03 10:49:30,165 | WARNING | PUSH2 used: stock_common.sc_datasource.get_em_fund_flow
2026-08-03 10:49:31,199 | WARNING | PUSH2 used: stock_common.sc_datasource.get_em_fund_flow
2026-08-03 10:49:32,177 | WARNING | PUSH2 used: stock_common.sc_datasource.get_em_fund_flow
2026-08-03 10:49:33,274 | WARNING | PUSH2 used: stock_common.sc_datasource.get_em_fund_flow
2026-08-03 10:49:34,224 | WARNING | PUSH2 used: stock_common.sc_datasource.get_em_fund_flow
2026-08-03 10:49:35,214 | WARNING | PUSH2 used: stock_common.sc_datasource.get_em_fund_flow
2026-08-03 10:49:36,322 | WARNING | PUSH2 used: stock_common.sc_datasource.get_em_fund_flow
2026-08-03 10:49:37,220 | WARNING | PUSH2 used: stock_common.sc_datasource.get_em_fund_flow
2026-08-03 10:49:38,256 | WARNING | PUSH2 used: stock_common.sc_datasource.get_em_fund_flow
2026-08-03 10:49:39,375 | WARNING | PUSH2 used: stock_common.sc_datasource.get_em_fund_flow
2026-08-03 10:49:40,338 | WARNING | PUSH2 used: stock_common.sc_datasource.get_em_fund_flow
2026-08-03 10:49:40,922 | WARNING | PUSH2 used: stock_common.sc_datasource.get_em_fund_flow
2026-08-03 10:49:41,922 | WARNING | PUSH2 used: stock_common.sc_datasource.get_em_fund_flow
2026-08-03 10:49:42,921 | WARNING | PUSH2 used: stock_common.sc_datasource.get_em_fund_flow
2026-08-03 10:49:43,923 | WARNING | PUSH2 used: stock_common.sc_datasource.get_em_fund_flow
2026-08-03 10:49:44,921 | WARNING | PUSH2 used: stock_common.sc_datasource.get_em_fund_flow
2026-08-03 10:49:45,920 | WARNING | PUSH2 used: stock_common.sc_datasource.get_em_fund_flow
2026-08-03 10:49:46,922 | WARNING | PUSH2 used: stock_common.sc_datasource.get_em_fund_flow
2026-08-03 10:49:47,922 | WARNING | PUSH2 used: stock_common.sc_datasource.get_em_fund_flow
2026-08-03 10:49:48,922 | WARNING | PUSH2 used: stock_common.sc_datasource.get_em_fund_flow
2026-08-03 10:49:49,925 | WARNING | PUSH2 used: stock_common.sc_datasource.get_em_fund_flow
2026-08-03 10:49:50,921 | WARNING | PUSH2 used: stock_common.sc_datasource.get_em_fund_flow
2026-08-03 10:49:51,924 | WARNING | PUSH2 used: stock_common.sc_datasource.get_em_fund_flow
2026-08-03 10:49:52,953 | WARNING | PUSH2 used: stock_common.sc_datasource.get_em_fund_flow
2026-08-03 10:49:53,922 | WARNING | PUSH2 used: stock_common.sc_datasource.get_em_fund_flow
2026-08-03 10:49:54,748 | WARNING | PUSH2 used: stock_common.sc_datasource.get_em_fund_flow
2026-08-03 10:49:56,198 | WARNING | PUSH2 used: stock_common.sc_datasource.get_em_fund_flow
2026-08-03 10:49:57,171 | WARNING | PUSH2 used: stock_common.sc_datasource.get_em_fund_flow
2026-08-03 10:49:58,362 | WARNING | PUSH2 used: stock_common.sc_datasource.get_em_fund_flow
2026-08-03 10:49:58,923 | WARNING | PUSH2 used: stock_common.sc_datasource.get_em_fund_flow
2026-08-03 10:49:59,923 | WARNING | PUSH2 used: stock_common.sc_datasource.get_em_fund_flow
2026-08-03 10:50:00,928 | WARNING | PUSH2 used: stock_common.sc_datasource.get_em_fund_flow
2026-08-03 10:50:01,752 | WARNING | PUSH2 used: stock_common.sc_datasource.get_em_fund_flow
2026-08-03 10:50:03,184 | WARNING | PUSH2 used: stock_common.sc_datasource.get_em_fund_flow
2026-08-03 10:50:04,177 | WARNING | PUSH2 used: stock_common.sc_datasource.get_em_fund_flow
2026-08-03 10:50:05,158 | WARNING | PUSH2 used: stock_common.sc_datasource.get_em_fund_flow
2026-08-03 10:50:06,165 | WARNING | PUSH2 used: stock_common.sc_datasource.get_em_fund_flow
2026-08-03 10:50:07,173 | WARNING | PUSH2 used: stock_common.sc_datasource.get_em_fund_flow
2026-08-03 10:50:08,172 | WARNING | PUSH2 used: stock_common.sc_datasource.get_em_fund_flow
2026-08-03 10:50:09,149 | WARNING | PUSH2 used: stock_common.sc_datasource.get_em_fund_flow
2026-08-03 10:50:10,172 | WARNING | PUSH2 used: stock_common.sc_datasource.get_em_fund_flow
2026-08-03 10:50:11,170 | WARNING | PUSH2 used: stock_common.sc_datasource.get_em_fund_flow
2026-08-03 10:50:12,152 | WARNING | PUSH2 used: stock_common.sc_datasource.get_em_fund_flow
2026-08-03 10:50:13,136 | WARNING | PUSH2 used: stock_common.sc_datasource.get_em_fund_flow
2026-08-03 10:50:14,149 | WARNING | PUSH2 used: stock_common.sc_datasource.get_em_fund_flow
2026-08-03 10:50:15,167 | WARNING | PUSH2 used: stock_common.sc_datasource.get_em_fund_flow
2026-08-03 10:50:16,156 | WARNING | PUSH2 used: stock_common.sc_datasource.get_em_fund_flow
2026-08-03 10:50:17,173 | WARNING | PUSH2 used: stock_common.sc_datasource.get_em_fund_flow
2026-08-03 10:50:18,149 | WARNING | PUSH2 used: stock_common.sc_datasource.get_em_fund_flow
2026-08-03 10:50:19,158 | WARNING | PUSH2 used: stock_common.sc_datasource.get_em_fund_flow
2026-08-03 10:50:20,143 | WARNING | PUSH2 used: stock_common.sc_datasource.get_em_fund_flow
2026-08-03 10:50:21,154 | WARNING | PUSH2 used: stock_common.sc_datasource.get_em_fund_flow
2026-08-03 10:50:22,326 | WARNING | PUSH2 used: stock_common.sc_datasource.get_em_fund_flow
2026-08-03 10:50:22,920 | WARNING | PUSH2 used: stock_common.sc_datasource.get_em_fund_flow
2026-08-03 10:50:23,923 | WARNING | PUSH2 used: stock_common.sc_datasource.get_em_fund_flow
2026-08-03 10:50:24,923 | WARNING | PUSH2 used: stock_common.sc_datasource.get_em_fund_flow
2026-08-03 10:50:25,829 | WARNING | PUSH2 used: stock_common.sc_datasource.get_em_fund_flow
2026-08-03 10:50:27,403 | WARNING | PUSH2 used: stock_common.sc_datasource.get_em_fund_flow
2026-08-03 10:50:27,924 | WARNING | PUSH2 used: stock_common.sc_datasource.get_em_fund_flow
2026-08-03 10:50:28,782 | WARNING | PUSH2 used: stock_common.sc_datasource.get_em_fund_flow
2026-08-03 10:50:30,291 | WARNING | PUSH2 used: stock_common.sc_datasource.get_em_fund_flow
2026-08-03 10:50:30,807 | WARNING | PUSH2 used: stock_common.sc_datasource.get_em_fund_flow
2026-08-03 10:50:32,265 | WARNING | PUSH2 used: stock_common.sc_datasource.get_em_fund_flow
2026-08-03 10:50:32,911 | WARNING | PUSH2 used: stock_common.sc_datasource.get_em_fund_flow
2026-08-03 10:50:33,913 | WARNING | PUSH2 used: stock_common.sc_datasource.get_em_fund_flow
2026-08-03 10:50:34,910 | WARNING | PUSH2 used: stock_common.sc_datasource.get_em_fund_flow
2026-08-03 10:50:35,922 | WARNING | PUSH2 used: stock_common.sc_datasource.get_em_fund_flow
2026-08-03 10:50:36,883 | WARNING | PUSH2 used: stock_common.sc_datasource.get_em_fund_flow
2026-08-03 10:50:38,280 | WARNING | PUSH2 used: stock_common.sc_datasource.get_em_fund_flow
2026-08-03 10:50:38,913 | WARNING | PUSH2 used: stock_common.sc_datasource.get_em_fund_flow
2026-08-03 10:50:39,907 | WARNING | PUSH2 used: stock_common.sc_datasource.get_em_fund_flow
2026-08-03 10:50:40,907 | WARNING | PUSH2 used: stock_common.sc_datasource.get_em_fund_flow
2026-08-03 10:50:41,714 | WARNING | PUSH2 used: stock_common.sc_datasource.get_em_fund_flow
2026-08-03 10:50:43,201 | WARNING | PUSH2 used: stock_common.sc_datasource.get_em_fund_flow
2026-08-03 10:50:44,202 | WARNING | PUSH2 used: stock_common.sc_datasource.get_em_fund_flow
2026-08-03 10:50:45,085 | WARNING | PUSH2 used: stock_common.sc_datasource.get_em_fund_flow
2026-08-03 10:50:46,143 | WARNING | PUSH2 used: stock_common.sc_datasource.get_em_fund_flow
2026-08-03 10:50:47,087 | WARNING | PUSH2 used: stock_common.sc_datasource.get_em_fund_flow
2026-08-03 10:50:48,066 | WARNING | PUSH2 used: stock_common.sc_datasource.get_em_fund_flow
2026-08-03 10:50:49,066 | WARNING | PUSH2 used: stock_common.sc_datasource.get_em_fund_flow
2026-08-03 10:50:50,093 | WARNING | PUSH2 used: stock_common.sc_datasource.get_em_fund_flow
2026-08-03 10:50:51,074 | WARNING | PUSH2 used: stock_common.sc_datasource.get_em_fund_flow
2026-08-03 10:50:52,069 | WARNING | PUSH2 used: stock_common.sc_datasource.get_em_fund_flow
2026-08-03 10:50:53,054 | WARNING | PUSH2 used: stock_common.sc_datasource.get_em_fund_flow
2026-08-03 10:50:54,063 | WARNING | PUSH2 used: stock_common.sc_datasource.get_em_fund_flow
2026-08-03 10:50:55,104 | WARNING | PUSH2 used: stock_common.sc_datasource.get_em_fund_flow
2026-08-03 10:50:56,100 | WARNING | PUSH2 used: stock_common.sc_datasource.get_em_fund_flow
2026-08-03 10:50:57,063 | WARNING | PUSH2 used: stock_common.sc_datasource.get_em_fund_flow
2026-08-03 10:50:58,059 | WARNING | PUSH2 used: stock_common.sc_datasource.get_em_fund_flow
2026-08-03 10:50:59,067 | WARNING | PUSH2 used: stock_common.sc_datasource.get_em_fund_flow
2026-08-03 10:51:00,064 | WARNING | PUSH2 used: stock_common.sc_datasource.get_em_fund_flow
2026-08-03 10:51:01,059 | WARNING | PUSH2 used: stock_common.sc_datasource.get_em_fund_flow
2026-08-03 10:51:02,061 | WARNING | PUSH2 used: stock_common.sc_datasource.get_em_fund_flow
2026-08-03 10:51:03,040 | WARNING | PUSH2 used: stock_common.sc_datasource.get_em_fund_flow
2026-08-03 10:51:04,062 | WARNING | PUSH2 used: stock_common.sc_datasource.get_em_fund_flow
2026-08-03 10:51:05,100 | WARNING | PUSH2 used: stock_common.sc_datasource.get_em_fund_flow
2026-08-03 10:51:06,092 | WARNING | PUSH2 used: stock_common.sc_datasource.get_em_fund_flow
2026-08-03 10:51:07,146 | WARNING | PUSH2 used: stock_common.sc_datasource.get_em_fund_flow
2026-08-03 10:51:08,073 | WARNING | PUSH2 used: stock_common.sc_datasource.get_em_fund_flow
2026-08-03 10:51:09,087 | WARNING | PUSH2 used: stock_common.sc_datasource.get_em_fund_flow
2026-08-03 10:51:10,083 | WARNING | PUSH2 used: stock_common.sc_datasource.get_em_fund_flow
2026-08-03 10:51:11,195 | WARNING | PUSH2 used: stock_common.sc_datasource.get_em_fund_flow
2026-08-03 10:51:12,055 | WARNING | PUSH2 used: stock_common.sc_datasource.get_em_fund_flow
2026-08-03 10:51:13,072 | WARNING | PUSH2 used: stock_common.sc_datasource.get_em_fund_flow
2026-08-03 10:51:14,117 | WARNING | PUSH2 used: stock_common.sc_datasource.get_em_fund_flow
2026-08-03 10:51:15,097 | WARNING | PUSH2 used: stock_common.sc_datasource.get_em_fund_flow
2026-08-03 10:51:16,258 | WARNING | PUSH2 used: stock_common.sc_datasource.get_em_fund_flow
2026-08-03 10:51:16,766 | WARNING | PUSH2 used: stock_common.sc_datasource.get_em_fund_flow
2026-08-03 10:51:18,139 | WARNING | PUSH2 used: stock_common.sc_datasource.get_em_fund_flow
2026-08-03 10:51:19,079 | WARNING | PUSH2 used: stock_common.sc_datasource.get_em_fund_flow
2026-08-03 10:51:20,315 | WARNING | PUSH2 used: stock_common.sc_datasource.get_em_fund_flow
2026-08-03 10:51:20,909 | WARNING | PUSH2 used: stock_common.sc_datasource.get_em_fund_flow
2026-08-03 10:51:21,794 | WARNING | PUSH2 used: stock_common.sc_datasource.get_em_fund_flow
2026-08-03 10:51:23,246 | WARNING | PUSH2 used: stock_common.sc_datasource.get_em_fund_flow
2026-08-03 10:51:23,908 | WARNING | PUSH2 used: stock_common.sc_datasource.get_em_fund_flow
2026-08-03 10:51:24,908 | WARNING | PUSH2 used: stock_common.sc_datasource.get_em_fund_flow
2026-08-03 10:51:25,904 | WARNING | PUSH2 used: stock_common.sc_datasource.get_em_fund_flow
2026-08-03 10:51:26,907 | WARNING | PUSH2 used: stock_common.sc_datasource.get_em_fund_flow
2026-08-03 10:51:27,906 | WARNING | PUSH2 used: stock_common.sc_datasource.get_em_fund_flow
2026-08-03 10:51:28,907 | WARNING | PUSH2 used: stock_common.sc_datasource.get_em_fund_flow
2026-08-03 10:51:29,906 | WARNING | PUSH2 used: stock_common.sc_datasource.get_em_fund_flow
2026-08-03 10:51:30,709 | WARNING | PUSH2 used: stock_common.sc_datasource.get_em_fund_flow
2026-08-03 10:51:32,136 | WARNING | PUSH2 used: stock_common.sc_datasource.get_em_fund_flow
2026-08-03 10:51:33,069 | WARNING | PUSH2 used: stock_common.sc_datasource.get_em_fund_flow
2026-08-03 10:51:34,048 | WARNING | PUSH2 used: stock_common.sc_datasource.get_em_fund_flow
2026-08-03 10:51:35,078 | WARNING | PUSH2 used: stock_common.sc_datasource.get_em_fund_flow
2026-08-03 10:51:36,068 | WARNING | PUSH2 used: stock_common.sc_datasource.get_em_fund_flow
2026-08-03 10:51:37,072 | WARNING | PUSH2 used: stock_common.sc_datasource.get_em_fund_flow
2026-08-03 10:51:38,088 | WARNING | PUSH2 used: stock_common.sc_datasource.get_em_fund_flow
2026-08-03 10:51:39,157 | WARNING | PUSH2 used: stock_common.sc_datasource.get_em_fund_flow
2026-08-03 10:51:40,131 | WARNING | PUSH2 used: stock_common.sc_datasource.get_em_fund_flow
2026-08-03 10:51:41,068 | WARNING | PUSH2 used: stock_common.sc_datasource.get_em_fund_flow
2026-08-03 10:51:42,033 | WARNING | PUSH2 used: stock_common.sc_datasource.get_em_fund_flow
2026-08-03 10:51:43,055 | WARNING | PUSH2 used: stock_common.sc_datasource.get_em_fund_flow
2026-08-03 10:51:44,056 | WARNING | PUSH2 used: stock_common.sc_datasource.get_em_fund_flow
2026-08-03 10:51:45,065 | WARNING | PUSH2 used: stock_common.sc_datasource.get_em_fund_flow
2026-08-03 10:51:46,088 | WARNING | PUSH2 used: stock_common.sc_datasource.get_em_fund_flow
2026-08-03 10:51:47,065 | WARNING | PUSH2 used: stock_common.sc_datasource.get_em_fund_flow
2026-08-03 10:51:48,108 | WARNING | PUSH2 used: stock_common.sc_datasource.get_em_fund_flow
2026-08-03 10:51:49,108 | WARNING | PUSH2 used: stock_common.sc_datasource.get_em_fund_flow
2026-08-03 10:51:50,094 | WARNING | PUSH2 used: stock_common.sc_datasource.get_em_fund_flow
2026-08-03 10:51:51,102 | WARNING | PUSH2 used: stock_common.sc_datasource.get_em_fund_flow
2026-08-03 10:51:52,066 | WARNING | PUSH2 used: stock_common.sc_datasource.get_em_fund_flow
2026-08-03 10:51:53,060 | WARNING | PUSH2 used: stock_common.sc_datasource.get_em_fund_flow
2026-08-03 10:51:54,079 | WARNING | PUSH2 used: stock_common.sc_datasource.get_em_fund_flow
2026-08-03 10:51:55,060 | WARNING | PUSH2 used: stock_common.sc_datasource.get_em_fund_flow
2026-08-03 10:51:56,052 | WARNING | PUSH2 used: stock_common.sc_datasource.get_em_fund_flow
2026-08-03 10:51:57,082 | WARNING | PUSH2 used: stock_common.sc_datasource.get_em_fund_flow
2026-08-03 10:51:58,055 | WARNING | PUSH2 used: stock_common.sc_datasource.get_em_fund_flow
2026-08-03 10:51:59,052 | WARNING | PUSH2 used: stock_common.sc_datasource.get_em_fund_flow
2026-08-03 10:52:00,096 | WARNING | PUSH2 used: stock_common.sc_datasource.get_em_fund_flow
2026-08-03 10:52:01,105 | WARNING | PUSH2 used: stock_common.sc_datasource.get_em_fund_flow
2026-08-03 10:52:02,076 | WARNING | PUSH2 used: stock_common.sc_datasource.get_em_fund_flow
2026-08-03 10:52:03,059 | WARNING | PUSH2 used: stock_common.sc_datasource.get_em_fund_flow
2026-08-03 10:52:04,096 | WARNING | PUSH2 used: stock_common.sc_datasource.get_em_fund_flow
2026-08-03 10:52:05,133 | WARNING | PUSH2 used: stock_common.sc_datasource.get_em_fund_flow
2026-08-03 10:52:06,091 | WARNING | PUSH2 used: stock_common.sc_datasource.get_em_fund_flow
2026-08-03 10:52:07,078 | WARNING | PUSH2 used: stock_common.sc_datasource.get_em_fund_flow
2026-08-03 10:52:08,279 | WARNING | PUSH2 used: stock_common.sc_datasource.get_em_fund_flow
2026-08-03 10:52:08,798 | WARNING | PUSH2 used: stock_common.sc_datasource.get_em_fund_flow
2026-08-03 10:52:10,258 | WARNING | PUSH2 used: stock_common.sc_datasource.get_em_fund_flow
2026-08-03 10:52:10,908 | WARNING | PUSH2 used: stock_common.sc_datasource.get_em_fund_flow
2026-08-03 10:52:11,904 | WARNING | PUSH2 used: stock_common.sc_datasource.get_em_fund_flow
2026-08-03 10:52:12,906 | WARNING | PUSH2 used: stock_common.sc_datasource.get_em_fund_flow
2026-08-03 10:52:13,844 | WARNING | PUSH2 used: stock_common.sc_datasource.get_em_fund_flow
2026-08-03 10:52:15,168 | WARNING | PUSH2 used: stock_common.sc_datasource.get_em_fund_flow
2026-08-03 10:52:16,252 | WARNING | PUSH2 used: stock_common.sc_datasource.get_em_fund_flow
2026-08-03 10:52:16,909 | WARNING | PUSH2 used: stock_common.sc_datasource.get_em_fund_flow
2026-08-03 10:52:17,907 | WARNING | PUSH2 used: stock_common.sc_datasource.get_em_fund_flow
2026-08-03 10:52:18,909 | WARNING | PUSH2 used: stock_common.sc_datasource.get_em_fund_flow
2026-08-03 10:52:19,908 | WARNING | PUSH2 used: stock_common.sc_datasource.get_em_fund_flow
2026-08-03 10:52:20,908 | WARNING | PUSH2 used: stock_common.sc_datasource.get_em_fund_flow
2026-08-03 10:52:21,857 | WARNING | PUSH2 used: stock_common.sc_datasource.get_em_fund_flow
2026-08-03 10:52:23,112 | WARNING | PUSH2 used: stock_common.sc_datasource.get_em_fund_flow
2026-08-03 10:52:24,318 | WARNING | PUSH2 used: stock_common.sc_datasource.get_em_fund_flow
2026-08-03 10:52:25,071 | WARNING | PUSH2 used: stock_common.sc_datasource.get_em_fund_flow
2026-08-03 10:52:26,060 | WARNING | PUSH2 used: stock_common.sc_datasource.get_em_fund_flow
2026-08-03 10:52:27,060 | WARNING | PUSH2 used: stock_common.sc_datasource.get_em_fund_flow
2026-08-03 10:52:28,057 | WARNING | PUSH2 used: stock_common.sc_datasource.get_em_fund_flow
2026-08-03 10:52:29,046 | WARNING | PUSH2 used: stock_common.sc_datasource.get_em_fund_flow
2026-08-03 10:52:30,071 | WARNING | PUSH2 used: stock_common.sc_datasource.get_em_fund_flow
2026-08-03 10:52:31,164 | WARNING | PUSH2 used: stock_common.sc_datasource.get_em_fund_flow
2026-08-03 10:52:32,127 | WARNING | PUSH2 used: stock_common.sc_datasource.get_em_fund_flow
2026-08-03 10:52:33,129 | WARNING | PUSH2 used: stock_common.sc_datasource.get_em_fund_flow
2026-08-03 10:52:34,154 | WARNING | PUSH2 used: stock_common.sc_datasource.get_em_fund_flow
2026-08-03 10:52:35,197 | WARNING | PUSH2 used: stock_common.sc_datasource.get_em_fund_flow
2026-08-03 10:52:36,169 | WARNING | PUSH2 used: stock_common.sc_datasource.get_em_fund_flow
2026-08-03 10:52:37,158 | WARNING | PUSH2 used: stock_common.sc_datasource.get_em_fund_flow
2026-08-03 10:52:38,178 | WARNING | PUSH2 used: stock_common.sc_datasource.get_em_fund_flow
2026-08-03 10:52:39,152 | WARNING | PUSH2 used: stock_common.sc_datasource.get_em_fund_flow
2026-08-03 10:52:40,143 | WARNING | PUSH2 used: stock_common.sc_datasource.get_em_fund_flow
2026-08-03 10:52:41,180 | WARNING | PUSH2 used: stock_common.sc_datasource.get_em_fund_flow
2026-08-03 10:52:42,158 | WARNING | PUSH2 used: stock_common.sc_datasource.get_em_fund_flow
2026-08-03 10:52:43,164 | WARNING | PUSH2 used: stock_common.sc_datasource.get_em_fund_flow
2026-08-03 10:52:44,156 | WARNING | PUSH2 used: stock_common.sc_datasource.get_em_fund_flow
2026-08-03 10:52:45,157 | WARNING | PUSH2 used: stock_common.sc_datasource.get_em_fund_flow
2026-08-03 10:52:46,176 | WARNING | PUSH2 used: stock_common.sc_datasource.get_em_fund_flow
2026-08-03 10:52:47,170 | WARNING | PUSH2 used: stock_common.sc_datasource.get_em_fund_flow
2026-08-03 10:52:48,138 | WARNING | PUSH2 used: stock_common.sc_datasource.get_em_fund_flow
2026-08-03 10:52:49,136 | WARNING | PUSH2 used: stock_common.sc_datasource.get_em_fund_flow
2026-08-03 10:52:50,148 | WARNING | PUSH2 used: stock_common.sc_datasource.get_em_fund_flow
2026-08-03 10:52:51,187 | WARNING | PUSH2 used: stock_common.sc_datasource.get_em_fund_flow
2026-08-03 10:52:52,155 | WARNING | PUSH2 used: stock_common.sc_datasource.get_em_fund_flow
2026-08-03 10:52:53,156 | WARNING | PUSH2 used: stock_common.sc_datasource.get_em_fund_flow
2026-08-03 10:52:54,153 | WARNING | PUSH2 used: stock_common.sc_datasource.get_em_fund_flow
2026-08-03 10:52:55,197 | WARNING | PUSH2 used: stock_common.sc_datasource.get_em_fund_flow
2026-08-03 10:52:56,155 | WARNING | PUSH2 used: stock_common.sc_datasource.get_em_fund_flow
2026-08-03 10:52:57,246 | WARNING | PUSH2 used: stock_common.sc_datasource.get_em_fund_flow
2026-08-03 10:52:58,188 | WARNING | PUSH2 used: stock_common.sc_datasource.get_em_fund_flow
2026-08-03 10:52:59,324 | WARNING | PUSH2 used: stock_common.sc_datasource.get_em_fund_flow
2026-08-03 10:52:59,935 | WARNING | PUSH2 used: stock_common.sc_datasource.get_em_fund_flow
2026-08-03 10:53:00,935 | WARNING | PUSH2 used: stock_common.sc_datasource.get_em_fund_flow
2026-08-03 10:53:01,943 | WARNING | PUSH2 used: stock_common.sc_datasource.get_em_fund_flow
2026-08-03 10:53:02,938 | WARNING | PUSH2 used: stock_common.sc_datasource.get_em_fund_flow
2026-08-03 10:53:03,935 | WARNING | PUSH2 used: stock_common.sc_datasource.get_em_fund_flow
2026-08-03 10:53:04,938 | WARNING | PUSH2 used: stock_common.sc_datasource.get_em_fund_flow
2026-08-03 10:53:05,938 | WARNING | PUSH2 used: stock_common.sc_datasource.get_em_fund_flow
2026-08-03 10:53:06,936 | WARNING | PUSH2 used: stock_common.sc_datasource.get_em_fund_flow
2026-08-03 10:53:07,936 | WARNING | PUSH2 used: stock_common.sc_datasource.get_em_fund_flow
2026-08-03 10:53:08,935 | WARNING | PUSH2 used: stock_common.sc_datasource.get_em_fund_flow
2026-08-03 10:53:09,936 | WARNING | PUSH2 used: stock_common.sc_datasource.get_em_fund_flow
2026-08-03 10:53:10,940 | WARNING | PUSH2 used: stock_common.sc_datasource.get_em_fund_flow
2026-08-03 10:53:11,769 | WARNING | PUSH2 used: stock_common.sc_datasource.get_em_fund_flow
2026-08-03 10:53:13,060 | WARNING | PUSH2 used: stock_common.sc_datasource.get_em_fund_flow
2026-08-03 10:53:14,051 | WARNING | PUSH2 used: stock_common.sc_datasource.get_em_fund_flow
2026-08-03 10:53:15,067 | WARNING | PUSH2 used: stock_common.sc_datasource.get_em_fund_flow
2026-08-03 10:53:16,042 | WARNING | PUSH2 used: stock_common.sc_datasource.get_em_fund_flow
2026-08-03 10:53:17,040 | WARNING | PUSH2 used: stock_common.sc_datasource.get_em_fund_flow
2026-08-03 10:53:18,036 | WARNING | PUSH2 used: stock_common.sc_datasource.get_em_fund_flow
2026-08-03 10:53:19,047 | WARNING | PUSH2 used: stock_common.sc_datasource.get_em_fund_flow
2026-08-03 10:53:20,049 | WARNING | PUSH2 used: stock_common.sc_datasource.get_em_fund_flow
2026-08-03 10:53:21,037 | WARNING | PUSH2 used: stock_common.sc_datasource.get_em_fund_flow
2026-08-03 10:53:22,061 | WARNING | PUSH2 used: stock_common.sc_datasource.get_em_fund_flow
2026-08-03 10:53:23,044 | WARNING | PUSH2 used: stock_common.sc_datasource.get_em_fund_flow
2026-08-03 10:53:24,041 | WARNING | PUSH2 used: stock_common.sc_datasource.get_em_fund_flow
2026-08-03 10:53:25,049 | WARNING | PUSH2 used: stock_common.sc_datasource.get_em_fund_flow
2026-08-03 10:53:26,071 | WARNING | PUSH2 used: stock_common.sc_datasource.get_em_fund_flow
2026-08-03 10:53:27,064 | WARNING | PUSH2 used: stock_common.sc_datasource.get_em_fund_flow
2026-08-03 10:53:28,211 | WARNING | PUSH2 used: stock_common.sc_datasource.get_em_fund_flow
2026-08-03 10:53:29,038 | WARNING | PUSH2 used: stock_common.sc_datasource.get_em_fund_flow
2026-08-03 10:53:30,155 | WARNING | PUSH2 used: stock_common.sc_datasource.get_em_fund_flow
2026-08-03 10:53:31,189 | WARNING | PUSH2 used: stock_common.sc_datasource.get_em_fund_flow
2026-08-03 10:53:32,193 | WARNING | PUSH2 used: stock_common.sc_datasource.get_em_fund_flow
2026-08-03 10:53:33,162 | WARNING | PUSH2 used: stock_common.sc_datasource.get_em_fund_flow
2026-08-03 10:53:34,154 | WARNING | PUSH2 used: stock_common.sc_datasource.get_em_fund_flow
2026-08-03 10:53:35,185 | WARNING | PUSH2 used: stock_common.sc_datasource.get_em_fund_flow
2026-08-03 10:53:36,180 | WARNING | PUSH2 used: stock_common.sc_datasource.get_em_fund_flow
2026-08-03 10:53:37,196 | WARNING | PUSH2 used: stock_common.sc_datasource.get_em_fund_flow
2026-08-03 10:53:38,222 | WARNING | PUSH2 used: stock_common.sc_datasource.get_em_fund_flow
2026-08-03 10:53:39,229 | WARNING | PUSH2 used: stock_common.sc_datasource.get_em_fund_flow
2026-08-03 10:53:40,213 | WARNING | PUSH2 used: stock_common.sc_datasource.get_em_fund_flow
2026-08-03 10:53:41,336 | WARNING | PUSH2 used: stock_common.sc_datasource.get_em_fund_flow
2026-08-03 10:53:42,229 | WARNING | PUSH2 used: stock_common.sc_datasource.get_em_fund_flow
2026-08-03 10:53:43,169 | WARNING | PUSH2 used: stock_common.sc_datasource.get_em_fund_flow
2026-08-03 10:53:44,189 | WARNING | PUSH2 used: stock_common.sc_datasource.get_em_fund_flow
2026-08-03 10:53:45,208 | WARNING | PUSH2 used: stock_common.sc_datasource.get_em_fund_flow
2026-08-03 10:53:46,169 | WARNING | PUSH2 used: stock_common.sc_datasource.get_em_fund_flow
2026-08-03 10:53:47,348 | WARNING | PUSH2 used: stock_common.sc_datasource.get_em_fund_flow
2026-08-03 10:53:47,772 | WARNING | PUSH2 used: stock_common.sc_datasource.get_em_fund_flow
2026-08-03 10:53:49,201 | WARNING | PUSH2 used: stock_common.sc_datasource.get_em_fund_flow
2026-08-03 10:53:50,341 | WARNING | PUSH2 used: stock_common.sc_datasource.get_em_fund_flow
2026-08-03 10:53:50,769 | WARNING | PUSH2 used: stock_common.sc_datasource.get_em_fund_flow
2026-08-03 10:53:52,324 | WARNING | PUSH2 used: stock_common.sc_datasource.get_em_fund_flow
2026-08-03 10:53:52,921 | WARNING | PUSH2 used: stock_common.sc_datasource.get_em_fund_flow
2026-08-03 10:53:53,924 | WARNING | PUSH2 used: stock_common.sc_datasource.get_em_fund_flow
2026-08-03 10:53:54,921 | WARNING | PUSH2 used: stock_common.sc_datasource.get_em_fund_flow
2026-08-03 10:53:55,921 | WARNING | PUSH2 used: stock_common.sc_datasource.get_em_fund_flow
2026-08-03 10:53:56,921 | WARNING | PUSH2 used: stock_common.sc_datasource.get_em_fund_flow
2026-08-03 10:53:57,921 | WARNING | PUSH2 used: stock_common.sc_datasource.get_em_fund_flow
2026-08-03 10:53:58,922 | WARNING | PUSH2 used: stock_common.sc_datasource.get_em_fund_flow
2026-08-03 10:53:59,921 | WARNING | PUSH2 used: stock_common.sc_datasource.get_em_fund_flow
2026-08-03 10:54:00,922 | WARNING | PUSH2 used: stock_common.sc_datasource.get_em_fund_flow
2026-08-03 10:54:01,924 | WARNING | PUSH2 used: stock_common.sc_datasource.get_em_fund_flow
2026-08-03 10:54:02,884 | WARNING | PUSH2 used: stock_common.sc_datasource.get_em_fund_flow
2026-08-03 10:54:04,169 | WARNING | PUSH2 used: stock_common.sc_datasource.get_em_fund_flow
2026-08-03 10:54:05,192 | WARNING | PUSH2 used: stock_common.sc_datasource.get_em_fund_flow
2026-08-03 10:54:06,196 | WARNING | PUSH2 used: stock_common.sc_datasource.get_em_fund_flow
2026-08-03 10:54:07,183 | WARNING | PUSH2 used: stock_common.sc_datasource.get_em_fund_flow
2026-08-03 10:54:08,192 | WARNING | PUSH2 used: stock_common.sc_datasource.get_em_fund_flow
2026-08-03 10:54:09,184 | WARNING | PUSH2 used: stock_common.sc_datasource.get_em_fund_flow
2026-08-03 10:54:10,166 | WARNING | PUSH2 used: stock_common.sc_datasource.get_em_fund_flow
2026-08-03 10:54:11,194 | WARNING | PUSH2 used: stock_common.sc_datasource.get_em_fund_flow
2026-08-03 10:54:12,185 | WARNING | PUSH2 used: stock_common.sc_datasource.get_em_fund_flow
2026-08-03 10:54:13,168 | WARNING | PUSH2 used: stock_common.sc_datasource.get_em_fund_flow
2026-08-03 10:54:14,185 | WARNING | PUSH2 used: stock_common.sc_datasource.get_em_fund_flow
2026-08-03 10:54:15,178 | WARNING | PUSH2 used: stock_common.sc_datasource.get_em_fund_flow
2026-08-03 10:54:16,169 | WARNING | PUSH2 used: stock_common.sc_datasource.get_em_fund_flow
2026-08-03 10:54:17,219 | WARNING | PUSH2 used: stock_common.sc_datasource.get_em_fund_flow
2026-08-03 10:54:18,199 | WARNING | PUSH2 used: stock_common.sc_datasource.get_em_fund_flow
2026-08-03 10:54:19,601 | WARNING | PUSH2 used: stock_common.sc_datasource.get_em_fund_flow
2026-08-03 10:54:20,289 | WARNING | PUSH2 used: stock_common.sc_datasource.get_em_fund_flow
2026-08-03 10:54:21,193 | WARNING | PUSH2 used: stock_common.sc_datasource.get_em_fund_flow
2026-08-03 10:54:22,216 | WARNING | PUSH2 used: stock_common.sc_datasource.get_em_fund_flow
2026-08-03 10:54:23,191 | WARNING | PUSH2 used: stock_common.sc_datasource.get_em_fund_flow
2026-08-03 10:54:24,180 | WARNING | PUSH2 used: stock_common.sc_datasource.get_em_fund_flow
2026-08-03 10:54:25,200 | WARNING | PUSH2 used: stock_common.sc_datasource.get_em_fund_flow
2026-08-03 10:54:26,172 | WARNING | PUSH2 used: stock_common.sc_datasource.get_em_fund_flow
2026-08-03 10:54:27,195 | WARNING | PUSH2 used: stock_common.sc_datasource.get_em_fund_flow
2026-08-03 10:54:28,189 | WARNING | PUSH2 used: stock_common.sc_datasource.get_em_fund_flow
2026-08-03 10:54:29,350 | WARNING | PUSH2 used: stock_common.sc_datasource.get_em_fund_flow
2026-08-03 10:54:29,848 | WARNING | PUSH2 used: stock_common.sc_datasource.get_em_fund_flow
2026-08-03 10:54:31,383 | WARNING | PUSH2 used: stock_common.sc_datasource.get_em_fund_flow
2026-08-03 10:54:31,792 | WARNING | PUSH2 used: stock_common.sc_datasource.get_em_fund_flow
2026-08-03 10:54:33,240 | WARNING | PUSH2 used: stock_common.sc_datasource.get_em_fund_flow
2026-08-03 10:54:34,260 | WARNING | PUSH2 used: stock_common.sc_datasource.get_em_fund_flow
2026-08-03 10:54:35,229 | WARNING | PUSH2 used: stock_common.sc_datasource.get_em_fund_flow
2026-08-03 10:54:36,291 | WARNING | PUSH2 used: stock_common.sc_datasource.get_em_fund_flow
2026-08-03 10:54:37,360 | WARNING | PUSH2 used: stock_common.sc_datasource.get_em_fund_flow
2026-08-03 10:54:37,940 | WARNING | PUSH2 used: stock_common.sc_datasource.get_em_fund_flow
2026-08-03 10:54:38,938 | WARNING | PUSH2 used: stock_common.sc_datasource.get_em_fund_flow
2026-08-03 10:54:39,939 | WARNING | PUSH2 used: stock_common.sc_datasource.get_em_fund_flow
2026-08-03 10:54:40,939 | WARNING | PUSH2 used: stock_common.sc_datasource.get_em_fund_flow
2026-08-03 10:54:41,940 | WARNING | PUSH2 used: stock_common.sc_datasource.get_em_fund_flow
2026-08-03 10:54:42,941 | WARNING | PUSH2 used: stock_common.sc_datasource.get_em_fund_flow
2026-08-03 10:54:43,938 | WARNING | PUSH2 used: stock_common.sc_datasource.get_em_fund_flow
2026-08-03 10:54:44,931 | WARNING | PUSH2 used: stock_common.sc_datasource.get_em_fund_flow
2026-08-03 10:54:46,333 | WARNING | PUSH2 used: stock_common.sc_datasource.get_em_fund_flow
2026-08-03 10:54:46,932 | WARNING | PUSH2 used: stock_common.sc_datasource.get_em_fund_flow
2026-08-03 10:54:47,933 | WARNING | PUSH2 used: stock_common.sc_datasource.get_em_fund_flow
2026-08-03 10:54:48,930 | WARNING | PUSH2 used: stock_common.sc_datasource.get_em_fund_flow
2026-08-03 10:54:49,928 | WARNING | PUSH2 used: stock_common.sc_datasource.get_em_fund_flow
2026-08-03 10:54:50,945 | WARNING | PUSH2 used: stock_common.sc_datasource.get_em_fund_flow
2026-08-03 10:54:51,802 | WARNING | PUSH2 used: stock_common.sc_datasource.get_em_fund_flow
2026-08-03 10:54:53,134 | WARNING | PUSH2 used: stock_common.sc_datasource.get_em_fund_flow
2026-08-03 10:54:54,147 | WARNING | PUSH2 used: stock_common.sc_datasource.get_em_fund_flow
2026-08-03 10:54:55,157 | WARNING | PUSH2 used: stock_common.sc_datasource.get_em_fund_flow
2026-08-03 10:54:56,141 | WARNING | PUSH2 used: stock_common.sc_datasource.get_em_fund_flow
2026-08-03 10:54:57,148 | WARNING | PUSH2 used: stock_common.sc_datasource.get_em_fund_flow
2026-08-03 10:54:58,153 | WARNING | PUSH2 used: stock_common.sc_datasource.get_em_fund_flow
2026-08-03 10:54:59,137 | WARNING | PUSH2 used: stock_common.sc_datasource.get_em_fund_flow
2026-08-03 10:55:00,121 | WARNING | PUSH2 used: stock_common.sc_datasource.get_em_fund_flow
2026-08-03 10:55:01,126 | WARNING | PUSH2 used: stock_common.sc_datasource.get_em_fund_flow
2026-08-03 10:55:02,167 | WARNING | PUSH2 used: stock_common.sc_datasource.get_em_fund_flow
2026-08-03 10:55:03,142 | WARNING | PUSH2 used: stock_common.sc_datasource.get_em_fund_flow
2026-08-03 10:55:04,130 | WARNING | PUSH2 used: stock_common.sc_datasource.get_em_fund_flow
2026-08-03 10:55:05,172 | WARNING | PUSH2 used: stock_common.sc_datasource.get_em_fund_flow
2026-08-03 10:55:06,149 | WARNING | PUSH2 used: stock_common.sc_datasource.get_em_fund_flow
2026-08-03 10:55:07,178 | WARNING | PUSH2 used: stock_common.sc_datasource.get_em_fund_flow
2026-08-03 10:55:08,175 | WARNING | PUSH2 used: stock_common.sc_datasource.get_em_fund_flow
2026-08-03 10:55:09,141 | WARNING | PUSH2 used: stock_common.sc_datasource.get_em_fund_flow
2026-08-03 10:55:10,167 | WARNING | PUSH2 used: stock_common.sc_datasource.get_em_fund_flow
2026-08-03 10:55:11,138 | WARNING | PUSH2 used: stock_common.sc_datasource.get_em_fund_flow
2026-08-03 10:55:12,151 | WARNING | PUSH2 used: stock_common.sc_datasource.get_em_fund_flow
2026-08-03 10:55:13,133 | WARNING | PUSH2 used: stock_common.sc_datasource.get_em_fund_flow
2026-08-03 10:55:14,140 | WARNING | PUSH2 used: stock_common.sc_datasource.get_em_fund_flow
2026-08-03 10:55:15,168 | WARNING | PUSH2 used: stock_common.sc_datasource.get_em_fund_flow
2026-08-03 10:55:16,150 | WARNING | PUSH2 used: stock_common.sc_datasource.get_em_fund_flow
2026-08-03 10:55:17,151 | WARNING | PUSH2 used: stock_common.sc_datasource.get_em_fund_flow
2026-08-03 10:55:18,128 | WARNING | PUSH2 used: stock_common.sc_datasource.get_em_fund_flow
2026-08-03 10:55:19,136 | WARNING | PUSH2 used: stock_common.sc_datasource.get_em_fund_flow
2026-08-03 10:55:20,132 | WARNING | PUSH2 used: stock_common.sc_datasource.get_em_fund_flow
2026-08-03 10:55:21,131 | WARNING | PUSH2 used: stock_common.sc_datasource.get_em_fund_flow
2026-08-03 10:55:22,346 | WARNING | PUSH2 used: stock_common.sc_datasource.get_em_fund_flow
2026-08-03 10:55:22,776 | WARNING | PUSH2 used: stock_common.sc_datasource.get_em_fund_flow
2026-08-03 10:55:24,226 | WARNING | PUSH2 used: stock_common.sc_datasource.get_em_fund_flow
2026-08-03 10:55:25,269 | WARNING | PUSH2 used: stock_common.sc_datasource.get_em_fund_flow
2026-08-03 10:55:26,325 | WARNING | PUSH2 used: stock_common.sc_datasource.get_em_fund_flow
2026-08-03 10:55:27,318 | WARNING | PUSH2 used: stock_common.sc_datasource.get_em_fund_flow
2026-08-03 10:55:27,789 | WARNING | PUSH2 used: stock_common.sc_datasource.get_em_fund_flow
2026-08-03 10:55:29,351 | WARNING | PUSH2 used: stock_common.sc_datasource.get_em_fund_flow
2026-08-03 10:55:29,936 | WARNING | PUSH2 used: stock_common.sc_datasource.get_em_fund_flow
2026-08-03 10:55:30,936 | WARNING | PUSH2 used: stock_common.sc_datasource.get_em_fund_flow
2026-08-03 10:55:31,936 | WARNING | PUSH2 used: stock_common.sc_datasource.get_em_fund_flow
2026-08-03 10:55:32,935 | WARNING | PUSH2 used: stock_common.sc_datasource.get_em_fund_flow
2026-08-03 10:55:33,936 | WARNING | PUSH2 used: stock_common.sc_datasource.get_em_fund_flow
2026-08-03 10:55:34,937 | WARNING | PUSH2 used: stock_common.sc_datasource.get_em_fund_flow
2026-08-03 10:55:35,937 | WARNING | PUSH2 used: stock_common.sc_datasource.get_em_fund_flow
2026-08-03 10:55:36,936 | WARNING | PUSH2 used: stock_common.sc_datasource.get_em_fund_flow
2026-08-03 10:55:37,937 | WARNING | PUSH2 used: stock_common.sc_datasource.get_em_fund_flow
2026-08-03 10:55:38,937 | WARNING | PUSH2 used: stock_common.sc_datasource.get_em_fund_flow
2026-08-03 10:55:39,792 | WARNING | PUSH2 used: stock_common.sc_datasource.get_em_fund_flow
2026-08-03 10:55:41,093 | WARNING | PUSH2 used: stock_common.sc_datasource.get_em_fund_flow
2026-08-03 10:55:42,100 | WARNING | PUSH2 used: stock_common.sc_datasource.get_em_fund_flow
2026-08-03 10:55:43,081 | WARNING | PUSH2 used: stock_common.sc_datasource.get_em_fund_flow
2026-08-03 10:55:44,059 | WARNING | PUSH2 used: stock_common.sc_datasource.get_em_fund_flow
2026-08-03 10:55:45,060 | WARNING | PUSH2 used: stock_common.sc_datasource.get_em_fund_flow
2026-08-03 10:55:46,344 | WARNING | PUSH2 used: stock_common.sc_datasource.get_em_fund_flow
2026-08-03 10:55:47,059 | WARNING | PUSH2 used: stock_common.sc_datasource.get_em_fund_flow
2026-08-03 10:55:48,064 | WARNING | PUSH2 used: stock_common.sc_datasource.get_em_fund_flow
2026-08-03 10:55:49,050 | WARNING | PUSH2 used: stock_common.sc_datasource.get_em_fund_flow
2026-08-03 10:55:50,315 | WARNING | PUSH2 used: stock_common.sc_datasource.get_em_fund_flow
2026-08-03 10:55:51,053 | WARNING | PUSH2 used: stock_common.sc_datasource.get_em_fund_flow
2026-08-03 10:55:52,072 | WARNING | PUSH2 used: stock_common.sc_datasource.get_em_fund_flow
2026-08-03 10:55:53,070 | WARNING | PUSH2 used: stock_common.sc_datasource.get_em_fund_flow
2026-08-03 10:55:54,048 | WARNING | PUSH2 used: stock_common.sc_datasource.get_em_fund_flow
2026-08-03 10:55:55,065 | WARNING | PUSH2 used: stock_common.sc_datasource.get_em_fund_flow
2026-08-03 10:55:56,063 | WARNING | PUSH2 used: stock_common.sc_datasource.get_em_fund_flow
2026-08-03 10:55:57,046 | WARNING | PUSH2 used: stock_common.sc_datasource.get_em_fund_flow
2026-08-03 10:55:58,077 | WARNING | PUSH2 used: stock_common.sc_datasource.get_em_fund_flow
2026-08-03 10:55:59,050 | WARNING | PUSH2 used: stock_common.sc_datasource.get_em_fund_flow
2026-08-03 10:56:00,060 | WARNING | PUSH2 used: stock_common.sc_datasource.get_em_fund_flow
2026-08-03 10:56:01,053 | WARNING | PUSH2 used: stock_common.sc_datasource.get_em_fund_flow
2026-08-03 10:56:02,074 | WARNING | PUSH2 used: stock_common.sc_datasource.get_em_fund_flow
2026-08-03 10:56:03,069 | WARNING | PUSH2 used: stock_common.sc_datasource.get_em_fund_flow
2026-08-03 10:56:04,066 | WARNING | PUSH2 used: stock_common.sc_datasource.get_em_fund_flow
2026-08-03 10:56:05,082 | WARNING | PUSH2 used: stock_common.sc_datasource.get_em_fund_flow
2026-08-03 10:56:06,045 | WARNING | PUSH2 used: stock_common.sc_datasource.get_em_fund_flow
2026-08-03 10:56:07,054 | WARNING | PUSH2 used: stock_common.sc_datasource.get_em_fund_flow
2026-08-03 10:56:08,066 | WARNING | PUSH2 used: stock_common.sc_datasource.get_em_fund_flow
2026-08-03 10:56:09,060 | WARNING | PUSH2 used: stock_common.sc_datasource.get_em_fund_flow
2026-08-03 10:56:10,246 | WARNING | PUSH2 used: stock_common.sc_datasource.get_em_fund_flow
2026-08-03 10:56:10,912 | WARNING | PUSH2 used: stock_common.sc_datasource.get_em_fund_flow
2026-08-03 10:56:11,715 | WARNING | PUSH2 used: stock_common.sc_datasource.get_em_fund_flow
2026-08-03 10:56:13,314 | WARNING | PUSH2 used: stock_common.sc_datasource.get_em_fund_flow
2026-08-03 10:56:14,103 | WARNING | PUSH2 used: stock_common.sc_datasource.get_em_fund_flow
2026-08-03 10:56:15,084 | WARNING | PUSH2 used: stock_common.sc_datasource.get_em_fund_flow
2026-08-03 10:56:16,140 | WARNING | PUSH2 used: stock_common.sc_datasource.get_em_fund_flow
2026-08-03 10:56:17,253 | WARNING | PUSH2 used: stock_common.sc_datasource.get_em_fund_flow
2026-08-03 10:56:17,907 | WARNING | PUSH2 used: stock_common.sc_datasource.get_em_fund_flow
2026-08-03 10:56:18,909 | WARNING | PUSH2 used: stock_common.sc_datasource.get_em_fund_flow
2026-08-03 10:56:19,907 | WARNING | PUSH2 used: stock_common.sc_datasource.get_em_fund_flow
2026-08-03 10:56:21,148 | WARNING | PUSH2 used: stock_common.sc_datasource.get_em_fund_flow
2026-08-03 10:56:21,907 | WARNING | PUSH2 used: stock_common.sc_datasource.get_em_fund_flow
2026-08-03 10:56:22,910 | WARNING | PUSH2 used: stock_common.sc_datasource.get_em_fund_flow
2026-08-03 10:56:23,909 | WARNING | PUSH2 used: stock_common.sc_datasource.get_em_fund_flow
2026-08-03 10:56:24,908 | WARNING | PUSH2 used: stock_common.sc_datasource.get_em_fund_flow
2026-08-03 10:56:25,910 | WARNING | PUSH2 used: stock_common.sc_datasource.get_em_fund_flow
2026-08-03 10:56:26,910 | WARNING | PUSH2 used: stock_common.sc_datasource.get_em_fund_flow
2026-08-03 10:56:27,908 | WARNING | PUSH2 used: stock_common.sc_datasource.get_em_fund_flow
2026-08-03 10:56:28,907 | WARNING | PUSH2 used: stock_common.sc_datasource.get_em_fund_flow
2026-08-03 10:56:29,890 | WARNING | PUSH2 used: stock_common.sc_datasource.get_em_fund_flow
2026-08-03 10:56:31,262 | WARNING | PUSH2 used: stock_common.sc_datasource.get_em_fund_flow
2026-08-03 10:56:31,907 | WARNING | PUSH2 used: stock_common.sc_datasource.get_em_fund_flow
2026-08-03 10:56:32,740 | WARNING | PUSH2 used: stock_common.sc_datasource.get_em_fund_flow
2026-08-03 10:56:34,064 | WARNING | PUSH2 used: stock_common.sc_datasource.get_em_fund_flow
2026-08-03 10:56:35,095 | WARNING | PUSH2 used: stock_common.sc_datasource.get_em_fund_flow
2026-08-03 10:56:36,047 | WARNING | PUSH2 used: stock_common.sc_datasource.get_em_fund_flow
2026-08-03 10:56:37,053 | WARNING | PUSH2 used: stock_common.sc_datasource.get_em_fund_flow
2026-08-03 10:56:38,331 | WARNING | PUSH2 used: stock_common.sc_datasource.get_em_fund_flow
2026-08-03 10:56:39,064 | WARNING | PUSH2 used: stock_common.sc_datasource.get_em_fund_flow
2026-08-03 10:56:40,050 | WARNING | PUSH2 used: stock_common.sc_datasource.get_em_fund_flow
2026-08-03 10:56:41,078 | WARNING | PUSH2 used: stock_common.sc_datasource.get_em_fund_flow
2026-08-03 10:56:42,092 | WARNING | PUSH2 used: stock_common.sc_datasource.get_em_fund_flow
2026-08-03 10:56:43,187 | WARNING | PUSH2 used: stock_common.sc_datasource.get_em_fund_flow
2026-08-03 10:56:44,157 | WARNING | PUSH2 used: stock_common.sc_datasource.get_em_fund_flow
2026-08-03 10:56:45,169 | WARNING | PUSH2 used: stock_common.sc_datasource.get_em_fund_flow
2026-08-03 10:56:46,152 | WARNING | PUSH2 used: stock_common.sc_datasource.get_em_fund_flow
2026-08-03 10:56:47,191 | WARNING | PUSH2 used: stock_common.sc_datasource.get_em_fund_flow
2026-08-03 10:56:48,171 | WARNING | PUSH2 used: stock_common.sc_datasource.get_em_fund_flow
2026-08-03 10:56:49,185 | WARNING | PUSH2 used: stock_common.sc_datasource.get_em_fund_flow
2026-08-03 10:56:50,178 | WARNING | PUSH2 used: stock_common.sc_datasource.get_em_fund_flow
2026-08-03 10:56:51,170 | WARNING | PUSH2 used: stock_common.sc_datasource.get_em_fund_flow
2026-08-03 10:56:52,149 | WARNING | PUSH2 used: stock_common.sc_datasource.get_em_fund_flow
2026-08-03 10:56:53,183 | WARNING | PUSH2 used: stock_common.sc_datasource.get_em_fund_flow
2026-08-03 10:56:54,181 | WARNING | PUSH2 used: stock_common.sc_datasource.get_em_fund_flow
2026-08-03 10:56:55,148 | WARNING | PUSH2 used: stock_common.sc_datasource.get_em_fund_flow
2026-08-03 10:56:56,202 | WARNING | PUSH2 used: stock_common.sc_datasource.get_em_fund_flow
2026-08-03 10:56:57,166 | WARNING | PUSH2 used: stock_common.sc_datasource.get_em_fund_flow
2026-08-03 10:56:58,135 | WARNING | PUSH2 used: stock_common.sc_datasource.get_em_fund_flow
2026-08-03 10:56:59,130 | WARNING | PUSH2 used: stock_common.sc_datasource.get_em_fund_flow
2026-08-03 10:57:00,147 | WARNING | PUSH2 used: stock_common.sc_datasource.get_em_fund_flow
2026-08-03 10:57:01,336 | WARNING | PUSH2 used: stock_common.sc_datasource.get_em_fund_flow
2026-08-03 10:57:01,890 | WARNING | PUSH2 used: stock_common.sc_datasource.get_em_fund_flow
2026-08-03 10:57:03,168 | WARNING | PUSH2 used: stock_common.sc_datasource.get_em_fund_flow
2026-08-03 10:57:04,166 | WARNING | PUSH2 used: stock_common.sc_datasource.get_em_fund_flow
2026-08-03 10:57:05,230 | WARNING | PUSH2 used: stock_common.sc_datasource.get_em_fund_flow
2026-08-03 10:57:06,303 | WARNING | PUSH2 used: stock_common.sc_datasource.get_em_fund_flow
2026-08-03 10:57:07,337 | WARNING | PUSH2 used: stock_common.sc_datasource.get_em_fund_flow
2026-08-03 10:57:07,761 | WARNING | PUSH2 used: stock_common.sc_datasource.get_em_fund_flow
2026-08-03 10:57:09,398 | WARNING | PUSH2 used: stock_common.sc_datasource.get_em_fund_flow
2026-08-03 10:57:09,928 | WARNING | PUSH2 used: stock_common.sc_datasource.get_em_fund_flow
2026-08-03 10:57:10,802 | WARNING | PUSH2 used: stock_common.sc_datasource.get_em_fund_flow
2026-08-03 10:57:12,376 | WARNING | PUSH2 used: stock_common.sc_datasource.get_em_fund_flow
2026-08-03 10:57:12,930 | WARNING | PUSH2 used: stock_common.sc_datasource.get_em_fund_flow
2026-08-03 10:57:13,932 | WARNING | PUSH2 used: stock_common.sc_datasource.get_em_fund_flow
2026-08-03 10:57:14,927 | WARNING | PUSH2 used: stock_common.sc_datasource.get_em_fund_flow
2026-08-03 10:57:15,927 | WARNING | PUSH2 used: stock_common.sc_datasource.get_em_fund_flow
2026-08-03 10:57:16,926 | WARNING | PUSH2 used: stock_common.sc_datasource.get_em_fund_flow
2026-08-03 10:57:17,928 | WARNING | PUSH2 used: stock_common.sc_datasource.get_em_fund_flow
2026-08-03 10:57:18,929 | WARNING | PUSH2 used: stock_common.sc_datasource.get_em_fund_flow
2026-08-03 10:57:19,926 | WARNING | PUSH2 used: stock_common.sc_datasource.get_em_fund_flow
2026-08-03 10:57:20,757 | WARNING | PUSH2 used: stock_common.sc_datasource.get_em_fund_flow
2026-08-03 10:57:22,220 | WARNING | PUSH2 used: stock_common.sc_datasource.get_em_fund_flow
2026-08-03 10:57:23,200 | WARNING | PUSH2 used: stock_common.sc_datasource.get_em_fund_flow
2026-08-03 10:57:24,226 | WARNING | PUSH2 used: stock_common.sc_datasource.get_em_fund_flow
2026-08-03 10:57:25,236 | WARNING | PUSH2 used: stock_common.sc_datasource.get_em_fund_flow
2026-08-03 10:57:26,223 | WARNING | PUSH2 used: stock_common.sc_datasource.get_em_fund_flow
2026-08-03 10:57:27,216 | WARNING | PUSH2 used: stock_common.sc_datasource.get_em_fund_flow
2026-08-03 10:57:28,221 | WARNING | PUSH2 used: stock_common.sc_datasource.get_em_fund_flow
2026-08-03 10:57:29,171 | WARNING | PUSH2 used: stock_common.sc_datasource.get_em_fund_flow
2026-08-03 10:57:30,056 | WARNING | PUSH2 used: stock_common.sc_datasource.get_em_fund_flow
2026-08-03 10:57:31,030 | WARNING | PUSH2 used: stock_common.sc_datasource.get_em_fund_flow
2026-08-03 10:57:32,134 | WARNING | PUSH2 used: stock_common.sc_datasource.get_em_fund_flow
2026-08-03 10:57:33,134 | WARNING | PUSH2 used: stock_common.sc_datasource.get_em_fund_flow
2026-08-03 10:57:34,084 | WARNING | PUSH2 used: stock_common.sc_datasource.get_em_fund_flow
2026-08-03 10:57:35,134 | WARNING | PUSH2 used: stock_common.sc_datasource.get_em_fund_flow
2026-08-03 10:57:36,184 | WARNING | PUSH2 used: stock_common.sc_datasource.get_em_fund_flow
2026-08-03 10:57:37,148 | WARNING | PUSH2 used: stock_common.sc_datasource.get_em_fund_flow
2026-08-03 10:57:38,188 | WARNING | PUSH2 used: stock_common.sc_datasource.get_em_fund_flow
2026-08-03 10:57:39,167 | WARNING | PUSH2 used: stock_common.sc_datasource.get_em_fund_flow
2026-08-03 10:57:40,171 | WARNING | PUSH2 used: stock_common.sc_datasource.get_em_fund_flow
2026-08-03 10:57:41,164 | WARNING | PUSH2 used: stock_common.sc_datasource.get_em_fund_flow
2026-08-03 10:57:42,199 | WARNING | PUSH2 used: stock_common.sc_datasource.get_em_fund_flow
2026-08-03 10:57:43,193 | WARNING | PUSH2 used: stock_common.sc_datasource.get_em_fund_flow
2026-08-03 10:57:44,196 | WARNING | PUSH2 used: stock_common.sc_datasource.get_em_fund_flow
2026-08-03 10:57:45,199 | WARNING | PUSH2 used: stock_common.sc_datasource.get_em_fund_flow
2026-08-03 10:57:46,217 | WARNING | PUSH2 used: stock_common.sc_datasource.get_em_fund_flow
2026-08-03 10:57:47,178 | WARNING | PUSH2 used: stock_common.sc_datasource._fetch_batch
2026-08-03 10:59:34,508 | WARNING | PUSH2 used: stock_common.sc_datasource.eastmoney_stock_info_push2
2026-08-03 10:59:35,051 | WARNING | PUSH2 used: stock_common.sc_datasource.eastmoney_stock_info_push2
2026-08-03 10:59:35,770 | WARNING | PUSH2 used: stock_common.sc_datasource.eastmoney_stock_info_push2
2026-08-03 10:59:35,932 | WARNING | PUSH2 used: stock_common.sc_datasource.eastmoney_stock_info_push2
2026-08-03 10:59:36,443 | WARNING | PUSH2 used: stock_common.sc_datasource.eastmoney_stock_info_push2
2026-08-03 10:59:37,244 | WARNING | PUSH2 used: stock_common.sc_datasource.eastmoney_stock_info_push2
2026-08-03 10:59:37,808 | WARNING | PUSH2 used: stock_common.sc_datasource.eastmoney_stock_info_push2
2026-08-03 10:59:38,812 | WARNING | PUSH2 used: stock_common.sc_datasource.eastmoney_stock_info_push2
2026-08-03 10:59:39,812 | WARNING | PUSH2 used: stock_common.sc_datasource.eastmoney_stock_info_push2
2026-08-03 10:59:40,809 | WARNING | PUSH2 used: stock_common.sc_datasource.eastmoney_stock_info_push2
2026-08-03 10:59:41,814 | WARNING | PUSH2 used: stock_common.sc_datasource.eastmoney_stock_info_push2
2026-08-03 10:59:42,817 | WARNING | PUSH2 used: stock_common.sc_datasource.eastmoney_stock_info_push2
2026-08-03 10:59:43,812 | WARNING | PUSH2 used: stock_common.sc_datasource.eastmoney_stock_info_push2
2026-08-03 10:59:44,810 | WARNING | PUSH2 used: stock_common.sc_datasource.eastmoney_stock_info_push2
2026-08-03 10:59:45,810 | WARNING | PUSH2 used: stock_common.sc_datasource.eastmoney_stock_info_push2
2026-08-03 10:59:46,812 | WARNING | PUSH2 used: stock_common.sc_datasource.eastmoney_stock_info_push2
2026-08-03 10:59:47,812 | WARNING | PUSH2 used: stock_common.sc_datasource.eastmoney_stock_info_push2
2026-08-03 10:59:48,822 | WARNING | PUSH2 used: stock_common.sc_datasource.eastmoney_stock_info_push2
2026-08-03 10:59:49,820 | WARNING | PUSH2 used: stock_common.sc_datasource.eastmoney_stock_info_push2
2026-08-03 10:59:50,811 | WARNING | PUSH2 used: stock_common.sc_datasource.eastmoney_stock_info_push2
2026-08-03 10:59:51,811 | WARNING | PUSH2 used: stock_common.sc_datasource.eastmoney_stock_info_push2
2026-08-03 10:59:52,586 | WARNING | PUSH2 used: stock_common.sc_datasource.eastmoney_stock_info_push2
2026-08-03 10:59:53,903 | WARNING | PUSH2 used: stock_common.sc_datasource.eastmoney_stock_info_push2
2026-08-03 10:59:54,888 | WARNING | PUSH2 used: stock_common.sc_datasource.eastmoney_stock_info_push2
2026-08-03 10:59:55,885 | WARNING | PUSH2 used: stock_common.sc_datasource.eastmoney_stock_info_push2
2026-08-03 10:59:56,877 | WARNING | PUSH2 used: stock_common.sc_datasource.eastmoney_stock_info_push2
2026-08-03 10:59:57,883 | WARNING | PUSH2 used: stock_common.sc_datasource.eastmoney_stock_info_push2
2026-08-03 10:59:58,895 | WARNING | PUSH2 used: stock_common.sc_datasource.eastmoney_stock_info_push2
2026-08-03 10:59:59,902 | WARNING | PUSH2 used: stock_common.sc_datasource.eastmoney_stock_info_push2
2026-08-03 11:00:00,884 | WARNING | PUSH2 used: stock_common.sc_datasource.eastmoney_stock_info_push2
2026-08-03 11:00:01,877 | WARNING | PUSH2 used: stock_common.sc_datasource.eastmoney_stock_info_push2
2026-08-03 11:00:02,883 | WARNING | PUSH2 used: stock_common.sc_datasource.eastmoney_stock_info_push2
2026-08-03 11:00:03,886 | WARNING | PUSH2 used: stock_common.sc_datasource.eastmoney_stock_info_push2
2026-08-03 11:00:04,889 | WARNING | PUSH2 used: stock_common.sc_datasource.eastmoney_stock_info_push2
2026-08-03 11:00:05,894 | WARNING | PUSH2 used: stock_common.sc_datasource.eastmoney_stock_info_push2
2026-08-03 11:00:06,885 | WARNING | PUSH2 used: stock_common.sc_datasource.eastmoney_stock_info_push2
2026-08-03 11:00:07,888 | WARNING | PUSH2 used: stock_common.sc_datasource.eastmoney_stock_info_push2
2026-08-03 11:00:08,878 | WARNING | PUSH2 used: stock_common.sc_datasource.eastmoney_stock_info_push2
2026-08-03 11:00:09,878 | WARNING | PUSH2 used: stock_common.sc_datasource.eastmoney_stock_info_push2
2026-08-03 11:00:10,882 | WARNING | PUSH2 used: stock_common.sc_datasource.eastmoney_stock_info_push2
2026-08-03 11:00:11,885 | WARNING | PUSH2 used: stock_common.sc_datasource.eastmoney_stock_info_push2
2026-08-03 11:00:12,871 | WARNING | PUSH2 used: stock_common.sc_datasource.eastmoney_stock_info_push2
2026-08-03 11:00:13,883 | WARNING | PUSH2 used: stock_common.sc_datasource.eastmoney_stock_info_push2
2026-08-03 11:00:14,895 | WARNING | PUSH2 used: stock_common.sc_datasource.eastmoney_stock_info_push2
2026-08-03 11:00:15,888 | WARNING | PUSH2 used: stock_common.sc_datasource.eastmoney_stock_info_push2
2026-08-03 11:00:16,886 | WARNING | PUSH2 used: stock_common.sc_datasource.eastmoney_stock_info_push2
2026-08-03 11:00:17,886 | WARNING | PUSH2 used: stock_common.sc_datasource.eastmoney_stock_info_push2
2026-08-03 11:00:18,945 | WARNING | PUSH2 used: stock_common.sc_datasource.eastmoney_stock_info_push2
2026-08-03 11:00:19,903 | WARNING | PUSH2 used: stock_common.sc_datasource.eastmoney_stock_info_push2
2026-08-03 11:00:20,883 | WARNING | PUSH2 used: stock_common.sc_datasource.eastmoney_stock_info_push2
2026-08-03 11:00:21,918 | WARNING | PUSH2 used: stock_common.sc_datasource.eastmoney_stock_info_push2
2026-08-03 11:00:22,872 | WARNING | PUSH2 used: stock_common.sc_datasource.eastmoney_stock_info_push2
2026-08-03 11:00:23,882 | WARNING | PUSH2 used: stock_common.sc_datasource.eastmoney_stock_info_push2
2026-08-03 11:00:24,883 | WARNING | PUSH2 used: stock_common.sc_datasource.eastmoney_stock_info_push2
2026-08-03 11:00:26,987 | WARNING | PUSH2 used: stock_common.sc_datasource.get_em_fund_flow
2026-08-03 11:00:28,354 | WARNING | PUSH2 used: stock_common.sc_datasource.get_em_fund_flow
2026-08-03 11:00:28,706 | WARNING | PUSH2 used: stock_common.sc_datasource.get_em_fund_flow
2026-08-03 11:00:29,310 | WARNING | PUSH2 used: stock_common.sc_datasource.get_em_fund_flow
2026-08-03 11:00:29,468 | WARNING | PUSH2 used: stock_common.sc_datasource.get_em_fund_flow
2026-08-03 11:00:30,504 | WARNING | PUSH2 used: stock_common.sc_datasource.get_em_fund_flow
2026-08-03 11:00:30,905 | WARNING | PUSH2 used: stock_common.sc_datasource.get_em_board_list
2026-08-03 11:00:32,078 | WARNING | PUSH2 used: stock_common.sc_datasource.get_em_fund_flow
2026-08-03 11:00:34,134 | WARNING | PUSH2 used: stock_common.sc_datasource.get_em_fund_flow
2026-08-03 11:00:34,977 | WARNING | PUSH2 used: stock_common.sc_datasource.get_em_fund_flow
2026-08-03 11:00:36,018 | WARNING | PUSH2 used: stock_common.sc_datasource.get_em_fund_flow
2026-08-03 11:00:36,983 | WARNING | PUSH2 used: stock_common.sc_datasource.get_em_fund_flow
2026-08-03 11:00:37,972 | WARNING | PUSH2 used: stock_common.sc_datasource.get_em_fund_flow
2026-08-03 11:00:39,236 | WARNING | PUSH2 used: stock_common.sc_datasource.get_em_fund_flow
2026-08-03 11:00:40,074 | WARNING | PUSH2 used: stock_common.sc_datasource.get_em_fund_flow
2026-08-03 11:00:40,985 | WARNING | PUSH2 used: stock_common.sc_datasource.get_em_fund_flow
2026-08-03 11:00:41,782 | WARNING | PUSH2 used: stock_common.sc_datasource.get_em_fund_flow
2026-08-03 11:00:43,249 | WARNING | PUSH2 used: stock_common.sc_datasource.get_em_fund_flow
2026-08-03 11:00:44,270 | WARNING | PUSH2 used: stock_common.sc_datasource.get_em_fund_flow
2026-08-03 11:00:45,269 | WARNING | PUSH2 used: stock_common.sc_datasource.get_em_fund_flow
2026-08-03 11:00:46,267 | WARNING | PUSH2 used: stock_common.sc_datasource.get_em_fund_flow
2026-08-03 11:00:47,259 | WARNING | PUSH2 used: stock_common.sc_datasource.get_em_fund_flow
2026-08-03 11:00:48,250 | WARNING | PUSH2 used: stock_common.sc_datasource.get_em_fund_flow
2026-08-03 11:00:49,174 | WARNING | PUSH2 used: stock_common.sc_datasource.get_em_fund_flow
2026-08-03 11:00:50,272 | WARNING | PUSH2 used: stock_common.sc_datasource.get_em_fund_flow
2026-08-03 11:00:51,132 | WARNING | PUSH2 used: stock_common.sc_datasource.get_em_fund_flow
2026-08-03 11:00:52,124 | WARNING | PUSH2 used: stock_common.sc_datasource.get_em_fund_flow
2026-08-03 11:00:53,161 | WARNING | PUSH2 used: stock_common.sc_datasource.get_em_fund_flow
2026-08-03 11:00:54,433 | WARNING | PUSH2 used: stock_common.sc_datasource.get_em_fund_flow
2026-08-03 11:00:55,126 | WARNING | PUSH2 used: stock_common.sc_datasource.get_em_fund_flow
2026-08-03 11:00:56,149 | WARNING | PUSH2 used: stock_common.sc_datasource.get_em_fund_flow
2026-08-03 11:00:57,393 | WARNING | PUSH2 used: stock_common.sc_datasource.get_em_fund_flow
2026-08-03 11:00:58,375 | WARNING | PUSH2 used: stock_common.sc_datasource.get_em_fund_flow
2026-08-03 11:00:59,162 | WARNING | PUSH2 used: stock_common.sc_datasource.get_em_fund_flow
2026-08-03 11:01:00,133 | WARNING | PUSH2 used: stock_common.sc_datasource.get_em_fund_flow
2026-08-03 11:01:01,402 | WARNING | PUSH2 used: stock_common.sc_datasource.get_em_fund_flow
2026-08-03 11:01:02,122 | WARNING | PUSH2 used: stock_common.sc_datasource.get_em_fund_flow
2026-08-03 11:01:03,128 | WARNING | PUSH2 used: stock_common.sc_datasource.get_em_fund_flow
2026-08-03 11:01:04,114 | WARNING | PUSH2 used: stock_common.sc_datasource.get_em_fund_flow
2026-08-03 11:01:05,140 | WARNING | PUSH2 used: stock_common.sc_datasource.get_em_fund_flow
2026-08-03 11:01:06,131 | WARNING | PUSH2 used: stock_common.sc_datasource.get_em_fund_flow
2026-08-03 11:01:07,153 | WARNING | PUSH2 used: stock_common.sc_datasource.get_em_fund_flow
2026-08-03 11:01:08,097 | WARNING | PUSH2 used: stock_common.sc_datasource.get_em_fund_flow
2026-08-03 11:01:09,085 | WARNING | PUSH2 used: stock_common.sc_datasource.get_em_fund_flow
2026-08-03 11:01:10,129 | WARNING | PUSH2 used: stock_common.sc_datasource.get_em_fund_flow
2026-08-03 11:01:11,122 | WARNING | PUSH2 used: stock_common.sc_datasource.get_em_fund_flow
2026-08-03 11:01:12,127 | WARNING | PUSH2 used: stock_common.sc_datasource.get_em_fund_flow
2026-08-03 11:01:13,144 | WARNING | PUSH2 used: stock_common.sc_datasource.get_em_fund_flow
2026-08-03 11:01:14,224 | WARNING | PUSH2 used: stock_common.sc_datasource.get_em_fund_flow
2026-08-03 11:01:15,201 | WARNING | PUSH2 used: stock_common.sc_datasource.get_em_fund_flow
2026-08-03 11:01:16,332 | WARNING | PUSH2 used: stock_common.sc_datasource.get_em_fund_flow
2026-08-03 11:01:16,988 | WARNING | PUSH2 used: stock_common.sc_datasource.get_em_fund_flow
2026-08-03 11:01:18,018 | WARNING | PUSH2 used: stock_common.sc_datasource.get_em_fund_flow
2026-08-03 11:01:18,831 | WARNING | PUSH2 used: stock_common.sc_datasource.get_em_fund_flow
2026-08-03 11:01:20,334 | WARNING | PUSH2 used: stock_common.sc_datasource.get_em_fund_flow
2026-08-03 11:01:20,983 | WARNING | PUSH2 used: stock_common.sc_datasource.get_em_fund_flow
2026-08-03 11:01:21,978 | WARNING | PUSH2 used: stock_common.sc_datasource.get_em_fund_flow
2026-08-03 11:01:22,965 | WARNING | PUSH2 used: stock_common.sc_datasource.get_em_fund_flow
2026-08-03 11:01:24,338 | WARNING | PUSH2 used: stock_common.sc_datasource.get_em_fund_flow
2026-08-03 11:01:24,982 | WARNING | PUSH2 used: stock_common.sc_datasource.get_em_fund_flow
2026-08-03 11:01:25,989 | WARNING | PUSH2 used: stock_common.sc_datasource.get_em_fund_flow
2026-08-03 11:01:26,986 | WARNING | PUSH2 used: stock_common.sc_datasource.get_em_fund_flow
2026-08-03 11:01:27,998 | WARNING | PUSH2 used: stock_common.sc_datasource.get_em_fund_flow
2026-08-03 11:01:28,987 | WARNING | PUSH2 used: stock_common.sc_datasource.get_em_fund_flow
2026-08-03 11:01:29,980 | WARNING | PUSH2 used: stock_common.sc_datasource.get_em_fund_flow
2026-08-03 11:01:30,986 | WARNING | PUSH2 used: stock_common.sc_datasource.get_em_fund_flow
2026-08-03 11:01:31,809 | WARNING | PUSH2 used: stock_common.sc_datasource.get_em_fund_flow
2026-08-03 11:01:33,140 | WARNING | PUSH2 used: stock_common.sc_datasource.get_em_fund_flow
2026-08-03 11:01:34,381 | WARNING | PUSH2 used: stock_common.sc_datasource.get_em_fund_flow
2026-08-03 11:01:35,143 | WARNING | PUSH2 used: stock_common.sc_datasource.get_em_fund_flow
2026-08-03 11:01:36,479 | WARNING | PUSH2 used: stock_common.sc_datasource.get_em_fund_flow
2026-08-03 11:01:37,498 | WARNING | PUSH2 used: stock_common.sc_datasource.get_em_fund_flow
2026-08-03 11:01:38,199 | WARNING | PUSH2 used: stock_common.sc_datasource.get_em_fund_flow
2026-08-03 11:01:39,200 | WARNING | PUSH2 used: stock_common.sc_datasource.get_em_fund_flow
2026-08-03 11:01:40,219 | WARNING | PUSH2 used: stock_common.sc_datasource.get_em_fund_flow
2026-08-03 11:01:41,224 | WARNING | PUSH2 used: stock_common.sc_datasource.get_em_fund_flow
2026-08-03 11:01:42,305 | WARNING | PUSH2 used: stock_common.sc_datasource.get_em_fund_flow
2026-08-03 11:01:43,121 | WARNING | PUSH2 used: stock_common.sc_datasource._fetch_batch
2026-08-03 11:02:40,944 | WARNING | PUSH2 used: stock_common.sc_datasource.get_em_board_list
2026-08-03 11:05:43,224 | WARNING | PUSH2 used: stock_common.sc_datasource.get_em_board_list
2026-08-03 11:05:43,956 | WARNING | PUSH2 used: stock_common.sc_datasource.get_em_board_members
2026-08-03 11:05:44,019 | WARNING | PUSH2 used: stock_common.sc_datasource.get_em_board_members
2026-08-03 11:05:44,486 | WARNING | PUSH2 used: stock_common.sc_datasource.get_em_board_members
2026-08-03 11:05:44,892 | WARNING | PUSH2 used: stock_common.sc_datasource.get_em_board_members
2026-08-03 11:05:45,625 | WARNING | PUSH2 used: stock_common.sc_datasource.get_em_board_members
2026-08-03 11:05:46,642 | WARNING | PUSH2 used: stock_common.sc_datasource.get_em_board_members
2026-08-03 11:05:47,919 | WARNING | PUSH2 used: stock_common.sc_datasource.get_em_board_members
2026-08-03 11:05:48,630 | WARNING | PUSH2 used: stock_common.sc_datasource.get_em_board_members
2026-08-03 11:05:49,658 | WARNING | PUSH2 used: stock_common.sc_datasource.get_em_board_members
2026-08-03 11:05:50,656 | WARNING | PUSH2 used: stock_common.sc_datasource.get_em_board_members
2026-08-03 11:05:51,928 | WARNING | PUSH2 used: stock_common.sc_datasource.get_em_board_members
2026-08-03 11:05:52,664 | WARNING | PUSH2 used: stock_common.sc_datasource.get_em_board_members
2026-08-03 11:05:53,611 | WARNING | PUSH2 used: stock_common.sc_datasource.get_em_board_members
2026-08-03 11:05:54,607 | WARNING | PUSH2 used: stock_common.sc_datasource.get_em_board_members
2026-08-03 11:05:55,609 | WARNING | PUSH2 used: stock_common.sc_datasource.get_em_board_members
2026-08-03 11:05:56,611 | WARNING | PUSH2 used: stock_common.sc_datasource.get_em_board_members
2026-08-03 11:05:57,619 | WARNING | PUSH2 used: stock_common.sc_datasource.get_em_board_members
2026-08-03 11:05:58,602 | WARNING | PUSH2 used: stock_common.sc_datasource.get_em_board_members
2026-08-03 11:05:59,610 | WARNING | PUSH2 used: stock_common.sc_datasource.get_em_board_members
2026-08-03 11:06:00,598 | WARNING | PUSH2 used: stock_common.sc_datasource.get_em_board_members
2026-08-03 11:06:01,884 | WARNING | PUSH2 used: stock_common.sc_datasource.get_em_board_members
2026-08-03 11:06:02,612 | WARNING | PUSH2 used: stock_common.sc_datasource.get_em_board_members
2026-08-03 11:06:03,623 | WARNING | PUSH2 used: stock_common.sc_datasource.get_em_board_members
2026-08-03 11:06:04,618 | WARNING | PUSH2 used: stock_common.sc_datasource.get_em_board_members
2026-08-03 11:06:05,620 | WARNING | PUSH2 used: stock_common.sc_datasource.get_em_board_members
2026-08-03 11:06:06,622 | WARNING | PUSH2 used: stock_common.sc_datasource.get_em_board_members
2026-08-03 11:06:07,745 | WARNING | PUSH2 used: stock_common.sc_datasource.get_em_board_members
2026-08-03 11:06:08,773 | WARNING | PUSH2 used: stock_common.sc_datasource.get_em_board_members
2026-08-03 11:06:09,820 | WARNING | PUSH2 used: stock_common.sc_datasource.get_em_board_members
2026-08-03 11:06:10,773 | WARNING | PUSH2 used: stock_common.sc_datasource.get_em_board_members
2026-08-03 11:06:11,764 | WARNING | PUSH2 used: stock_common.sc_datasource.get_em_board_members
2026-08-03 11:06:12,817 | WARNING | PUSH2 used: stock_common.sc_datasource.get_em_board_members
2026-08-03 11:06:13,804 | WARNING | PUSH2 used: stock_common.sc_datasource.get_em_board_members
2026-08-03 11:06:14,912 | WARNING | PUSH2 used: stock_common.sc_datasource.get_em_board_members
2026-08-03 11:06:15,341 | WARNING | PUSH2 used: stock_common.sc_datasource.get_em_board_members
2026-08-03 11:06:16,935 | WARNING | PUSH2 used: stock_common.sc_datasource.get_em_board_members
2026-08-03 11:06:17,511 | WARNING | PUSH2 used: stock_common.sc_datasource.get_em_board_members
2026-08-03 11:06:18,521 | WARNING | PUSH2 used: stock_common.sc_datasource.get_em_board_members
2026-08-03 11:06:19,513 | WARNING | PUSH2 used: stock_common.sc_datasource.get_em_board_members
2026-08-03 11:06:20,430 | WARNING | PUSH2 used: stock_common.sc_datasource.get_em_board_members
2026-08-03 11:06:21,949 | WARNING | PUSH2 used: stock_common.sc_datasource.get_em_board_members
2026-08-03 11:06:22,347 | WARNING | PUSH2 used: stock_common.sc_datasource.get_em_board_members
2026-08-03 11:06:23,936 | WARNING | PUSH2 used: stock_common.sc_datasource.get_em_board_members
2026-08-03 11:06:24,509 | WARNING | PUSH2 used: stock_common.sc_datasource.get_em_board_members
2026-08-03 11:06:25,515 | WARNING | PUSH2 used: stock_common.sc_datasource.get_em_board_members
2026-08-03 11:06:26,507 | WARNING | PUSH2 used: stock_common.sc_datasource.get_em_board_members
2026-08-03 11:06:27,508 | WARNING | PUSH2 used: stock_common.sc_datasource.get_em_board_members
2026-08-03 11:06:28,509 | WARNING | PUSH2 used: stock_common.sc_datasource.get_em_board_members
2026-08-03 11:06:29,508 | WARNING | PUSH2 used: stock_common.sc_datasource.get_em_board_members
2026-08-03 11:06:30,511 | WARNING | PUSH2 used: stock_common.sc_datasource.get_em_board_members
2026-08-03 11:07:41,989 | WARNING | PUSH2 used: stock_common.sc_datasource.get_em_board_members
2026-08-03 11:07:42,527 | WARNING | PUSH2 used: stock_common.sc_datasource.get_em_board_members
2026-08-03 11:07:43,082 | WARNING | PUSH2 used: stock_common.sc_datasource.get_em_board_members
2026-08-03 11:07:43,610 | WARNING | PUSH2 used: stock_common.sc_datasource.get_em_board_members
2026-08-03 11:07:44,112 | WARNING | PUSH2 used: stock_common.sc_datasource.get_em_board_members
2026-08-03 11:07:44,630 | WARNING | PUSH2 used: stock_common.sc_datasource.get_em_board_members
2026-08-03 11:07:45,467 | WARNING | PUSH2 used: stock_common.sc_datasource.get_em_board_members
2026-08-03 11:07:46,461 | WARNING | PUSH2 used: stock_common.sc_datasource.get_em_board_members
2026-08-03 11:07:47,465 | WARNING | PUSH2 used: stock_common.sc_datasource.get_em_board_members
2026-08-03 11:07:48,469 | WARNING | PUSH2 used: stock_common.sc_datasource.get_em_board_members
2026-08-03 11:08:52,774 | WARNING | PUSH2 used: stock_common.sc_datasource.get_em_board_list
2026-08-03 11:08:53,561 | WARNING | PUSH2 used: stock_common.sc_datasource.get_em_board_members
2026-08-03 11:08:53,846 | WARNING | PUSH2 used: stock_common.sc_datasource.get_em_board_members
2026-08-03 11:08:54,132 | WARNING | PUSH2 used: stock_common.sc_datasource.get_em_board_members
2026-08-03 11:08:54,423 | WARNING | PUSH2 used: stock_common.sc_datasource.get_em_board_members
2026-08-03 11:08:55,061 | WARNING | PUSH2 used: stock_common.sc_datasource.get_em_board_members
2026-08-03 11:08:56,063 | WARNING | PUSH2 used: stock_common.sc_datasource.get_em_board_members
2026-08-03 11:08:57,061 | WARNING | PUSH2 used: stock_common.sc_datasource.get_em_board_members
2026-08-03 11:08:58,065 | WARNING | PUSH2 used: stock_common.sc_datasource.get_em_board_members
2026-08-03 11:08:59,060 | WARNING | PUSH2 used: stock_common.sc_datasource.get_em_board_members
2026-08-03 11:09:00,062 | WARNING | PUSH2 used: stock_common.sc_datasource.get_em_board_members
2026-08-03 11:09:01,061 | WARNING | PUSH2 used: stock_common.sc_datasource.get_em_board_members
2026-08-03 11:09:02,064 | WARNING | PUSH2 used: stock_common.sc_datasource.get_em_board_members
2026-08-03 11:09:03,060 | WARNING | PUSH2 used: stock_common.sc_datasource.get_em_board_members
2026-08-03 11:09:04,066 | WARNING | PUSH2 used: stock_common.sc_datasource.get_em_board_members
2026-08-03 11:09:05,063 | WARNING | PUSH2 used: stock_common.sc_datasource.get_em_board_members
2026-08-03 11:09:06,066 | WARNING | PUSH2 used: stock_common.sc_datasource.get_em_board_members
2026-08-03 11:09:07,063 | WARNING | PUSH2 used: stock_common.sc_datasource.get_em_board_members
2026-08-03 11:09:08,063 | WARNING | PUSH2 used: stock_common.sc_datasource.get_em_board_members
2026-08-03 11:09:09,062 | WARNING | PUSH2 used: stock_common.sc_datasource.get_em_board_members
2026-08-03 11:09:10,012 | WARNING | PUSH2 used: stock_common.sc_datasource.get_em_board_members
2026-08-03 11:09:11,384 | WARNING | PUSH2 used: stock_common.sc_datasource.get_em_board_members
2026-08-03 11:09:12,284 | WARNING | PUSH2 used: stock_common.sc_datasource.get_em_board_members
2026-08-03 11:09:13,281 | WARNING | PUSH2 used: stock_common.sc_datasource.get_em_board_members
2026-08-03 11:09:14,272 | WARNING | PUSH2 used: stock_common.sc_datasource.get_em_board_members
2026-08-03 11:09:15,273 | WARNING | PUSH2 used: stock_common.sc_datasource.get_em_board_members
2026-08-03 11:09:16,281 | WARNING | PUSH2 used: stock_common.sc_datasource.get_em_board_members
2026-08-03 11:09:17,286 | WARNING | PUSH2 used: stock_common.sc_datasource.get_em_board_members
2026-08-03 11:09:18,277 | WARNING | PUSH2 used: stock_common.sc_datasource.get_em_board_members
2026-08-03 11:09:19,269 | WARNING | PUSH2 used: stock_common.sc_datasource.get_em_board_members
2026-08-03 11:09:20,269 | WARNING | PUSH2 used: stock_common.sc_datasource.get_em_board_members
2026-08-03 11:09:21,281 | WARNING | PUSH2 used: stock_common.sc_datasource.get_em_board_members
2026-08-03 11:09:22,256 | WARNING | PUSH2 used: stock_common.sc_datasource.get_em_board_members
2026-08-03 11:09:23,264 | WARNING | PUSH2 used: stock_common.sc_datasource.get_em_board_members
2026-08-03 11:09:24,279 | WARNING | PUSH2 used: stock_common.sc_datasource.get_em_board_members
2026-08-03 11:09:25,285 | WARNING | PUSH2 used: stock_common.sc_datasource.get_em_board_members
2026-08-03 11:09:26,277 | WARNING | PUSH2 used: stock_common.sc_datasource.get_em_board_members
2026-08-03 11:09:27,277 | WARNING | PUSH2 used: stock_common.sc_datasource.get_em_board_members
2026-08-03 11:09:28,267 | WARNING | PUSH2 used: stock_common.sc_datasource.get_em_board_members
2026-08-03 11:09:29,282 | WARNING | PUSH2 used: stock_common.sc_datasource.get_em_board_members
2026-08-03 11:09:30,294 | WARNING | PUSH2 used: stock_common.sc_datasource.get_em_board_members
2026-08-03 11:09:31,259 | WARNING | PUSH2 used: stock_common.sc_datasource.get_em_board_members
2026-08-03 11:09:32,283 | WARNING | PUSH2 used: stock_common.sc_datasource.get_em_board_members
2026-08-03 11:09:33,279 | WARNING | PUSH2 used: stock_common.sc_datasource.get_em_board_members
2026-08-03 11:09:34,317 | WARNING | PUSH2 used: stock_common.sc_datasource.get_em_board_members
2026-08-03 11:09:35,345 | WARNING | PUSH2 used: stock_common.sc_datasource.get_em_board_members
2026-08-03 11:09:36,430 | WARNING | PUSH2 used: stock_common.sc_datasource.get_em_board_members
2026-08-03 11:09:37,059 | WARNING | PUSH2 used: stock_common.sc_datasource.get_em_board_members
2026-08-03 11:09:37,988 | WARNING | PUSH2 used: stock_common.sc_datasource.get_em_board_members
2026-08-03 11:09:39,431 | WARNING | PUSH2 used: stock_common.sc_datasource.get_em_board_members
2026-08-03 11:09:40,056 | WARNING | PUSH2 used: stock_common.sc_datasource.get_em_board_members
2026-08-03 11:10:52,317 | WARNING | PUSH2 used: stock_common.sc_datasource.get_em_board_members
2026-08-03 11:10:52,772 | WARNING | PUSH2 used: stock_common.sc_datasource.get_em_board_members
2026-08-03 11:10:53,166 | WARNING | PUSH2 used: stock_common.sc_datasource.get_em_board_members
2026-08-03 11:10:53,568 | WARNING | PUSH2 used: stock_common.sc_datasource.get_em_board_members
2026-08-03 11:10:53,958 | WARNING | PUSH2 used: stock_common.sc_datasource.get_em_board_members
2026-08-03 11:10:54,749 | WARNING | PUSH2 used: stock_common.sc_datasource.get_em_board_members
2026-08-03 11:10:55,728 | WARNING | PUSH2 used: stock_common.sc_datasource.get_em_board_members
2026-08-03 11:10:56,719 | WARNING | PUSH2 used: stock_common.sc_datasource.get_em_board_members
2026-08-03 11:10:57,728 | WARNING | PUSH2 used: stock_common.sc_datasource.get_em_board_members
2026-08-03 11:10:58,718 | WARNING | PUSH2 used: stock_common.sc_datasource.get_em_board_members
2026-08-03 11:16:44,284 | WARNING | PUSH2 used: stock_common.sc_datasource.get_em_board_list
2026-08-03 11:16:45,075 | WARNING | PUSH2 used: stock_common.sc_datasource.get_em_board_members
2026-08-03 11:16:45,365 | WARNING | PUSH2 used: stock_common.sc_datasource.get_em_board_members
2026-08-03 11:16:45,653 | WARNING | PUSH2 used: stock_common.sc_datasource.get_em_board_members
2026-08-03 11:16:45,939 | WARNING | PUSH2 used: stock_common.sc_datasource.get_em_board_members
2026-08-03 11:16:46,573 | WARNING | PUSH2 used: stock_common.sc_datasource.get_em_board_members
2026-08-03 11:16:47,576 | WARNING | PUSH2 used: stock_common.sc_datasource.get_em_board_members
2026-08-03 11:16:48,571 | WARNING | PUSH2 used: stock_common.sc_datasource.get_em_board_members
2026-08-03 11:16:49,575 | WARNING | PUSH2 used: stock_common.sc_datasource.get_em_board_members
2026-08-03 11:16:50,571 | WARNING | PUSH2 used: stock_common.sc_datasource.get_em_board_members
2026-08-03 11:16:51,573 | WARNING | PUSH2 used: stock_common.sc_datasource.get_em_board_members
2026-08-03 11:16:52,579 | WARNING | PUSH2 used: stock_common.sc_datasource.get_em_board_members
2026-08-03 11:16:53,572 | WARNING | PUSH2 used: stock_common.sc_datasource.get_em_board_members
2026-08-03 11:16:54,401 | WARNING | PUSH2 used: stock_common.sc_datasource.get_em_board_members
2026-08-03 11:16:55,788 | WARNING | PUSH2 used: stock_common.sc_datasource.get_em_board_members
2026-08-03 11:16:56,788 | WARNING | PUSH2 used: stock_common.sc_datasource.get_em_board_members
2026-08-03 11:16:57,790 | WARNING | PUSH2 used: stock_common.sc_datasource.get_em_board_members
2026-08-03 11:16:58,791 | WARNING | PUSH2 used: stock_common.sc_datasource.get_em_board_members
2026-08-03 11:16:59,782 | WARNING | PUSH2 used: stock_common.sc_datasource.get_em_board_members
2026-08-03 11:17:00,783 | WARNING | PUSH2 used: stock_common.sc_datasource.get_em_board_members
2026-08-03 11:17:01,781 | WARNING | PUSH2 used: stock_common.sc_datasource.get_em_board_members
2026-08-03 11:17:02,774 | WARNING | PUSH2 used: stock_common.sc_datasource.get_em_board_members
2026-08-03 11:17:03,776 | WARNING | PUSH2 used: stock_common.sc_datasource.get_em_board_members
2026-08-03 11:17:04,809 | WARNING | PUSH2 used: stock_common.sc_datasource.get_em_board_members
2026-08-03 11:17:05,788 | WARNING | PUSH2 used: stock_common.sc_datasource.get_em_board_members
2026-08-03 11:17:06,805 | WARNING | PUSH2 used: stock_common.sc_datasource.get_em_board_members
2026-08-03 11:17:07,769 | WARNING | PUSH2 used: stock_common.sc_datasource.get_em_board_members
2026-08-03 11:17:08,778 | WARNING | PUSH2 used: stock_common.sc_datasource.get_em_board_members
2026-08-03 11:17:09,780 | WARNING | PUSH2 used: stock_common.sc_datasource.get_em_board_members
2026-08-03 11:17:10,790 | WARNING | PUSH2 used: stock_common.sc_datasource.get_em_board_members
2026-08-03 11:17:11,794 | WARNING | PUSH2 used: stock_common.sc_datasource.get_em_board_members
2026-08-03 11:17:12,766 | WARNING | PUSH2 used: stock_common.sc_datasource.get_em_board_members
2026-08-03 11:17:13,801 | WARNING | PUSH2 used: stock_common.sc_datasource.get_em_board_members
2026-08-03 11:17:14,790 | WARNING | PUSH2 used: stock_common.sc_datasource.get_em_board_members
2026-08-03 11:17:15,781 | WARNING | PUSH2 used: stock_common.sc_datasource.get_em_board_members
2026-08-03 11:17:16,820 | WARNING | PUSH2 used: stock_common.sc_datasource.get_em_board_members
2026-08-03 11:17:17,797 | WARNING | PUSH2 used: stock_common.sc_datasource.get_em_board_members
2026-08-03 11:17:18,801 | WARNING | PUSH2 used: stock_common.sc_datasource.get_em_board_members
2026-08-03 11:17:19,792 | WARNING | PUSH2 used: stock_common.sc_datasource.get_em_board_members
2026-08-03 11:17:20,783 | WARNING | PUSH2 used: stock_common.sc_datasource.get_em_board_members
2026-08-03 11:17:21,738 | WARNING | PUSH2 used: stock_common.sc_datasource.get_em_board_members
2026-08-03 11:17:22,698 | WARNING | PUSH2 used: stock_common.sc_datasource.get_em_board_members
2026-08-03 11:17:23,694 | WARNING | PUSH2 used: stock_common.sc_datasource.get_em_board_members
2026-08-03 11:17:24,783 | WARNING | PUSH2 used: stock_common.sc_datasource.get_em_board_members
2026-08-03 11:17:25,699 | WARNING | PUSH2 used: stock_common.sc_datasource.get_em_board_members
2026-08-03 11:17:26,894 | WARNING | PUSH2 used: stock_common.sc_datasource.get_em_board_members
2026-08-03 11:17:27,557 | WARNING | PUSH2 used: stock_common.sc_datasource.get_em_board_members
2026-08-03 11:17:28,550 | WARNING | PUSH2 used: stock_common.sc_datasource.get_em_board_members
2026-08-03 11:17:29,549 | WARNING | PUSH2 used: stock_common.sc_datasource.get_em_board_members
2026-08-03 11:17:30,550 | WARNING | PUSH2 used: stock_common.sc_datasource.get_em_board_members
2026-08-03 11:17:31,350 | WARNING | PUSH2 used: stock_common.sc_datasource.get_em_board_members
2026-08-03 11:17:45,244 | WARNING | PUSH2 used: stock_common.sc_datasource.get_em_board_members
2026-08-03 11:17:45,853 | WARNING | PUSH2 used: stock_common.sc_datasource.get_em_board_members
2026-08-03 11:17:46,115 | WARNING | PUSH2 used: stock_common.sc_datasource.get_em_board_members
2026-08-03 11:17:46,381 | WARNING | PUSH2 used: stock_common.sc_datasource.get_em_board_members
2026-08-03 11:17:46,651 | WARNING | PUSH2 used: stock_common.sc_datasource.get_em_board_members
2026-08-03 11:17:47,439 | WARNING | PUSH2 used: stock_common.sc_datasource.get_em_board_members
2026-08-03 11:17:48,648 | WARNING | PUSH2 used: stock_common.sc_datasource.get_em_board_members
2026-08-03 11:17:49,700 | WARNING | PUSH2 used: stock_common.sc_datasource.get_em_board_members
2026-08-03 11:17:50,653 | WARNING | PUSH2 used: stock_common.sc_datasource.get_em_board_members
2026-08-03 11:17:51,654 | WARNING | PUSH2 used: stock_common.sc_datasource.get_em_board_members
2026-08-03 11:18:43,841 | WARNING | PUSH2 used: stock_common.sc_datasource.get_em_fund_flow
2026-08-03 11:18:45,196 | WARNING | PUSH2 used: stock_common.sc_datasource.get_em_fund_flow
2026-08-03 11:18:45,751 | WARNING | PUSH2 used: stock_common.sc_datasource.get_em_quote_full
2026-08-03 11:18:46,151 | WARNING | PUSH2 used: stock_common.sc_datasource.get_em_fund_flow
2026-08-03 12:50:40,109 | WARNING | PUSH2 used: stock_common.sc_datasource.get_em_fund_flow
2026-08-03 12:50:40,807 | WARNING | PUSH2 used: stock_common.sc_datasource.get_em_fund_flow
2026-08-03 12:50:41,311 | WARNING | PUSH2 used: stock_common.sc_datasource.get_em_quote_full
2026-08-03 12:50:41,675 | WARNING | PUSH2 used: stock_common.sc_datasource.get_em_fund_flow
2026-08-03 13:04:22,221 | WARNING | PUSH2 used: stock_common.sc_datasource.get_em_fund_flow
2026-08-03 13:04:23,029 | WARNING | PUSH2 used: stock_common.sc_datasource.get_em_fund_flow
2026-08-03 13:04:25,106 | WARNING | PUSH2 used: stock_common.sc_datasource.get_em_fund_flow
2026-08-03 13:05:11,418 | WARNING | PUSH2 used: stock_common.sc_datasource.get_em_fund_flow
2026-08-03 13:05:12,227 | WARNING | PUSH2 used: stock_common.sc_datasource.get_em_fund_flow
2026-08-03 13:05:14,378 | WARNING | PUSH2 used: stock_common.sc_datasource.get_em_fund_flow
2026-08-03 13:06:16,761 | WARNING | PUSH2 used: stock_common.sc_datasource.get_em_fund_flow
2026-08-03 13:06:17,461 | WARNING | PUSH2 used: stock_common.sc_datasource.get_em_fund_flow
2026-08-03 13:06:19,612 | WARNING | PUSH2 used: stock_common.sc_datasource.get_em_fund_flow
2026-08-03 13:07:04,054 | WARNING | PUSH2 used: stock_common.sc_datasource.get_em_fund_flow
2026-08-03 13:08:29,005 | WARNING | PUSH2 used: stock_common.sc_datasource.get_em_fund_flow
2026-08-03 13:09:17,522 | WARNING | PUSH2 used: stock_common.sc_datasource.get_em_fund_flow
2026-08-03 13:09:18,399 | WARNING | PUSH2 used: stock_common.sc_datasource.get_em_fund_flow
2026-08-03 13:09:20,181 | WARNING | PUSH2 used: stock_common.sc_datasource.get_em_fund_flow
2026-08-03 13:17:23,770 | WARNING | PUSH2 used: stock_common.sc_datasource.get_em_fund_flow
2026-08-03 13:17:24,448 | WARNING | PUSH2 used: stock_common.sc_datasource.get_em_fund_flow
2026-08-03 13:17:26,510 | WARNING | PUSH2 used: stock_common.sc_datasource.get_em_fund_flow
2026-08-03 13:22:39,487 | WARNING | PUSH2 used: stock_common.sc_datasource.get_em_fund_flow
2026-08-03 13:22:40,315 | WARNING | PUSH2 used: stock_common.sc_datasource.get_em_fund_flow
2026-08-03 13:22:42,346 | WARNING | PUSH2 used: stock_common.sc_datasource.get_em_fund_flow
2026-08-03 13:28:42,056 | WARNING | PUSH2 used: stock_common.sc_datasource.get_em_fund_flow
2026-08-03 13:28:43,002 | WARNING | PUSH2 used: stock_common.sc_datasource.get_em_fund_flow
2026-08-03 13:28:44,809 | WARNING | PUSH2 used: stock_common.sc_datasource.get_em_fund_flow
2026-08-03 13:33:09,748 | WARNING | PUSH2 used: stock_common.sc_datasource.get_em_fund_flow
2026-08-03 13:33:10,470 | WARNING | PUSH2 used: stock_common.sc_datasource.get_em_fund_flow
2026-08-03 13:33:12,467 | WARNING | PUSH2 used: stock_common.sc_datasource.get_em_fund_flow
2026-08-03 13:42:13,339 | WARNING | PUSH2 used: stock_common.sc_datasource.get_em_fund_flow
2026-08-03 13:42:14,370 | WARNING | PUSH2 used: stock_common.sc_datasource.get_em_fund_flow
2026-08-03 13:42:16,160 | WARNING | PUSH2 used: stock_common.sc_datasource.get_em_fund_flow
2026-08-03 13:59:29,268 | WARNING | PUSH2 used: stock_common.sc_datasource.get_em_fund_flow
2026-08-03 13:59:29,987 | WARNING | PUSH2 used: stock_common.sc_datasource.get_em_fund_flow
2026-08-03 13:59:31,947 | WARNING | PUSH2 used: stock_common.sc_datasource.get_em_fund_flow
2026-08-03 14:34:07,435 | WARNING | PUSH2 used: stock_common.sc_datasource.get_em_fund_flow
2026-08-03 14:34:08,350 | WARNING | PUSH2 used: stock_common.sc_datasource.get_em_fund_flow
2026-08-03 14:34:10,137 | WARNING | PUSH2 used: stock_common.sc_datasource.get_em_fund_flow
2026-08-03 14:44:59,592 | WARNING | PUSH2 used: stock_common.sc_datasource.get_em_fund_flow
2026-08-03 14:45:00,392 | WARNING | PUSH2 used: stock_common.sc_datasource.get_em_fund_flow
2026-08-03 14:45:02,410 | WARNING | PUSH2 used: stock_common.sc_datasource.get_em_fund_flow
2026-08-03 14:49:20,190 | WARNING | PUSH2 used: stock_common.sc_datasource.get_em_fund_flow
2026-08-03 14:49:20,842 | WARNING | PUSH2 used: stock_common.sc_datasource.get_em_fund_flow
2026-08-03 14:49:22,778 | WARNING | PUSH2 used: stock_common.sc_datasource.get_em_fund_flow
2026-08-03 15:05:23,334 | WARNING | PUSH2 used: stock_common.sc_datasource.get_em_fund_flow
2026-08-03 15:05:24,124 | WARNING | PUSH2 used: stock_common.sc_datasource.get_em_fund_flow
2026-08-03 15:05:26,159 | WARNING | PUSH2 used: stock_common.sc_datasource.get_em_fund_flow
2026-08-03 15:10:55,715 | WARNING | PUSH2 used: stock_common.sc_datasource.get_em_fund_flow
2026-08-03 15:10:56,375 | WARNING | PUSH2 used: stock_common.sc_datasource.get_em_fund_flow
2026-08-03 15:10:58,318 | WARNING | PUSH2 used: stock_common.sc_datasource.get_em_fund_flow
2026-08-03 15:31:57,273 | WARNING | PUSH2 used: stock_common.sc_datasource.get_em_fund_flow
2026-08-03 15:31:58,012 | WARNING | PUSH2 used: stock_common.sc_datasource.get_em_fund_flow
2026-08-03 15:31:59,985 | WARNING | PUSH2 used: stock_common.sc_datasource.get_em_fund_flow
2026-08-03 15:45:40,024 | WARNING | PUSH2 used: stock_common.sc_datasource.get_board_fund_flow
2026-08-03 15:46:13,286 | WARNING | PUSH2 used: stock_common.sc_datasource.get_board_fund_flow
2026-08-03 15:46:39,262 | WARNING | PUSH2 used: stock_common.sc_datasource.get_board_fund_flow
2026-08-03 15:50:08,702 | WARNING | PUSH2 used: stock_common.sc_datasource.get_em_fund_flow
2026-08-03 15:50:09,559 | WARNING | PUSH2 used: stock_common.sc_datasource.get_em_fund_flow
2026-08-03 15:50:11,504 | WARNING | PUSH2 used: stock_common.sc_datasource.get_em_fund_flow
2026-08-03 16:01:51,102 | WARNING | PUSH2 used: stock_common.sc_datasource.get_limit_up_pool
2026-08-03 16:07:47,781 | WARNING | PUSH2 used: stock_common.sc_datasource.em_hot_rank
2026-08-03 16:08:40,459 | WARNING | PUSH2 used: stock_common.sc_datasource.get_em_fund_flow
2026-08-03 16:08:41,150 | WARNING | PUSH2 used: stock_common.sc_datasource.get_em_fund_flow
2026-08-03 16:08:42,771 | WARNING | PUSH2 used: stock_common.sc_datasource.get_em_fund_flow
2026-08-03 16:13:24,286 | WARNING | PUSH2 used: stock_common.sc_datasource.get_em_fund_flow
2026-08-03 16:13:25,096 | WARNING | PUSH2 used: stock_common.sc_datasource.get_em_fund_flow
2026-08-03 16:13:26,695 | WARNING | PUSH2 used: stock_common.sc_datasource.get_em_fund_flow
2026-08-04 09:46:49,727 | WARNING | PUSH2 used: stock_common.sc_datasource.get_em_board_list
2026-08-04 09:46:50,185 | WARNING | PUSH2 used: stock_common.sc_datasource._get_eastmoney_industry_sectors
2026-08-04 09:47:25,473 | WARNING | PUSH2 used: stock_common.sc_datasource.get_em_fund_flow
2026-08-04 09:47:27,010 | WARNING | PUSH2 used: stock_common.sc_datasource.get_em_history_fund_flow
2026-08-04 09:47:37,951 | WARNING | PUSH2 used: stock_common.sc_datasource.get_limit_pool_summary
2026-08-04 09:47:37,954 | WARNING | PUSH2 used: stock_common.sc_datasource.get_limit_down_pool
2026-08-04 09:48:20,005 | WARNING | PUSH2 used: stock_common.sc_datasource.get_em_fund_flow
2026-08-04 09:48:26,275 | WARNING | PUSH2 used: stock_common.sc_datasource.get_em_history_fund_flow
2026-08-04 09:48:37,212 | WARNING | PUSH2 used: stock_common.sc_datasource.get_em_board_list
2026-08-04 09:49:09,959 | WARNING | PUSH2 used: stock_common.sc_datasource.get_em_fund_flow
2026-08-04 09:49:49,633 | WARNING | PUSH2 used: stock_common.sc_datasource.get_em_fund_flow
2026-08-04 09:49:56,839 | WARNING | PUSH2 used: stock_common.sc_datasource.get_em_fund_flow
2026-08-04 09:49:57,593 | WARNING | PUSH2 used: stock_common.sc_datasource.get_em_fund_flow
2026-08-04 09:49:57,672 | WARNING | PUSH2 used: stock_common.sc_datasource.get_em_history_fund_flow
2026-08-04 09:58:55,670 | WARNING | PUSH2 used: stock_common.sc_datasource.get_em_fund_flow
2026-08-04 09:58:56,453 | WARNING | PUSH2 used: stock_common.sc_datasource.get_em_fund_flow
2026-08-04 09:58:58,433 | WARNING | PUSH2 used: stock_common.sc_datasource.get_em_fund_flow
2026-08-04 11:22:36,577 | WARNING | PUSH2 used: stock_common.sc_datasource.get_em_fund_flow
2026-08-04 11:22:37,543 | WARNING | PUSH2 used: stock_common.sc_datasource.get_em_fund_flow
2026-08-04 11:22:39,321 | WARNING | PUSH2 used: stock_common.sc_datasource.get_em_fund_flow
2026-08-04 12:33:50,856 | WARNING | PUSH2 used: stock_common.sc_datasource.get_em_quote_full
2026-08-04 13:05:12,756 | WARNING | PUSH2 used: stock_common.sc_datasource.get_em_fund_flow
2026-08-04 13:05:13,591 | WARNING | PUSH2 used: stock_common.sc_datasource.get_em_fund_flow
2026-08-04 13:05:15,175 | WARNING | PUSH2 used: stock_common.sc_datasource.get_em_fund_flow
2026-08-04 13:10:28,590 | WARNING | PUSH2 used: stock_common.sc_datasource.get_em_fund_flow
2026-08-04 13:10:29,498 | WARNING | PUSH2 used: stock_common.sc_datasource.get_em_fund_flow
2026-08-04 13:10:31,648 | WARNING | PUSH2 used: stock_common.sc_datasource.get_em_fund_flow
2026-08-04 13:25:17,268 | WARNING | PUSH2 used: stock_common.sc_datasource.eastmoney_stock_info_push2
2026-08-04 13:25:17,837 | WARNING | PUSH2 used: stock_common.sc_datasource.eastmoney_stock_info_push2
2026-08-04 13:25:20,009 | WARNING | PUSH2 used: stock_common.sc_datasource.eastmoney_stock_info_push2
2026-08-04 13:25:22,167 | WARNING | PUSH2 used: stock_common.sc_datasource.eastmoney_stock_info_push2
2026-08-04 13:25:24,354 | WARNING | PUSH2 used: stock_common.sc_datasource.eastmoney_stock_info_push2
2026-08-04 13:25:26,535 | WARNING | PUSH2 used: stock_common.sc_datasource.eastmoney_stock_info_push2
2026-08-04 13:25:28,731 | WARNING | PUSH2 used: stock_common.sc_datasource.eastmoney_stock_info_push2
2026-08-04 13:25:30,933 | WARNING | PUSH2 used: stock_common.sc_datasource.eastmoney_stock_info_push2
2026-08-04 13:25:33,158 | WARNING | PUSH2 used: stock_common.sc_datasource.eastmoney_stock_info_push2
2026-08-04 13:25:35,361 | WARNING | PUSH2 used: stock_common.sc_datasource.eastmoney_stock_info_push2
2026-08-04 13:25:37,645 | WARNING | PUSH2 used: stock_common.sc_datasource.eastmoney_stock_info_push2
2026-08-04 13:25:39,890 | WARNING | PUSH2 used: stock_common.sc_datasource.eastmoney_stock_info_push2
2026-08-04 13:25:42,137 | WARNING | PUSH2 used: stock_common.sc_datasource.eastmoney_stock_info_push2
2026-08-04 13:25:44,396 | WARNING | PUSH2 used: stock_common.sc_datasource.eastmoney_stock_info_push2
2026-08-04 13:25:46,565 | WARNING | PUSH2 used: stock_common.sc_datasource.eastmoney_stock_info_push2
2026-08-04 13:25:48,794 | WARNING | PUSH2 used: stock_common.sc_datasource.eastmoney_stock_info_push2
2026-08-04 13:25:50,998 | WARNING | PUSH2 used: stock_common.sc_datasource.eastmoney_stock_info_push2
2026-08-04 13:25:53,212 | WARNING | PUSH2 used: stock_common.sc_datasource.eastmoney_stock_info_push2
2026-08-04 13:25:55,591 | WARNING | PUSH2 used: stock_common.sc_datasource.eastmoney_stock_info_push2
2026-08-04 13:25:57,517 | WARNING | PUSH2 used: stock_common.sc_datasource.eastmoney_stock_info_push2
2026-08-04 13:25:59,224 | WARNING | PUSH2 used: stock_common.sc_datasource.eastmoney_stock_info_push2
2026-08-04 13:26:01,595 | WARNING | PUSH2 used: stock_common.sc_datasource.eastmoney_stock_info_push2
2026-08-04 13:26:03,284 | WARNING | PUSH2 used: stock_common.sc_datasource.eastmoney_stock_info_push2
2026-08-04 13:26:05,477 | WARNING | PUSH2 used: stock_common.sc_datasource.eastmoney_stock_info_push2
2026-08-04 13:26:07,636 | WARNING | PUSH2 used: stock_common.sc_datasource.eastmoney_stock_info_push2
2026-08-04 13:26:09,844 | WARNING | PUSH2 used: stock_common.sc_datasource.eastmoney_stock_info_push2
2026-08-04 13:26:12,016 | WARNING | PUSH2 used: stock_common.sc_datasource.eastmoney_stock_info_push2
2026-08-04 13:26:14,230 | WARNING | PUSH2 used: stock_common.sc_datasource.eastmoney_stock_info_push2
2026-08-04 13:26:16,440 | WARNING | PUSH2 used: stock_common.sc_datasource.eastmoney_stock_info_push2
2026-08-04 13:26:18,652 | WARNING | PUSH2 used: stock_common.sc_datasource.eastmoney_stock_info_push2
2026-08-04 13:26:20,797 | WARNING | PUSH2 used: stock_common.sc_datasource.eastmoney_stock_info_push2
2026-08-04 13:26:23,007 | WARNING | PUSH2 used: stock_common.sc_datasource.eastmoney_stock_info_push2
2026-08-04 13:26:25,182 | WARNING | PUSH2 used: stock_common.sc_datasource.eastmoney_stock_info_push2
2026-08-04 13:26:27,448 | WARNING | PUSH2 used: stock_common.sc_datasource.eastmoney_stock_info_push2
2026-08-04 13:26:29,614 | WARNING | PUSH2 used: stock_common.sc_datasource.eastmoney_stock_info_push2
2026-08-04 13:26:31,772 | WARNING | PUSH2 used: stock_common.sc_datasource.eastmoney_stock_info_push2
2026-08-04 13:26:33,997 | WARNING | PUSH2 used: stock_common.sc_datasource.eastmoney_stock_info_push2
2026-08-04 13:32:02,846 | WARNING | PUSH2 used: stock_common.sc_datasource.get_em_fund_flow
2026-08-04 13:32:03,665 | WARNING | PUSH2 used: stock_common.sc_datasource.get_em_fund_flow
2026-08-04 13:32:05,656 | WARNING | PUSH2 used: stock_common.sc_datasource.get_em_fund_flow
2026-08-04 13:59:36,730 | WARNING | PUSH2 used: stock_common.sc_datasource.get_em_fund_flow
2026-08-04 13:59:37,706 | WARNING | PUSH2 used: stock_common.sc_datasource.get_em_fund_flow
2026-08-04 13:59:39,518 | WARNING | PUSH2 used: stock_common.sc_datasource.get_em_fund_flow
2026-08-04 15:38:29,616 | WARNING | PUSH2 used: stock_common.sc_datasource.get_em_fund_flow
2026-08-04 15:38:30,424 | WARNING | PUSH2 used: stock_common.sc_datasource.get_em_fund_flow
2026-08-04 15:38:32,497 | WARNING | PUSH2 used: stock_common.sc_datasource.get_em_fund_flow
2026-08-04 15:39:31,789 | WARNING | PUSH2 used: stock_common.sc_datasource.get_em_fund_flow
2026-08-04 15:39:32,549 | WARNING | PUSH2 used: stock_common.sc_datasource.get_em_quote_full
2026-08-04 15:41:35,716 | WARNING | PUSH2 used: stock_common.sc_datasource.get_em_fund_flow
2026-08-04 15:41:36,396 | WARNING | PUSH2 used: stock_common.sc_datasource.get_em_fund_flow
2026-08-04 15:41:38,308 | WARNING | PUSH2 used: stock_common.sc_datasource.get_em_fund_flow
2026-08-04 15:57:37,174 | WARNING | PUSH2 used: stock_common.sc_datasource.get_em_fund_flow
2026-08-04 15:57:37,924 | WARNING | PUSH2 used: stock_common.sc_datasource.get_em_fund_flow
2026-08-04 15:57:39,895 | WARNING | PUSH2 used: stock_common.sc_datasource.get_em_fund_flow
2026-08-04 16:00:25,028 | WARNING | PUSH2 used: stock_common.sc_datasource.get_em_fund_flow
2026-08-04 16:00:25,767 | WARNING | PUSH2 used: stock_common.sc_datasource.get_em_fund_flow
2026-08-04 16:00:27,785 | WARNING | PUSH2 used: stock_common.sc_datasource.get_em_fund_flow
2026-08-04 16:07:11,101 | WARNING | PUSH2 used: stock_common.sc_datasource.get_em_fund_flow
2026-08-04 16:07:11,715 | WARNING | PUSH2 used: stock_common.sc_datasource.get_em_fund_flow
2026-08-04 16:07:13,641 | WARNING | PUSH2 used: stock_common.sc_datasource.get_em_fund_flow
